date,stock_id,Trading_Volume,Trading_money,open,max,min,close,spread,Trading_turnover
2000-10-31,1474,41000,374050,9.0,9.25,9.0,9.25,0.0,23
2000-11-01,1474,86000,775100,8.95,9.1,8.95,9.1,-0.15,26
2000-11-02,1474,19000,176000,9.7,9.7,9.1,9.3,0.2,16
2000-11-03,1474,26000,240900,9.1,9.35,9.1,9.35,0.05,16
2000-11-04,1474,48000,447750,9.35,9.5,9.3,9.3,-0.05,18
2000-11-06,1474,33000,311800,9.1,9.55,9.1,9.2,-0.1,16
2000-11-07,1474,39000,369200,9.2,9.5,9.2,9.3,0.1,13
2000-11-08,1474,110130,1058052,9.3,9.95,9.1,9.95,0.65,52
2000-11-09,1474,58980,580188,9.95,9.95,9.6,9.6,-0.35,36
2000-11-10,1474,40500,398421,9.6,9.9,9.6,9.9,0.3,20
2000-11-13,1474,43305,410953,9.9,9.9,9.3,9.4,-0.5,21
2000-11-14,1474,20500,195174,9.7,9.7,9.4,9.4,0.0,13
2000-11-15,1474,41750,395611,9.5,9.6,9.4,9.4,0.0,20
2000-11-16,1474,59768,543276,9.0,9.1,9.0,9.1,-0.3,29
2000-11-17,1474,115252,1049980,9.0,9.2,9.0,9.2,0.1,40
2000-11-18,1474,78003,708477,9.0,9.15,9.0,9.1,-0.1,27
2000-11-20,1474,97000,832650,8.5,9.0,8.5,8.5,-0.6,22
2000-11-21,1474,164502,1395440,8.3,8.6,8.3,8.6,0.1,30
2000-11-22,1474,192500,1691375,8.5,9.2,8.5,8.8,0.2,49
2000-11-23,1474,57153,506036,8.7,9.2,8.5,9.1,0.3,30
2000-11-24,1474,54004,486036,9.2,9.5,8.9,9.0,-0.1,21
2000-11-27,1474,137713,1291179,9.5,9.6,9.0,9.6,0.6,47
2000-11-28,1474,78282,750675,9.7,9.7,9.35,9.6,0.0,66
2000-11-29,1474,124048,1183100,9.5,9.7,9.4,9.6,0.0,47
2000-11-30,1474,73112,714563,9.5,10.2,9.5,9.9,0.3,39
2000-12-01,1474,50252,488380,9.7,9.8,9.65,9.8,-0.1,24
2000-12-02,1474,60101,594934,9.7,10.1,9.7,9.9,0.1,29
2000-12-04,1474,86000,849300,9.8,10.0,9.8,10.0,0.1,15
2000-12-05,1474,54503,539340,10.2,10.2,9.75,9.8,-0.2,41
2000-12-06,1474,137097,1333345,9.9,9.9,9.6,9.6,-0.2,39
2000-12-07,1474,63249,603973,9.5,9.7,9.4,9.4,-0.2,33
2000-12-08,1474,70162,673114,9.6,9.7,9.4,9.7,0.3,23
2000-12-11,1474,21000,204050,9.5,9.95,9.5,9.7,0.0,13
2000-12-12,1474,125000,1240400,9.6,10.1,9.6,10.1,0.4,40
2000-12-13,1474,192348,2045593,10.1,10.8,10.1,10.65,0.55,90
2000-12-14,1474,184313,1988962,10.8,11.0,10.5,10.6,-0.05,74
2000-12-15,1474,194002,2082370,10.6,11.0,10.6,10.7,0.1,62
2000-12-16,1474,328140,3602989,11.0,11.2,10.75,10.85,0.15,85
2000-12-18,1474,190000,2033650,11.0,11.0,10.6,10.75,-0.1,59
2000-12-19,1474,105052,1141904,10.8,10.95,10.7,10.8,0.05,41
2000-12-20,1474,174001,1859910,10.8,10.8,10.6,10.6,-0.2,53
2000-12-21,1474,91000,947300,10.5,10.5,10.3,10.35,-0.25,30
2000-12-22,1474,54000,565400,10.25,10.6,10.25,10.4,0.05,21
2000-12-26,1474,15002,162070,10.45,11.0,10.3,10.5,0.1,11
2000-12-27,1474,54000,566650,10.7,10.7,10.4,10.4,-0.1,22
2000-12-28,1474,50000,518550,10.3,10.6,10.3,10.45,0.05,22
2000-12-29,1474,8000,83400,10.4,10.45,10.4,10.4,-0.05,7
2000-12-30,1474,254700,2777288,10.5,11.0,10.5,10.85,0.45,65
2001-01-02,1474,166000,1840900,11.2,11.3,10.9,11.2,0.35,66
2001-01-03,1474,253751,2960515,11.2,11.95,11.2,11.5,0.3,91
2001-01-04,1474,414007,5027129,12.1,12.3,11.7,12.2,0.7,120
2001-01-05,1474,251377,3022172,12.5,12.5,11.7,12.4,0.2,75
2001-01-08,1474,100751,1238608,12.0,12.45,12.0,12.2,-0.2,35
2001-01-09,1474,81004,998148,12.0,12.5,12.0,12.5,0.3,33
2001-01-10,1474,269500,3500665,12.9,13.3,12.75,13.3,0.8,71
2001-01-11,1474,378212,5214154,13.05,14.1,13.05,13.7,0.4,112
2001-01-12,1474,261002,3534526,13.5,14.1,13.2,13.7,0.0,55
2001-01-15,1474,148102,1984189,13.6,13.6,13.0,13.5,-0.2,47
2001-01-16,1474,658006,9158780,13.5,14.1,13.5,14.1,0.6,105
2001-01-17,1474,613753,8681706,14.05,14.3,14.0,14.05,-0.05,98
2001-01-18,1474,440002,6087126,13.9,14.0,13.7,13.9,-0.15,79
2001-01-29,1474,98000,1369900,13.1,14.2,13.1,14.0,0.1,44
2001-01-30,1474,44007,609091,13.6,14.1,13.6,13.9,-0.1,29
2001-01-31,1474,126000,1761600,14.2,14.2,13.7,13.8,-0.1,38
2001-02-01,1474,203000,2782400,13.6,13.8,13.6,13.7,-0.1,36
2001-02-02,1474,237003,3324539,13.7,14.2,13.7,13.9,0.2,72
2001-02-05,1474,661300,9734749,14.2,14.85,14.2,14.85,0.95,170
2001-02-06,1474,1126003,17727347,15.8,15.8,15.1,15.5,0.65,259
2001-02-07,1474,620007,9320455,15.5,15.5,14.6,14.6,-0.9,165
2001-02-08,1474,303751,4471553,14.2,15.0,14.2,14.9,0.3,108
2001-02-09,1474,580000,8912200,15.2,15.8,15.1,15.1,0.2,183
2001-02-12,1474,394000,6058600,15.0,15.5,15.0,15.3,0.2,84
2001-02-13,1474,305001,4683615,15.5,15.5,15.1,15.2,-0.1,66
2001-02-14,1474,205500,3118759,15.1,15.4,15.0,15.1,-0.1,63
2001-02-15,1474,495014,7541910,15.1,15.4,15.1,15.1,0.0,123
2001-02-16,1474,324250,4840354,15.2,15.2,14.6,14.6,-0.5,97
2001-02-19,1474,284255,4039201,14.0,14.4,14.0,14.2,-0.4,65
2001-02-20,1474,347011,5148755,14.3,15.1,14.3,14.75,0.55,100
2001-02-21,1474,134751,1965664,14.5,14.85,14.5,14.55,-0.2,51
2001-02-22,1474,253531,3727183,14.55,15.0,14.5,14.5,-0.05,86
2001-02-23,1474,129001,1896164,14.6,14.8,14.5,14.75,0.25,37
2001-02-26,1474,151000,2237000,14.9,15.0,14.6,14.75,0.0,43
2001-02-27,1474,493173,7440337,15.0,15.3,14.9,14.9,0.15,118
2001-03-01,1474,888328,13643760,14.9,15.7,14.9,15.3,0.4,263
2001-03-02,1474,421000,6284500,15.2,15.2,14.8,14.9,-0.4,103
2001-03-05,1474,348001,5256014,15.0,15.3,14.9,15.0,0.1,91
2001-03-06,1474,263707,3993146,15.3,15.3,15.0,15.0,0.0,83
2001-03-07,1474,280000,4217800,15.1,15.2,14.9,15.0,0.0,68
2001-03-08,1474,846010,13303349,15.1,16.0,15.0,16.0,1.0,180
2001-03-09,1474,2377250,40067380,17.1,17.1,16.3,16.9,0.9,479
2001-03-12,1474,3251250,58515402,18.0,18.0,17.9,18.0,1.1,271
2001-03-13,1474,2563460,48379198,18.0,19.2,17.8,18.3,0.3,412
2001-03-14,1474,784544,14600199,18.6,19.0,18.1,18.7,0.4,221
2001-03-15,1474,1222000,22223700,18.7,19.0,17.4,17.4,-1.3,257
2001-03-16,1474,1999022,32809680,16.4,17.4,16.2,16.2,-1.2,393
2001-03-19,1474,1142300,17771133,16.0,16.0,15.3,15.5,-0.7,303
2001-03-20,1474,495951,7837263,15.8,16.0,15.6,15.7,0.2,148
2001-03-21,1474,641258,10335329,15.7,16.5,15.5,16.1,0.4,233
2001-03-22,1474,720578,11906253,16.4,16.7,16.3,16.5,0.4,238
2001-03-23,1474,720002,11616632,16.5,16.5,15.7,16.1,-0.4,184
2001-03-26,1474,453150,7354901,16.2,16.6,15.8,15.8,-0.3,130
2001-03-27,1474,541851,8544876,16.0,16.0,15.5,15.5,-0.3,187
2001-03-28,1474,247211,3866648,15.8,15.8,15.5,15.7,0.2,87
2001-03-29,1474,163700,2557034,15.5,15.7,15.5,15.7,0.0,64
2001-03-30,1474,374202,5988253,15.8,16.3,15.7,16.0,0.3,132
2001-04-02,1474,189754,2993598,16.2,16.2,15.3,15.5,-0.5,87
2001-04-03,1474,297001,4498465,15.3,15.5,14.9,15.1,-0.4,97
2001-04-04,1474,149001,2218515,15.0,15.0,14.65,14.9,-0.2,40
2001-04-06,1474,235000,3523700,15.4,15.4,14.7,14.95,0.05,93
2001-04-09,1474,438003,6840843,15.6,15.9,15.0,15.9,0.95,134
2001-04-10,1474,1420013,23577022,16.8,16.9,16.4,16.9,1.0,373
2001-04-11,1474,1184510,20508172,17.8,17.8,16.5,17.1,0.2,358
2001-04-12,1474,490011,8078987,17.0,17.0,16.2,16.2,-0.9,171
2001-04-13,1474,338515,5415594,16.2,16.4,15.7,15.8,-0.4,160
2001-04-16,1474,1069236,17131607,15.8,16.5,15.8,15.9,0.1,240
2001-04-17,1474,403013,6312103,15.9,15.9,15.4,15.5,-0.4,131
2001-04-18,1474,620312,9636305,15.5,15.7,15.4,15.5,0.0,156
2001-04-19,1474,1081792,16740008,15.6,15.7,15.2,15.4,-0.1,214
2001-04-20,1474,268019,4083489,15.5,15.5,15.1,15.1,-0.3,99
2001-04-23,1474,346518,5319279,15.1,15.5,15.1,15.3,0.2,111
2001-04-24,1474,331318,5155135,15.5,15.8,15.3,15.8,0.5,148
2001-04-25,1474,464038,7359690,15.8,16.2,15.3,15.6,-0.2,170
2001-04-26,1474,133021,2049117,15.8,16.0,15.2,15.2,-0.4,81
2001-04-27,1474,207927,3181809,15.4,15.4,15.2,15.3,0.1,106
2001-04-30,1474,408267,6100261,15.4,15.4,14.6,14.8,-0.5,129
2001-05-02,1474,422128,5981425,14.3,14.6,13.8,14.2,-0.6,139
2001-05-03,1474,67500,953057,14.2,14.4,14.0,14.3,0.1,43
2001-05-04,1474,139000,1967700,14.1,14.5,13.9,14.4,0.1,65
2001-05-07,1474,199000,2808550,14.4,14.8,13.8,13.8,-0.6,71
2001-05-08,1474,126127,1711982,13.8,13.9,13.4,13.6,-0.2,57
2001-05-09,1474,99001,1346413,13.5,13.8,13.4,13.5,-0.1,37
2001-05-10,1474,99502,1325041,13.5,13.5,13.3,13.4,-0.1,31
2001-05-11,1474,157200,2070916,13.4,13.4,12.7,13.2,-0.2,52
2001-05-14,1474,116651,1517547,13.0,13.2,12.85,13.1,-0.1,41
2001-05-15,1474,191000,2596100,13.15,14.0,13.1,13.7,0.6,101
2001-05-16,1474,167006,2265581,13.7,13.8,13.4,13.55,-0.15,71
2001-05-17,1474,271001,3676563,13.7,13.8,13.4,13.5,-0.05,98
2001-05-18,1474,97002,1312976,13.6,13.6,13.4,13.4,-0.1,39
2001-05-21,1474,120020,1584516,13.35,13.35,12.85,12.95,-0.45,56
2001-05-22,1474,66217,864092,13.2,13.3,12.9,12.9,-0.05,38
2001-05-23,1474,183006,2390726,12.9,13.3,12.85,13.3,0.4,75
2001-05-24,1474,106010,1389382,13.3,13.3,13.0,13.05,-0.25,45
2001-05-25,1474,122511,1603781,12.95,13.3,12.8,13.3,0.25,44
2001-05-28,1474,190520,2513228,13.5,13.5,13.0,13.25,-0.05,62
2001-05-29,1474,225011,2968244,13.2,13.25,13.1,13.2,-0.05,65
2001-05-30,1474,223000,2891650,13.1,13.1,12.85,12.95,-0.25,55
2001-05-31,1474,218500,2828639,12.95,13.0,12.9,12.95,0.0,54
2001-06-01,1474,272000,3530500,13.0,13.0,12.85,12.95,0.0,25
2001-06-04,1474,330003,4206586,12.9,12.9,12.5,12.6,-0.35,53
2001-06-05,1474,395010,5038625,12.8,13.0,12.7,13.0,0.4,60
2001-06-06,1474,611003,8080836,13.1,13.5,13.05,13.3,0.3,117
2001-06-07,1474,291011,3795295,13.2,13.2,12.9,13.05,-0.25,58
2001-06-08,1474,595003,7762687,13.15,13.25,12.8,12.8,-0.25,89
2001-06-11,1474,797000,10311200,12.85,13.1,12.8,12.9,0.1,83
2001-06-12,1474,506014,6517628,12.9,13.0,12.7,12.8,-0.1,66
2001-06-13,1474,981011,12893689,12.8,13.5,12.8,13.0,0.2,186
2001-06-14,1474,1726012,23386503,13.15,13.85,13.15,13.85,0.85,357
2001-06-15,1474,1855002,25735177,13.9,14.2,13.6,13.8,-0.05,278
2001-06-18,1474,2598000,35971550,13.85,14.2,13.5,13.75,-0.05,332
2001-06-19,1474,2070023,28339911,13.8,13.8,13.25,13.25,-0.5,246
2001-06-20,1474,1100001,14602392,13.3,13.5,13.0,13.0,-0.25,176
2001-06-21,1474,1189000,15603650,13.2,13.3,12.9,13.1,0.1,188
2001-06-22,1474,745000,9798450,13.2,13.3,12.9,13.0,-0.1,119
2001-06-26,1474,878000,10917750,13.0,13.0,12.1,12.1,-0.9,143
2001-06-27,1474,1017002,11765124,12.1,12.2,11.3,11.3,-0.8,225
2001-06-28,1474,767500,8364919,11.5,11.5,10.65,10.95,-0.35,172
2001-06-29,1474,764101,8485699,11.05,11.3,10.9,11.1,0.15,151
2001-07-02,1474,493002,5363622,11.15,11.15,10.7,11.0,-0.1,88
2001-07-03,1474,417001,4594610,11.2,11.2,10.8,10.9,-0.1,122
2001-07-04,1474,644001,7118860,10.7,11.2,10.7,11.05,0.15,177
2001-07-05,1474,250001,2736660,10.8,11.05,10.8,10.8,-0.25,80
2001-07-06,1474,382001,4092610,10.7,10.9,10.6,10.8,0.0,123
2001-07-09,1474,164000,1783400,11.0,11.0,10.7,10.85,0.05,69
2001-07-10,1474,198001,2158760,10.9,11.0,10.8,10.9,0.05,70
2001-07-11,1474,194010,2062308,10.7,10.9,10.5,10.6,-0.3,65
2001-07-12,1474,128000,1373100,10.7,10.8,10.6,10.8,0.2,51
2001-07-13,1474,652012,7172227,10.9,11.2,10.65,10.65,-0.15,171
2001-07-16,1474,438001,4746060,11.0,11.0,10.7,11.0,0.35,111
2001-07-17,1474,599000,6693500,11.0,11.3,11.0,11.2,0.2,149
2001-07-18,1474,417000,4502950,11.3,11.3,10.6,10.65,-0.55,101
2001-07-19,1474,311062,3231354,10.5,10.75,10.05,10.35,-0.3,107
2001-07-20,1474,152009,1591842,10.35,10.65,10.35,10.6,0.25,62
2001-07-23,1474,212000,2257400,10.7,10.8,10.4,10.4,-0.2,67
2001-07-24,1474,267038,2717142,10.35,10.35,9.85,10.0,-0.4,71
2001-07-25,1474,258009,2584739,10.0,10.1,9.9,10.0,0.0,55
2001-07-26,1474,350030,3583797,10.1,10.5,10.1,10.5,0.5,88
2001-07-27,1474,288001,3021710,10.6,10.6,10.3,10.35,-0.15,56
2001-07-31,1474,336000,3500300,10.3,10.6,10.3,10.55,0.2,65
2001-08-01,1474,404160,4339877,10.6,10.9,10.6,10.8,0.25,95
2001-08-02,1474,215001,2348760,10.9,11.0,10.65,10.9,0.1,76
2001-08-03,1474,114000,1232850,10.9,10.9,10.7,10.85,-0.05,44
2001-08-06,1474,188001,2024260,10.85,10.85,10.7,10.7,-0.15,44
2001-08-07,1474,395000,4301700,11.0,11.0,10.7,11.0,0.3,107
2001-08-08,1474,2048000,23606000,11.2,11.75,11.2,11.35,0.35,368
2001-08-09,1474,740105,8332334,11.4,11.45,11.0,11.1,-0.25,149
2001-08-10,1474,488044,5378485,11.1,11.1,10.9,11.0,-0.1,95
2001-08-13,1474,624000,6833800,10.7,11.2,10.7,10.95,-0.05,129
2001-08-14,1474,3164000,34992350,11.0,11.35,10.7,11.1,0.15,393
2001-08-15,1474,2608570,29310242,11.15,11.4,11.1,11.2,0.1,440
2001-08-16,1474,3948000,44936900,11.3,11.5,11.2,11.4,0.2,330
2001-08-17,1474,3635002,42825772,11.5,12.15,11.5,12.0,0.6,613
2001-08-20,1474,1323234,15476493,11.75,11.9,11.6,11.6,-0.4,293
2001-08-21,1474,1083000,12617850,11.8,11.8,11.5,11.65,0.05,220
2001-08-22,1474,4728000,55520450,11.65,12.0,11.6,11.65,0.0,656
2001-08-23,1474,2733000,27534250,10.0,10.2,9.85,9.85,0.0,577
2001-08-24,1474,1208933,11968489,9.85,10.1,9.8,9.8,-0.05,334
2001-08-27,1474,539350,5185562,9.9,9.9,9.45,9.5,-0.3,162
2001-08-28,1474,485963,4557298,9.4,9.6,9.3,9.4,-0.1,141
2001-08-29,1474,1120000,11081250,9.6,10.05,9.6,10.0,0.6,283
2001-08-30,1474,1061750,10662712,10.0,10.2,9.9,10.05,0.05,259
2001-08-31,1474,560000,5507550,9.95,9.95,9.7,9.85,-0.2,126
2001-09-03,1474,858000,8557750,9.9,10.15,9.9,9.95,0.1,177
2001-09-04,1474,234250,2300325,9.85,9.9,9.8,9.9,-0.05,57
2001-09-05,1474,353000,3470250,9.9,9.95,9.75,9.8,-0.1,70
2001-09-06,1474,384040,3671440,9.8,9.8,9.3,9.5,-0.3,112
2001-09-07,1474,247000,2337650,9.4,9.6,9.35,9.5,0.0,86
2001-09-10,1474,347202,3242757,9.5,9.55,9.2,9.35,-0.15,97
2001-09-11,1474,517000,4846000,9.45,9.6,9.2,9.25,-0.1,138
2001-09-13,1474,856250,7455150,8.65,8.95,8.65,8.85,-0.4,208
2001-09-14,1474,702009,6271329,9.0,9.3,8.7,8.75,-0.1,180
2001-09-19,1474,646295,5578562,8.75,8.95,8.5,8.8,0.05,145
2001-09-20,1474,351151,3093420,8.7,8.95,8.7,8.8,0.0,96
2001-09-21,1474,489751,4189568,8.75,8.75,8.5,8.55,-0.25,118
2001-09-24,1474,247194,2109597,8.45,8.65,8.45,8.6,0.05,63
2001-09-25,1474,363001,3172708,8.8,8.85,8.7,8.7,0.1,89
2001-09-26,1474,210496,1842439,8.8,8.85,8.7,8.85,0.15,72
2001-09-27,1474,185113,1622494,8.8,8.85,8.7,8.85,0.0,44
2001-09-28,1474,355000,3236250,8.85,9.35,8.85,9.2,0.35,105
2001-10-02,1474,1280250,11907887,9.25,9.7,9.05,9.7,0.5,176
2001-10-03,1474,1000000,9718600,9.75,9.8,9.55,9.7,0.0,221
2001-10-04,1474,1177001,11371359,9.8,9.8,9.5,9.7,0.0,185
2001-10-05,1474,483001,4533759,9.7,9.7,9.2,9.2,-0.5,190
2001-10-08,1474,560005,4911945,9.05,9.05,8.6,8.6,-0.6,137
2001-10-09,1474,238402,2063185,8.3,8.8,8.3,8.65,0.05,64
2001-10-11,1474,322103,2847535,8.7,9.0,8.7,8.9,0.25,102
2001-10-12,1474,223002,1957116,9.05,9.05,8.65,8.8,-0.1,62
2001-10-15,1474,170054,1474572,8.8,8.8,8.6,8.65,-0.15,50
2001-10-16,1474,175000,1533200,8.7,8.8,8.6,8.8,0.15,50
2001-10-17,1474,163000,1457600,8.8,9.05,8.8,9.05,0.25,61
2001-10-18,1474,64000,571550,9.05,9.05,8.85,9.0,-0.05,22
2001-10-19,1474,129004,1166082,9.0,9.2,8.9,9.15,0.15,56
2001-10-22,1474,139002,1265918,9.15,9.2,9.0,9.1,-0.05,49
2001-10-23,1474,276001,2527809,9.15,9.2,9.0,9.1,0.0,77
2001-10-24,1474,85400,771269,9.1,9.1,8.9,9.0,-0.1,35
2001-10-25,1474,121304,1081216,9.0,9.0,8.85,8.9,-0.1,47
2001-10-26,1474,155000,1374400,9.0,9.0,8.7,8.95,0.05,35
2001-10-29,1474,109000,970550,9.0,9.0,8.8,8.95,0.0,38
2001-10-30,1474,70000,618150,8.9,8.9,8.8,8.9,-0.05,27
2001-10-31,1474,109000,962550,8.8,8.9,8.8,8.85,-0.05,30
2001-11-01,1474,423001,3819808,8.95,9.15,8.95,9.1,0.25,108
2001-11-02,1474,299000,2741800,9.3,9.3,9.1,9.15,0.05,93
2001-11-05,1474,761250,7134774,9.25,9.5,9.2,9.45,0.3,184
2001-11-06,1474,393000,3684650,9.5,9.5,9.1,9.3,-0.15,102
2001-11-07,1474,219000,2032650,9.3,9.5,9.1,9.2,-0.1,73
2001-11-08,1474,173401,1589319,9.4,9.4,9.1,9.15,-0.05,46
2001-11-09,1474,130000,1192100,9.15,9.3,9.1,9.2,0.05,55
2001-11-12,1474,218006,2036554,9.3,9.4,9.2,9.4,0.2,74
2001-11-13,1474,349001,3263859,9.4,9.45,9.2,9.3,-0.1,95
2001-11-14,1474,967002,9131518,9.4,9.7,9.2,9.55,0.25,235
2001-11-15,1474,2411000,24025700,9.6,10.2,9.6,10.2,0.65,474
2001-11-16,1474,4033001,43354860,10.85,10.85,10.5,10.5,0.3,897
2001-11-19,1474,1447000,15209050,10.7,10.8,10.3,10.4,-0.1,308
2001-11-20,1474,1420600,15009753,10.7,10.7,10.4,10.4,0.0,330
2001-11-21,1474,1237000,13032400,10.4,10.65,10.4,10.55,0.15,316
2001-11-22,1474,658001,6836610,10.45,10.5,10.15,10.2,-0.35,185
2001-11-23,1474,434885,4404068,10.25,10.25,10.05,10.15,-0.05,143
2001-11-26,1474,844351,8490341,10.0,10.15,10.0,10.05,-0.1,236
2001-11-27,1474,1011861,10299678,10.15,10.35,10.1,10.1,0.05,265
2001-11-28,1474,830102,8243163,10.15,10.15,9.8,9.85,-0.25,205
2001-11-29,1474,292304,2870625,9.7,9.9,9.7,9.85,0.0,80
2001-11-30,1474,400704,3950647,9.9,10.0,9.8,9.85,0.0,95
2001-12-03,1474,579165,5808610,10.0,10.1,9.9,10.0,0.15,114
2001-12-04,1474,515756,5128367,10.0,10.05,9.9,10.0,0.0,132
2001-12-05,1474,982610,10034266,10.1,10.35,10.05,10.1,0.1,261
2001-12-06,1474,2320348,24563560,10.3,10.8,10.25,10.8,0.7,447
2001-12-07,1474,1900868,20742568,11.0,11.2,10.6,10.7,-0.1,373
2001-12-10,1474,1601038,17877954,10.8,11.4,10.8,11.4,0.7,229
2001-12-11,1474,2211644,25131189,11.8,11.8,11.0,11.1,-0.3,409
2001-12-12,1474,2217363,25213656,11.1,11.65,11.1,11.65,0.55,416
2001-12-13,1474,1768014,20292659,11.7,11.8,11.0,11.2,-0.45,305
2001-12-14,1474,1373346,15453904,11.0,11.5,11.0,11.2,0.0,266
2001-12-17,1474,2903853,34289301,11.5,11.95,11.5,11.95,0.75,509
2001-12-18,1474,3865902,47245223,12.6,12.6,11.9,11.9,-0.05,628
2001-12-19,1474,5556800,62741871,11.2,11.9,11.2,11.35,-0.55,371
2001-12-20,1474,1066801,12086693,11.3,11.5,11.2,11.4,0.05,218
2001-12-21,1474,1021004,11370794,11.4,11.4,10.9,11.0,-0.4,191
2001-12-24,1474,638358,7128701,11.3,11.3,11.05,11.2,0.2,118
2001-12-25,1474,915003,10405583,11.4,11.5,11.1,11.4,0.2,208
2001-12-26,1474,1089616,12457934,11.45,11.6,11.2,11.3,-0.1,238
2001-12-27,1474,1179000,13574050,11.4,11.7,11.3,11.5,0.2,212
2001-12-28,1474,601404,6877770,11.5,11.5,11.35,11.5,0.0,136
2001-12-31,1474,1029000,11996000,11.5,11.8,11.5,11.7,0.2,227
2002-01-02,1474,2395000,29012750,11.75,12.4,11.75,12.2,0.5,407
2002-01-03,1474,1105201,13367788,12.3,12.4,11.8,11.8,-0.4,239
2002-01-04,1474,734000,8672500,12.0,12.05,11.65,11.85,0.05,166
2002-01-07,1474,1345804,16214226,11.9,12.2,11.9,12.1,0.25,258
2002-01-08,1474,1217003,14830442,12.2,12.4,12.0,12.15,0.05,284
2002-01-09,1474,1949600,24191497,12.3,12.6,12.1,12.4,0.25,368
2002-01-10,1474,929021,11509671,12.45,12.55,12.2,12.3,-0.1,210
2002-01-11,1474,2177000,27154450,12.45,12.7,12.1,12.25,-0.05,417
2002-01-14,1474,1017010,12421171,12.3,12.45,12.05,12.15,-0.1,242
2002-01-15,1474,785411,9412413,12.0,12.15,11.9,11.9,-0.25,144
2002-01-16,1474,877820,10470056,12.0,12.1,11.7,11.8,-0.1,171
2002-01-17,1474,1359000,16103250,11.6,12.05,11.6,11.9,0.1,298
2002-01-18,1474,1181003,14234283,12.1,12.2,11.8,11.95,0.05,223
2002-01-21,1474,1757512,21461784,12.15,12.4,12.0,12.4,0.45,259
2002-01-22,1474,1302502,15903488,12.5,12.55,11.85,11.95,-0.45,254
2002-01-23,1474,1839443,22164734,12.0,12.25,11.85,12.0,0.05,412
2002-01-24,1474,555000,6695150,12.15,12.2,11.9,12.15,0.15,136
2002-01-25,1474,1107211,13600628,12.25,12.35,12.2,12.35,0.2,217
2002-01-28,1474,1715702,21359370,12.35,12.55,12.35,12.45,0.1,292
2002-01-29,1474,1270230,15663954,12.55,12.55,12.1,12.1,-0.35,244
2002-01-30,1474,800000,9701050,12.0,12.25,12.0,12.25,0.15,148
2002-01-31,1474,4776770,61932406,12.5,13.1,12.5,13.1,0.85,745
2002-02-01,1474,2683090,35124779,13.5,13.5,12.75,12.8,-0.3,506
2002-02-04,1474,2168884,28355582,13.1,13.3,12.9,12.95,0.15,436
2002-02-05,1474,685101,8730050,12.85,12.85,12.65,12.7,-0.25,169
2002-02-06,1474,1006000,12897600,12.8,12.95,12.75,12.8,0.1,213
2002-02-18,1474,815000,10438350,13.0,13.0,12.7,12.75,-0.05,178
2002-02-19,1474,966001,12485112,12.85,13.05,12.8,12.9,0.15,225
2002-02-20,1474,718200,9168815,12.9,13.0,12.55,12.7,-0.2,198
2002-02-21,1474,802200,10251626,12.8,12.9,12.6,12.75,0.05,174
2002-02-22,1474,1700002,21913374,12.8,13.1,12.65,12.7,-0.05,335
2002-02-25,1474,533800,6803853,12.8,12.9,12.7,12.75,0.05,123
2002-02-26,1474,975103,12519455,12.95,13.0,12.65,12.65,-0.1,183
2002-02-27,1474,744000,9499300,12.7,12.85,12.7,12.75,0.1,136
2002-03-01,1474,2167000,28156200,12.9,13.1,12.75,13.05,0.3,381
2002-03-04,1474,1726040,22849119,13.3,13.35,13.1,13.2,0.15,349
2002-03-05,1474,1157003,15265089,13.35,13.35,13.0,13.05,-0.15,211
2002-03-06,1474,564001,7333912,13.05,13.2,12.95,13.0,-0.05,115
2002-03-07,1474,1158000,15215850,13.15,13.2,13.0,13.05,0.05,216
2002-03-08,1474,1686030,22386389,13.15,13.45,13.1,13.2,0.15,311
2002-03-11,1474,2102005,28336465,13.4,13.65,13.3,13.45,0.25,374
2002-03-12,1474,720001,9538399,13.45,13.45,13.1,13.15,-0.3,160
2002-03-13,1474,3344003,45426639,13.1,14.0,13.1,13.75,0.6,559
2002-03-14,1474,2922501,40428601,13.9,14.25,13.4,13.45,-0.3,549
2002-03-15,1474,1219089,16404253,13.45,13.65,13.35,13.35,-0.1,218
2002-03-18,1474,792003,10584889,13.35,13.45,13.25,13.3,-0.05,142
2002-03-19,1474,569067,7613333,13.4,13.5,13.3,13.4,0.1,132
2002-03-20,1474,769681,10251033,13.45,13.5,13.2,13.3,-0.1,161
2002-03-21,1474,749325,9938225,13.2,13.4,13.2,13.25,-0.05,172
2002-03-22,1474,1342003,18094239,13.3,13.6,13.3,13.6,0.35,266
2002-03-25,1474,1077003,14581639,13.6,13.7,13.4,13.6,0.0,212
2002-03-26,1474,932801,12678945,13.6,13.85,13.45,13.7,0.1,209
2002-03-27,1474,1225880,16678483,13.8,13.8,13.45,13.45,-0.25,258
2002-03-28,1474,991300,13343214,13.55,13.55,13.35,13.35,-0.1,185
2002-03-29,1474,1057104,13967980,13.35,13.35,13.1,13.15,-0.2,195
2002-04-01,1474,592040,7797122,13.1,13.3,13.1,13.25,0.1,136
2002-04-02,1474,516002,6845326,13.35,13.35,13.2,13.25,0.0,105
2002-04-03,1474,1326002,17777676,13.25,13.6,13.25,13.4,0.15,214
2002-04-04,1474,858434,11461883,13.5,13.5,13.3,13.35,-0.05,143
2002-04-08,1474,1796399,24540311,13.35,13.9,13.35,13.65,0.3,419
2002-04-09,1474,1086812,14906704,13.9,13.9,13.5,13.55,-0.1,248
2002-04-10,1474,838330,11328346,13.6,13.7,13.4,13.5,-0.05,135
2002-04-11,1474,447220,6063334,13.6,13.7,13.4,13.5,0.0,96
2002-04-12,1474,363000,4908350,13.5,13.6,13.4,13.55,0.05,81
2002-04-15,1474,1550892,21339550,13.6,13.95,13.55,13.7,0.15,314
2002-04-16,1474,2799000,39420950,13.8,14.4,13.7,14.35,0.65,599
2002-04-17,1474,3934605,59152682,14.9,15.3,14.8,15.3,0.95,646
2002-04-18,1474,4117725,64623489,15.9,16.2,15.1,15.3,0.0,787
2002-04-19,1474,1726631,27030503,15.5,16.0,15.4,15.8,0.5,385
2002-04-22,1474,2586000,41735400,16.5,16.5,15.7,16.1,0.3,448
2002-04-23,1474,1176200,18478002,16.3,16.3,15.4,15.5,-0.6,256
2002-04-24,1474,1897000,30002100,15.5,16.0,15.5,15.7,0.2,277
2002-04-25,1474,3526010,58133856,15.8,16.7,15.8,16.7,1.0,501
2002-04-26,1474,3655879,65066450,17.8,17.8,17.8,17.8,1.1,503
2002-04-29,1474,6324913,118859096,18.9,19.0,17.9,19.0,1.2,1128
2002-04-30,1474,4335708,82690371,18.8,19.9,18.4,19.2,0.2,889
2002-05-02,1474,1411190,26100626,19.2,19.2,17.9,17.9,-1.3,328
2002-05-03,1474,2098003,36039051,17.3,17.9,16.7,17.9,0.0,405
2002-05-06,1474,1336000,23644900,17.5,18.3,17.0,17.4,-0.5,362
2002-05-07,1474,3302803,58524697,17.0,18.2,17.0,17.8,0.4,387
2002-05-08,1474,2164000,39110900,18.1,18.4,17.7,18.1,0.3,348
2002-05-09,1474,3090051,58763418,18.7,19.3,18.3,19.3,1.2,554
2002-05-10,1474,3082541,61251580,19.5,20.5,18.9,20.2,0.9,676
2002-05-13,1474,2319053,47700164,20.0,21.0,20.0,20.8,0.6,506
2002-05-14,1474,2238464,44597499,20.8,21.4,19.4,19.4,-1.4,445
2002-05-15,1474,1448010,28307592,19.4,20.1,19.0,20.1,0.7,341
2002-05-16,1474,2232674,45814640,20.1,20.9,19.7,20.6,0.5,472
2002-05-17,1474,905728,18677114,20.9,20.9,20.4,20.6,0.0,269
2002-05-20,1474,1608001,32675220,20.6,20.9,20.0,20.3,-0.3,357
2002-05-21,1474,1282000,24648500,20.1,20.3,18.9,18.9,-1.4,270
2002-05-22,1474,1367000,25751200,18.2,19.3,18.2,19.3,0.4,268
2002-05-23,1474,1479000,29489900,19.3,20.5,19.0,20.4,1.1,267
2002-05-24,1474,3369002,71487140,20.6,21.8,20.0,21.8,1.4,604
2002-05-27,1474,3681919,84595754,21.6,23.3,21.6,23.3,1.5,847
2002-05-28,1474,3203995,71896877,22.9,23.4,21.7,22.5,-0.8,702
2002-05-29,1474,1157000,25929600,22.4,22.9,21.8,22.8,0.3,392
2002-05-30,1474,2179706,50348510,22.9,23.6,22.6,22.8,0.0,562
2002-05-31,1474,1189001,27502122,23.1,23.4,22.9,23.2,0.4,340
2002-06-03,1474,1002996,22097021,23.4,23.4,21.6,21.7,-1.5,307
2002-06-04,1474,816081,17967748,21.0,22.5,21.0,22.2,0.5,203
2002-06-05,1474,660000,14545600,22.2,22.5,21.6,22.2,0.0,192
2002-06-06,1474,1114000,25148400,22.2,23.0,22.0,22.4,0.2,307
2002-06-07,1474,397001,8813622,22.1,22.6,22.0,22.4,0.0,137
2002-06-10,1474,171000,3803200,22.4,22.6,22.1,22.3,-0.1,62
2002-06-11,1474,412101,9092940,22.5,22.6,21.6,21.8,-0.5,166
2002-06-12,1474,541091,11360672,21.5,21.6,20.5,20.9,-0.9,174
2002-06-13,1474,679000,14487600,21.0,21.8,20.8,20.8,-0.1,221
2002-06-14,1474,775200,16382538,20.8,21.5,20.7,21.3,0.5,208
2002-06-17,1474,844000,18281500,21.3,22.2,21.1,21.5,0.2,241
2002-06-18,1474,759338,16290529,21.5,21.9,21.0,21.0,-0.5,217
2002-06-19,1474,781350,15695810,21.0,21.0,19.8,20.0,-1.0,223
2002-06-20,1474,326000,6383000,19.1,20.0,19.1,19.9,-0.1,107
2002-06-21,1474,542300,11088640,19.7,20.8,19.7,20.4,0.5,161
2002-06-24,1474,342000,6909000,20.5,20.7,19.9,20.3,-0.1,100
2002-06-25,1474,356001,6967620,20.1,20.1,19.0,19.3,-1.0,93
2002-06-26,1474,690000,12560100,19.1,19.1,18.0,18.2,-1.1,156
2002-06-27,1474,582393,10190713,18.6,18.6,17.0,17.2,-1.0,198
2002-06-28,1474,440294,7710437,17.1,17.8,17.1,17.6,0.4,140
2002-07-01,1474,459005,7612587,17.7,17.7,16.4,16.4,-1.2,128
2002-07-02,1474,507000,8360800,16.4,16.8,16.0,16.7,0.3,140
2002-07-03,1474,649170,10726022,16.8,17.0,15.8,17.0,0.3,186
2002-07-04,1474,1142311,20039358,17.0,18.0,16.9,17.7,0.7,318
2002-07-05,1474,1183601,20910107,18.0,18.0,17.5,17.6,-0.1,303
2002-07-08,1474,764000,13350800,17.8,17.8,17.2,17.2,-0.4,162
2002-07-09,1474,869000,14684200,17.3,17.4,16.7,17.2,0.0,230
2002-07-10,1474,612500,10207655,17.0,17.0,16.5,16.8,-0.4,133
2002-07-11,1474,269101,4464787,16.5,16.7,16.5,16.6,-0.2,84
2002-07-12,1474,492200,8296002,16.7,17.0,16.7,16.8,0.2,146
2002-07-15,1474,1243000,21852100,17.1,17.9,17.0,17.9,1.1,275
2002-07-16,1474,2430499,44717687,18.7,18.7,18.1,18.4,0.5,605
2002-07-17,1474,1659673,30570215,18.1,18.8,18.1,18.4,0.0,376
2002-07-18,1474,2526000,47049000,18.4,19.0,18.2,18.2,-0.2,529
2002-07-19,1474,1149196,20421847,18.0,18.1,17.5,17.5,-0.7,298
2002-07-22,1474,595000,10291100,17.9,17.9,17.1,17.2,-0.3,144
2002-07-23,1474,299000,5177500,17.0,17.5,17.0,17.4,0.2,90
2002-07-24,1474,431251,7545444,17.6,17.7,17.3,17.5,0.1,138
2002-07-25,1474,787000,14049400,17.9,18.0,17.7,17.9,0.4,216
2002-07-26,1474,2378030,43420134,18.1,18.6,17.8,18.1,0.2,640
2002-07-29,1474,1651200,30452800,18.2,18.8,18.2,18.3,0.2,416
2002-07-30,1474,1073000,19690700,18.6,18.7,18.1,18.3,0.0,268
2002-07-31,1474,467200,8460940,18.3,18.3,18.0,18.2,-0.1,105
2002-08-01,1474,415000,7497900,18.2,18.3,17.9,18.0,-0.2,114
2002-08-02,1474,507570,8966107,17.7,18.0,17.5,18.0,0.0,179
2002-08-05,1474,669299,11350654,17.5,17.7,16.8,16.8,-1.2,156
2002-08-06,1474,655246,10560510,15.8,16.6,15.8,16.0,-0.8,171
2002-08-07,1474,532000,8887400,16.5,17.0,16.4,16.9,0.9,165
2002-08-08,1474,499500,8515004,16.9,17.3,16.6,16.9,0.0,175
2002-08-09,1474,765000,13194900,17.1,17.4,17.0,17.0,0.1,189
2002-08-12,1474,606000,10184000,17.0,17.0,16.6,16.8,-0.2,176
2002-08-13,1474,504000,8505400,16.8,17.0,16.7,16.9,0.1,157
2002-08-14,1474,4814000,82369600,16.6,17.2,16.6,17.2,0.3,388
2002-08-15,1474,2395000,37425600,15.6,15.8,15.3,15.4,0.0,610
2002-08-16,1474,717525,10844842,15.5,15.5,14.8,14.85,-0.55,229
2002-08-19,1474,704000,10569000,14.9,15.2,14.9,14.9,0.05,151
2002-08-20,1474,706000,10641200,15.3,15.3,14.9,14.95,0.05,175
2002-08-21,1474,216492,3238013,15.0,15.1,14.8,14.9,-0.05,72
2002-08-22,1474,340200,5079664,15.0,15.0,14.9,14.95,0.05,102
2002-08-23,1474,1709638,26323434,15.0,15.7,14.95,15.5,0.55,390
2002-08-26,1474,667000,10329900,15.5,15.6,15.3,15.5,0.0,162
2002-08-27,1474,951000,14765800,15.5,15.8,15.3,15.3,-0.2,180
2002-08-28,1474,717000,10774350,15.2,15.2,14.9,15.0,-0.3,167
2002-08-29,1474,2394000,38023100,15.0,16.0,15.0,16.0,1.0,492
2002-08-30,1474,3091299,50580980,16.3,16.6,16.0,16.0,0.0,741
2002-09-02,1474,1751149,27754170,16.1,16.3,15.3,15.4,-0.6,328
2002-09-03,1474,898366,13737906,15.8,15.8,15.0,15.2,-0.2,220
2002-09-04,1474,1038899,15703390,14.9,15.5,14.9,15.0,-0.2,192
2002-09-05,1474,853894,12816337,15.2,15.3,14.8,14.8,-0.2,166
2002-09-09,1474,758000,11405700,14.8,15.3,14.8,15.3,0.5,159
2002-09-10,1474,1149000,17850500,15.5,15.8,15.1,15.8,0.5,214
2002-09-11,1474,1869149,30324742,15.7,16.6,15.6,16.1,0.3,396
2002-09-12,1474,669000,10736600,16.0,16.3,15.8,16.1,0.0,140
2002-09-13,1474,990047,16150452,16.0,16.6,15.9,16.6,0.5,225
2002-09-16,1474,1277000,21419600,16.7,17.0,16.5,16.9,0.3,318
2002-09-17,1474,2479400,42567023,16.6,17.7,16.6,17.6,0.7,499
2002-09-18,1474,1725000,29901500,17.5,17.6,17.1,17.3,-0.3,334
2002-09-19,1474,1168200,19977242,17.3,17.3,16.9,17.3,0.0,217
2002-09-20,1474,888339,15185333,17.2,17.3,16.9,17.3,0.0,144
2002-09-23,1474,1345000,23215700,17.5,17.7,16.9,16.9,-0.4,249
2002-09-24,1474,815000,13405200,16.8,16.9,16.1,16.5,-0.4,185
2002-09-25,1474,689102,11124773,16.4,16.5,16.0,16.2,-0.3,125
2002-09-26,1474,629000,10250600,16.5,16.5,16.1,16.1,-0.1,106
2002-09-27,1474,741699,12204790,16.2,16.7,16.1,16.7,0.6,134
2002-09-30,1474,411000,6918500,16.7,17.2,16.3,17.2,0.5,104
2002-10-01,1474,423000,7099000,16.9,17.1,16.7,16.8,-0.4,107
2002-10-02,1474,474000,7973200,17.0,17.1,16.6,16.6,-0.2,100
2002-10-03,1474,415000,6792100,16.5,16.6,16.2,16.2,-0.4,83
2002-10-04,1474,281000,4538800,16.3,16.3,16.1,16.1,-0.1,82
2002-10-07,1474,315400,5007104,16.0,16.1,15.7,15.8,-0.3,92
2002-10-08,1474,273000,4274200,15.8,16.0,15.6,15.9,0.1,60
2002-10-09,1474,290000,4641900,15.8,16.2,15.7,15.8,-0.1,74
2002-10-11,1474,630000,9947300,15.9,16.2,15.3,15.7,-0.1,128
2002-10-14,1474,356625,5511841,15.8,15.8,15.3,15.4,-0.3,149
2002-10-15,1474,947867,15037703,15.4,16.2,15.4,16.0,0.6,288
2002-10-16,1474,1425620,23172358,16.1,16.7,15.8,16.6,0.6,367
2002-10-17,1474,1150993,19234100,16.5,16.9,16.5,16.5,-0.1,250
2002-10-18,1474,1528605,25403353,16.6,16.9,16.5,16.6,0.1,350
2002-10-21,1474,1625799,27372604,16.7,17.0,16.6,16.8,0.2,285
2002-10-22,1474,1752921,29003105,16.8,16.9,16.3,16.4,-0.4,348
2002-10-23,1474,2621354,43705471,16.3,16.9,16.1,16.9,0.5,339
2002-10-24,1474,913722,15284162,16.9,17.0,16.5,16.5,-0.4,213
2002-10-25,1474,393261,6427900,16.6,16.6,16.2,16.2,-0.3,125
2002-10-28,1474,977203,16149884,16.4,16.8,16.4,16.5,0.3,196
2002-10-29,1474,2569586,43510322,16.6,17.2,16.6,16.6,0.1,473
2002-10-30,1474,558082,9204403,16.8,16.8,16.3,16.4,-0.2,176
2002-10-31,1474,807642,13371670,16.5,16.7,16.4,16.4,0.0,193
2002-11-01,1474,858701,14336737,16.6,17.0,16.4,16.4,0.0,242
2002-11-04,1474,3084332,53226013,16.7,17.5,16.6,17.1,0.7,561
2002-11-05,1474,653880,11071566,17.3,17.3,16.7,17.0,-0.1,220
2002-11-06,1474,1062174,18107641,17.0,17.3,16.8,17.1,0.1,232
2002-11-07,1474,1391560,23751524,17.1,17.4,16.8,16.8,-0.3,312
2002-11-08,1474,2275098,38288978,16.8,17.1,16.6,16.8,0.0,424
2002-11-11,1474,4235740,73528173,16.9,17.8,16.9,17.2,0.4,707
2002-11-12,1474,1886234,32209810,17.1,17.4,16.8,17.1,-0.1,362
2002-11-13,1474,5954803,106735157,17.3,18.2,17.1,18.1,1.0,1133
2002-11-14,1474,6775160,127473380,18.6,19.1,18.4,18.7,0.6,1088
2002-11-15,1474,3671922,69810646,19.1,19.2,18.8,18.9,0.2,810
2002-11-18,1474,3839953,73930013,18.9,19.9,18.6,18.6,-0.3,729
2002-11-19,1474,1159099,21201529,18.9,18.9,18.1,18.1,-0.5,311
2002-11-20,1474,1240950,22427200,18.1,18.4,17.8,18.0,-0.1,286
2002-11-21,1474,1439121,25660075,18.4,18.4,17.4,17.4,-0.6,293
2002-11-22,1474,1782642,31753310,17.9,18.0,17.7,17.8,0.4,386
2002-11-25,1474,799000,14096009,18.0,18.0,17.4,17.5,-0.3,201
2002-11-26,1474,1757539,31416497,17.6,18.2,17.5,17.7,0.2,373
2002-11-27,1474,826062,14562922,17.7,17.8,17.5,17.6,-0.1,188
2002-11-28,1474,2121630,38132647,17.8,18.2,17.8,17.8,0.2,504
2002-11-29,1474,663445,11758975,17.9,17.9,17.6,17.8,0.0,170
2002-12-02,1474,465200,8226042,17.9,18.0,17.5,17.7,-0.1,140
2002-12-03,1474,2043552,36801919,17.7,18.3,17.7,18.1,0.4,387
2002-12-04,1474,625001,11263618,18.2,18.2,17.8,17.9,-0.2,163
2002-12-05,1474,1291434,23409329,18.0,18.3,18.0,18.1,0.2,282
2002-12-06,1474,2006230,36716040,18.2,18.6,18.0,18.1,0.0,414
2002-12-09,1474,3431143,63474174,18.2,18.7,18.1,18.3,0.2,704
2002-12-10,1474,1087020,19628664,18.3,18.3,17.9,18.0,-0.3,256
2002-12-11,1474,3944722,71045451,18.1,18.4,17.5,17.5,-0.5,710
2002-12-12,1474,1482800,25386027,17.5,17.5,16.7,17.2,-0.3,380
2002-12-13,1474,658044,11208352,17.2,17.2,16.9,17.0,-0.2,182
2002-12-16,1474,394054,6647411,17.0,17.0,16.7,17.0,0.0,115
2002-12-17,1474,1793041,30006792,17.1,17.2,16.3,16.7,-0.3,319
2002-12-18,1474,2694761,45890639,16.8,17.4,16.5,17.3,0.6,559
2002-12-19,1474,2933004,51462868,17.4,17.8,17.4,17.5,0.2,666
2002-12-20,1474,2010000,35253100,17.7,17.9,17.0,17.1,-0.4,462
2002-12-23,1474,726000,12514500,17.1,17.5,17.1,17.5,0.4,184
2002-12-24,1474,544015,9329459,17.4,17.4,17.1,17.1,-0.4,148
2002-12-25,1474,738160,12373921,17.1,17.2,16.6,16.8,-0.3,183
2002-12-26,1474,187002,3154232,17.0,17.0,16.8,17.0,0.2,62
2002-12-27,1474,479402,8087395,17.0,17.1,16.7,16.9,-0.1,124
2002-12-30,1474,519371,8621743,16.9,16.9,16.4,16.4,-0.5,109
2002-12-31,1474,542001,8883716,16.6,16.6,16.2,16.6,0.2,135
2003-01-02,1474,772000,12984200,16.7,17.0,16.6,16.9,0.3,162
2003-01-03,1474,851960,14623836,17.1,17.3,17.0,17.2,0.3,220
2003-01-06,1474,3507000,62303100,17.3,18.1,17.3,17.9,0.7,639
2003-01-07,1474,3239210,58297640,18.2,18.3,17.4,17.5,-0.4,574
2003-01-08,1474,4246021,76481165,17.7,18.3,17.5,18.0,0.5,679
2003-01-09,1474,3003629,54434972,18.0,18.6,17.7,17.7,-0.3,572
2003-01-10,1474,1499520,26699856,18.0,18.0,17.6,17.8,0.1,312
2003-01-13,1474,4625001,85866717,18.0,19.0,17.9,19.0,1.2,797
2003-01-14,1474,7619046,145275261,19.3,19.4,18.4,18.4,-0.6,1427
2003-01-15,1474,3891840,73199572,18.4,19.2,18.2,19.0,0.6,841
2003-01-16,1474,4206280,80738592,19.3,19.5,18.6,18.6,-0.4,941
2003-01-17,1474,1480522,27501557,18.9,19.0,18.3,18.3,-0.3,392
2003-01-20,1474,1287001,23930718,18.5,18.9,18.3,18.9,0.6,342
2003-01-21,1474,1748780,32376359,19.0,19.0,18.1,18.2,-0.7,464
2003-01-22,1474,1579881,29065943,18.2,18.5,18.2,18.4,0.2,376
2003-01-23,1474,3277400,61578420,18.8,19.2,18.4,18.5,0.1,663
2003-01-24,1474,1807001,33614818,18.9,18.9,18.3,18.3,-0.2,414
2003-01-27,1474,1089000,19671900,18.4,18.7,17.8,17.8,-0.5,301
2003-01-28,1474,909000,16245400,17.8,18.0,17.7,17.9,0.1,214
2003-02-06,1474,1295000,23321400,18.0,18.4,17.7,17.7,-0.2,350
2003-02-07,1474,1247882,21646130,17.8,18.0,16.8,17.3,-0.4,287
2003-02-10,1474,402096,6918452,17.3,17.4,17.1,17.2,-0.1,112
2003-02-11,1474,507001,8741923,17.2,17.4,17.1,17.1,-0.1,137
2003-02-12,1474,287000,4961900,17.1,17.4,17.1,17.3,0.2,81
2003-02-13,1474,712502,12144038,17.3,17.3,16.9,16.9,-0.4,140
2003-02-14,1474,579866,9758255,16.9,17.0,16.6,16.6,-0.3,134
2003-02-17,1474,615001,10494616,17.1,17.3,16.9,17.3,0.7,136
2003-02-18,1474,464500,7833005,17.2,17.2,16.8,16.9,-0.4,83
2003-02-19,1474,741000,12320900,16.8,16.9,16.5,16.6,-0.3,160
2003-02-20,1474,610200,10036801,16.5,16.7,16.3,16.4,-0.2,159
2003-02-21,1474,468161,7605525,16.7,16.7,16.1,16.2,-0.2,129
2003-02-24,1474,192000,3120400,16.4,16.4,16.2,16.3,0.1,82
2003-02-25,1474,472000,7606800,16.2,16.3,16.0,16.0,-0.3,100
2003-02-26,1474,186001,2983315,16.0,16.1,16.0,16.0,0.0,62
2003-02-27,1474,437414,6916208,16.0,16.0,15.7,15.8,-0.2,95
2003-03-03,1474,335045,5352606,15.9,16.2,15.8,15.8,0.0,104
2003-03-04,1474,505000,7873200,15.9,15.9,15.3,15.4,-0.4,127
2003-03-05,1474,334500,5049560,15.1,15.3,15.0,15.0,-0.4,123
2003-03-06,1474,708001,10515514,15.2,15.3,14.6,14.7,-0.3,154
2003-03-07,1474,483455,6806050,14.0,14.3,13.9,14.25,-0.45,135
2003-03-10,1474,265518,3711387,14.2,14.2,13.85,13.85,-0.4,94
2003-03-11,1474,787000,10513300,13.35,13.5,13.2,13.2,-0.65,179
2003-03-12,1474,367364,4964227,13.35,13.75,13.35,13.55,0.35,102
2003-03-13,1474,531438,7416934,13.55,14.4,13.5,14.2,0.65,194
2003-03-14,1474,573000,8329450,14.6,14.7,14.4,14.45,0.25,158
2003-03-17,1474,187281,2620987,14.3,14.3,13.9,13.95,-0.5,51
2003-03-18,1474,420236,6004520,14.1,14.4,14.1,14.35,0.4,113
2003-03-19,1474,107339,1514886,14.3,14.3,14.0,14.0,-0.35,51
2003-03-20,1474,228001,3190713,14.0,14.2,13.9,14.0,0.0,80
2003-03-21,1474,229041,3240549,14.0,14.25,14.0,14.15,0.15,66
2003-03-24,1474,212000,2961050,14.2,14.25,13.9,13.95,-0.2,50
2003-03-25,1474,187211,2562975,13.7,13.9,13.6,13.7,-0.25,54
2003-03-26,1474,163089,2239463,13.75,13.8,13.65,13.75,0.05,40
2003-03-27,1474,136071,1895698,13.7,14.1,13.7,14.1,0.35,61
2003-03-28,1474,118229,1657778,14.0,14.1,13.95,14.1,0.0,59
2003-03-31,1474,88000,1215050,14.05,14.05,13.7,13.7,-0.4,32
2003-04-01,1474,82054,1123586,13.7,13.8,13.5,13.5,-0.2,23
2003-04-02,1474,35761,487919,13.6,13.75,13.6,13.65,0.15,25
2003-04-03,1474,48002,658726,13.9,13.9,13.65,13.7,0.05,26
2003-04-04,1474,247159,3437467,13.75,14.1,13.7,14.1,0.4,83
2003-04-07,1474,367293,5215857,14.1,14.3,14.1,14.25,0.15,143
2003-04-08,1474,260001,3713114,14.35,14.35,14.1,14.25,0.0,98
2003-04-09,1474,128001,1804714,14.1,14.2,14.05,14.2,-0.05,44
2003-04-10,1474,372001,5326314,14.15,14.45,14.15,14.2,0.0,107
2003-04-11,1474,203000,2861000,14.2,14.2,14.05,14.05,-0.15,60
2003-04-14,1474,187000,2601300,14.1,14.1,13.8,13.8,-0.25,49
2003-04-15,1474,338000,4789500,13.85,14.35,13.85,14.2,0.4,114
2003-04-16,1474,397920,5679389,14.4,14.5,14.15,14.25,0.05,115
2003-04-17,1474,98000,1384100,14.2,14.2,14.05,14.05,-0.2,43
2003-04-18,1474,408000,5748400,14.2,14.2,14.0,14.1,0.05,87
2003-04-21,1474,253000,3563250,14.25,14.25,14.0,14.1,0.0,65
2003-04-22,1474,108700,1521180,14.05,14.05,13.95,13.95,-0.15,39
2003-04-23,1474,201000,2814550,14.0,14.05,13.95,13.95,0.0,42
2003-04-24,1474,228020,3122655,13.9,13.9,13.5,13.6,-0.35,96
2003-04-25,1474,731322,9459406,13.2,13.35,12.75,13.0,-0.6,154
2003-04-28,1474,605386,7342038,12.5,12.5,12.1,12.1,-0.9,123
2003-04-29,1474,1585200,19786606,12.1,12.7,12.1,12.45,0.35,171
2003-04-30,1474,508200,6052776,12.45,12.55,11.6,11.95,-0.5,122
2003-05-02,1474,243000,2862550,11.7,12.1,11.65,11.9,-0.05,71
2003-05-05,1474,2941896,36334707,12.0,12.5,11.95,12.45,0.55,281
2003-05-06,1474,1417600,17341527,12.4,12.4,12.0,12.15,-0.3,206
2003-05-07,1474,587118,7116875,12.3,12.3,12.0,12.15,0.0,113
2003-05-08,1474,357000,4356200,12.2,12.3,12.1,12.15,0.0,72
2003-05-09,1474,315000,3844300,12.15,12.3,12.1,12.1,-0.05,78
2003-05-12,1474,140000,1699550,12.1,12.25,12.1,12.1,0.0,50
2003-05-13,1474,944080,11575612,12.4,12.4,12.2,12.3,0.2,119
2003-05-14,1474,1904000,24138500,12.3,13.0,12.2,12.9,0.6,418
2003-05-15,1474,1939239,25475616,13.1,13.4,12.9,12.9,0.0,459
2003-05-16,1474,1052000,13474950,13.0,13.0,12.65,12.8,-0.1,203
2003-05-19,1474,578000,7456800,12.9,13.05,12.75,12.75,-0.05,177
2003-05-20,1474,573000,7239400,12.55,12.7,12.55,12.65,-0.1,132
2003-05-21,1474,290401,3627694,12.65,12.65,12.4,12.5,-0.15,84
2003-05-22,1474,292219,3653269,12.5,12.55,12.35,12.5,0.0,97
2003-05-23,1474,734201,9450398,12.55,13.0,12.55,12.85,0.35,152
2003-05-26,1474,841329,10996803,12.9,13.15,12.9,13.15,0.3,204
2003-05-27,1474,460720,6007366,13.15,13.15,12.95,12.95,-0.2,119
2003-05-28,1474,762031,9945627,13.05,13.2,12.95,12.95,0.0,163
2003-05-29,1474,838161,11090772,13.05,13.4,13.05,13.25,0.3,216
2003-05-30,1474,881000,11814150,13.25,13.6,13.25,13.3,0.05,186
2003-06-02,1474,437560,5899008,13.3,13.6,13.3,13.6,0.3,94
2003-06-03,1474,516001,7085613,13.6,14.0,13.6,13.75,0.15,113
2003-06-05,1474,564840,7773739,13.9,13.9,13.6,13.7,-0.05,125
2003-06-06,1474,242005,3286868,13.7,13.7,13.5,13.6,-0.1,60
2003-06-09,1474,206000,2822700,13.6,13.75,13.6,13.75,0.15,50
2003-06-10,1474,203004,2781304,13.8,13.85,13.65,13.7,-0.05,56
2003-06-11,1474,951001,12794663,13.65,13.7,13.25,13.5,-0.2,147
2003-06-12,1474,818001,11057063,13.6,13.7,13.3,13.6,0.1,160
2003-06-13,1474,318275,4322170,13.65,13.7,13.5,13.5,-0.1,66
2003-06-16,1474,785000,10812500,13.5,13.9,13.5,13.8,0.3,155
2003-06-17,1474,459001,6340363,13.95,13.95,13.7,13.7,-0.1,116
2003-06-18,1474,406000,5543850,13.7,13.75,13.55,13.65,-0.05,107
2003-06-19,1474,498000,6816250,13.65,13.8,13.6,13.75,0.1,106
2003-06-20,1474,648000,8920950,13.65,13.9,13.65,13.9,0.15,164
2003-06-23,1474,544000,7382650,13.7,13.75,13.5,13.55,0.0,142
2003-06-24,1474,457208,6034401,13.5,13.5,13.1,13.2,-0.35,94
2003-06-25,1474,427600,5584177,13.0,13.15,12.95,13.15,-0.05,104
2003-06-26,1474,290000,3772100,13.15,13.25,12.9,13.0,-0.15,73
2003-06-27,1474,73001,955912,13.05,13.2,13.05,13.2,0.2,28
2003-06-30,1474,64561,849265,13.2,13.3,13.0,13.0,-0.2,26
2003-07-01,1474,226821,2994764,13.05,13.3,13.05,13.25,0.25,54
2003-07-02,1474,99146,1309474,13.4,13.4,13.15,13.3,0.05,38
2003-07-03,1474,254000,3340350,13.3,13.3,13.1,13.1,-0.2,50
2003-07-04,1474,224020,2917560,13.1,13.2,12.9,13.0,-0.1,42
2003-07-07,1474,324000,4228750,13.0,13.15,13.0,13.05,0.05,70
2003-07-08,1474,374100,4910598,13.15,13.3,13.05,13.3,0.25,78
2003-07-09,1474,534010,7096682,13.25,13.4,13.1,13.4,0.1,79
2003-07-10,1474,533000,7264050,13.5,13.75,13.4,13.65,0.25,101
2003-07-11,1474,372945,5021580,13.6,13.65,13.35,13.5,-0.15,79
2003-07-14,1474,378173,5135922,13.5,13.65,13.5,13.55,0.05,74
2003-07-15,1474,440315,5991146,13.6,13.7,13.55,13.55,0.0,77
2003-07-16,1474,547000,7425100,13.6,13.65,13.55,13.65,0.1,64
2003-07-17,1474,681856,9281173,13.65,13.7,13.55,13.55,-0.1,105
2003-07-18,1474,665000,9055150,13.55,13.8,13.4,13.55,0.0,131
2003-07-21,1474,1055000,14572200,13.65,14.0,13.65,13.65,0.1,208
2003-07-22,1474,153001,2084213,13.7,13.7,13.55,13.55,-0.1,51
2003-07-23,1474,1217630,16761791,13.55,13.9,13.55,13.8,0.25,209
2003-07-24,1474,1133315,16127474,13.95,14.4,13.95,14.35,0.55,281
2003-07-25,1474,468000,6606700,14.3,14.3,13.9,13.9,-0.45,128
2003-07-28,1474,872300,12176149,13.9,14.1,13.8,13.9,0.0,163
2003-07-29,1474,315000,4347400,14.0,14.0,13.7,13.7,-0.2,88
2003-07-30,1474,193000,2636950,13.7,13.7,13.55,13.6,-0.1,64
2003-07-31,1474,355442,4834978,13.6,13.75,13.55,13.6,0.0,124
2003-08-01,1474,370216,5000771,13.6,13.65,13.45,13.45,-0.15,90
2003-08-04,1474,164442,2227762,13.5,13.6,13.4,13.55,0.1,75
2003-08-05,1474,581999,7846464,13.5,13.55,13.4,13.5,-0.05,169
2003-08-06,1474,217500,2901114,13.3,13.45,13.25,13.25,-0.25,63
2003-08-07,1474,240315,3214601,13.25,13.75,13.2,13.6,0.35,88
2003-08-08,1474,123020,1650570,13.6,13.6,13.35,13.5,-0.1,41
2003-08-11,1474,84001,1119763,13.3,13.45,13.25,13.3,-0.2,29
2003-08-12,1474,60000,799850,13.3,13.4,13.3,13.3,0.0,35
2003-08-13,1474,320000,4318750,13.5,13.6,13.35,13.35,0.05,97
2003-08-14,1474,465747,6194418,13.5,13.5,13.1,13.3,-0.05,105
2003-08-15,1474,386589,5107841,13.4,13.4,13.0,13.0,-0.3,106
2003-08-18,1474,1458589,18743865,12.85,13.0,12.7,12.9,-0.1,859
2003-08-19,1474,792418,10261949,12.95,13.05,12.85,13.0,0.1,298
2003-08-20,1474,414629,5384811,13.0,13.05,12.9,12.9,-0.1,176
2003-08-21,1474,381954,4966065,12.9,13.1,12.9,13.0,0.1,143
2003-08-22,1474,284141,3674254,13.0,13.05,12.85,12.9,-0.1,132
2003-08-25,1474,279438,3594868,12.85,12.95,12.8,12.95,0.05,89
2003-08-26,1474,320555,4123126,12.95,12.95,12.8,12.85,-0.1,104
2003-08-27,1474,220014,2817554,12.85,12.9,12.75,12.85,0.0,66
2003-08-28,1474,202206,2573531,12.9,12.9,12.6,12.75,-0.1,59
2003-08-29,1474,309002,3954224,12.7,12.95,12.7,12.85,0.1,92
2003-09-01,1474,1059003,13980736,12.85,13.45,12.85,13.25,0.4,266
2003-09-02,1474,584082,7678880,13.15,13.25,13.05,13.2,-0.05,127
2003-09-03,1474,1303724,17444704,13.3,13.5,13.05,13.35,0.15,331
2003-09-04,1474,574615,7617566,13.45,13.45,13.2,13.2,-0.15,120
2003-09-05,1474,301000,3975100,13.25,13.25,13.2,13.2,0.0,61
2003-09-08,1474,191910,2517947,13.2,13.2,13.05,13.1,-0.1,76
2003-09-09,1474,250685,3261123,13.1,13.2,12.9,13.0,-0.1,71
2003-09-10,1474,175863,2255708,12.85,12.9,12.75,12.85,-0.15,60
2003-09-12,1474,111712,1443397,12.8,13.0,12.8,12.9,0.05,38
2003-09-15,1474,214779,2813591,13.3,13.3,13.0,13.05,0.15,71
2003-09-16,1474,90996,1188923,13.0,13.1,13.0,13.1,0.05,44
2003-09-17,1474,112460,1473091,13.1,13.2,13.05,13.15,0.05,43
2003-09-18,1474,145590,1909844,13.15,13.2,13.05,13.05,-0.1,57
2003-09-19,1474,183039,2402183,13.15,13.2,13.1,13.15,0.1,61
2003-09-22,1474,229356,3017256,13.15,13.25,13.05,13.2,0.05,65
2003-09-23,1474,53000,699050,13.2,13.25,13.1,13.2,0.0,19
2003-09-24,1474,223002,2923526,13.15,13.2,13.05,13.15,-0.05,70
2003-09-25,1474,74945,980060,13.15,13.15,13.0,13.05,-0.1,19
2003-09-26,1474,89953,1178217,13.1,13.15,13.05,13.1,0.05,31
2003-09-29,1474,91001,1197663,13.1,13.2,13.1,13.15,0.05,30
2003-09-30,1474,347301,4604837,13.2,13.3,13.2,13.2,0.05,98
2003-10-01,1474,301056,3936964,13.2,13.2,13.05,13.05,-0.15,65
2003-10-02,1474,55116,723954,13.1,13.2,13.1,13.15,0.1,21
2003-10-03,1474,65049,853890,13.15,13.2,13.1,13.15,0.0,19
2003-10-06,1474,390260,5183550,13.25,13.35,13.25,13.3,0.15,96
2003-10-07,1474,336001,4507913,13.35,13.5,13.3,13.4,0.1,85
2003-10-08,1474,1489125,20425266,13.5,13.95,13.4,13.75,0.35,300
2003-10-09,1474,532035,7227655,13.65,13.7,13.5,13.5,-0.25,123
2003-10-13,1474,1633620,22818525,13.6,14.2,13.6,13.95,0.45,353
2003-10-14,1474,586362,8138537,14.15,14.15,13.75,13.75,-0.2,150
2003-10-15,1474,649000,8881050,13.7,13.8,13.55,13.8,0.05,130
2003-10-16,1474,1802000,25094350,13.8,14.0,13.8,14.0,0.2,345
2003-10-17,1474,1966000,25206450,12.8,13.0,12.7,12.75,0.0,358
2003-10-20,1474,502381,6424913,12.75,12.85,12.7,12.75,0.0,131
2003-10-21,1474,588210,7565892,12.85,12.9,12.75,12.9,0.15,133
2003-10-22,1474,558420,7204367,12.95,12.95,12.85,12.9,0.0,112
2003-10-23,1474,294090,3751917,12.8,12.8,12.7,12.8,-0.1,92
2003-10-24,1474,247920,3181039,12.75,12.9,12.75,12.75,-0.05,58
2003-10-27,1474,247049,3145920,12.8,12.8,12.7,12.7,-0.05,63
2003-10-28,1474,354363,4540533,12.7,12.9,12.7,12.8,0.1,69
2003-10-29,1474,254491,3259527,12.85,12.9,12.75,12.75,-0.05,72
2003-10-30,1474,414324,5317507,12.8,12.95,12.7,12.8,0.05,114
2003-10-31,1474,308124,3972107,12.85,12.95,12.85,12.85,0.05,94
2003-11-03,1474,1437002,18953725,12.95,13.45,12.95,13.3,0.45,341
2003-11-04,1474,597001,7932313,13.4,13.45,13.15,13.3,0.0,180
2003-11-05,1474,347650,4580148,13.35,13.35,13.1,13.15,-0.15,100
2003-11-06,1474,808478,10670308,13.25,13.35,12.9,12.95,-0.2,189
2003-11-07,1474,188718,2453873,13.0,13.1,12.9,13.0,0.05,72
2003-11-10,1474,202356,2636378,13.15,13.15,12.95,12.95,-0.05,71
2003-11-11,1474,338039,4386393,13.0,13.0,12.95,13.0,0.05,77
2003-11-12,1474,300681,3878310,13.0,13.1,12.8,12.85,-0.15,93
2003-11-13,1474,140394,1814284,12.95,12.95,12.9,12.9,0.05,37
2003-11-14,1474,230611,2978915,13.0,13.0,12.9,13.0,0.1,50
2003-11-17,1474,332681,4300003,13.0,13.1,12.85,12.85,-0.15,82
2003-11-18,1474,412202,5345459,13.0,13.05,12.85,12.95,0.1,141
2003-11-19,1474,867388,11278495,12.95,13.1,12.9,12.95,0.0,165
2003-11-20,1474,182643,2368430,13.0,13.05,12.9,12.9,-0.05,54
2003-11-21,1474,153518,1980445,12.9,13.0,12.85,12.85,-0.05,55
2003-11-24,1474,258487,3332423,12.95,12.95,12.85,12.9,0.05,59
2003-11-25,1474,353639,4552796,13.0,13.0,12.8,12.8,-0.1,79
2003-11-26,1474,279809,3582946,12.9,12.9,12.8,12.8,0.0,68
2003-11-27,1474,280000,3569650,12.8,12.9,12.7,12.75,-0.05,72
2003-11-28,1474,123001,1565862,12.8,12.8,12.65,12.7,-0.05,44
2003-12-01,1474,90061,1151669,12.8,12.8,12.75,12.8,0.1,30
2003-12-02,1474,430584,5470082,12.5,12.95,12.5,12.95,0.15,64
2003-12-03,1474,162020,2072807,12.7,12.85,12.7,12.8,-0.15,34
2003-12-04,1474,52003,665566,12.8,12.8,12.8,12.8,0.0,23
2003-12-05,1474,89347,1148345,12.8,12.9,12.8,12.8,0.0,38
2003-12-08,1474,247660,3175450,12.8,12.9,12.7,12.85,0.05,61
2003-12-09,1474,167313,2147679,12.8,12.9,12.75,12.9,0.05,84
2003-12-10,1474,314475,4020705,12.8,12.85,12.7,12.8,-0.1,98
2003-12-11,1474,700987,8990951,12.85,12.9,12.7,12.7,-0.1,183
2003-12-12,1474,348490,4435744,12.8,12.8,12.7,12.7,0.0,102
2003-12-15,1474,348967,4433485,12.8,12.8,12.65,12.7,0.0,68
2003-12-16,1474,148285,1885831,12.7,12.75,12.7,12.7,0.0,58
2003-12-17,1474,310380,3932702,12.75,12.75,12.6,12.7,0.0,92
2003-12-18,1474,547115,7054152,12.9,12.95,12.8,12.8,0.1,166
2003-12-19,1474,399554,5161580,12.8,13.0,12.8,12.9,0.1,103
2003-12-22,1474,1979918,26235426,12.95,13.45,12.95,13.2,0.3,444
2003-12-23,1474,872345,11568327,13.4,13.4,13.1,13.1,-0.1,241
2003-12-24,1474,564866,7438481,13.2,13.25,13.1,13.15,0.05,142
2003-12-25,1474,677480,8984555,13.3,13.35,13.15,13.2,0.05,173
2003-12-26,1474,2007120,26997280,13.2,13.6,13.2,13.4,0.2,440
2003-12-29,1474,970001,13033513,13.5,13.55,13.3,13.3,-0.1,185
2003-12-30,1474,521179,6917645,13.4,13.4,13.2,13.2,-0.1,98
2003-12-31,1474,722885,9515023,13.2,13.25,13.1,13.15,-0.05,162
2004-01-02,1474,1476000,19859350,13.25,13.75,13.25,13.5,0.35,270
2004-01-05,1474,1470798,20049665,13.5,13.75,13.5,13.65,0.15,319
2004-01-06,1474,1291859,17621941,13.75,13.8,13.55,13.65,0.0,222
2004-01-07,1474,1250250,17183603,13.7,13.85,13.65,13.65,0.0,220
2004-01-08,1474,526859,7160641,13.6,13.65,13.55,13.65,0.0,121
2004-01-09,1474,782900,10597670,13.65,13.75,13.45,13.45,-0.2,168
2004-01-12,1474,638500,8553189,13.5,13.5,13.3,13.35,-0.1,110
2004-01-13,1474,386808,5171532,13.35,13.5,13.3,13.3,-0.05,101
2004-01-14,1474,578659,7725929,13.4,13.4,13.3,13.3,0.0,138
2004-01-15,1474,642850,8590643,13.3,13.45,13.25,13.4,0.1,136
2004-01-16,1474,872040,11758283,13.5,13.6,13.3,13.3,-0.1,198
2004-01-27,1474,1619000,22261250,13.5,14.0,13.5,13.85,0.55,331
2004-01-28,1474,2474500,35142239,14.1,14.45,14.1,14.15,0.3,483
2004-01-29,1474,1375090,19246766,14.15,14.25,13.8,13.8,-0.35,311
2004-01-30,1474,1244000,17429900,13.8,14.2,13.8,13.95,0.15,255
2004-02-02,1474,2609141,37242311,14.1,14.4,14.1,14.2,0.25,544
2004-02-03,1474,1317372,18365875,14.2,14.2,13.8,13.9,-0.3,290
2004-02-04,1474,2213650,31414051,14.1,14.4,14.0,14.1,0.2,425
2004-02-05,1474,4948466,72327848,14.2,14.9,14.2,14.6,0.5,896
2004-02-06,1474,2498788,36554140,14.7,14.8,14.5,14.55,-0.05,442
2004-02-09,1474,2618957,38859442,14.8,15.0,14.65,15.0,0.45,458
2004-02-10,1474,2794921,41879287,15.0,15.2,14.8,15.0,0.0,501
2004-02-11,1474,2631070,39336693,15.1,15.2,14.75,14.75,-0.25,370
2004-02-12,1474,2410589,34859840,14.9,14.9,14.15,14.3,-0.45,403
2004-02-13,1474,614368,8876269,14.25,14.6,14.25,14.55,0.25,155
2004-02-16,1474,798330,11714191,14.8,14.8,14.55,14.65,0.1,174
2004-02-17,1474,825877,12031260,14.6,14.7,14.5,14.6,-0.05,150
2004-02-18,1474,804888,11608979,14.6,14.7,14.3,14.3,-0.3,194
2004-02-19,1474,599685,8564704,14.4,14.5,14.15,14.45,0.15,156
2004-02-20,1474,806760,11670317,14.45,14.55,14.35,14.4,-0.05,144
2004-02-23,1474,525000,7579700,14.45,14.5,14.4,14.4,0.0,119
2004-02-24,1474,693004,9958525,14.45,14.55,14.25,14.25,-0.15,156
2004-02-25,1474,686918,9861642,14.3,14.45,14.3,14.3,0.05,128
2004-02-26,1474,633058,9111247,14.45,14.45,14.35,14.4,0.1,161
2004-02-27,1474,740356,10693636,14.5,14.6,14.35,14.4,0.0,171
2004-03-01,1474,1176068,16956959,14.5,14.55,14.35,14.4,0.0,219
2004-03-02,1474,707858,10186537,14.5,14.5,14.35,14.4,0.0,157
2004-03-03,1474,733000,10539350,14.4,14.45,14.3,14.3,-0.1,129
2004-03-04,1474,1287395,18586582,14.3,14.6,14.3,14.5,0.2,279
2004-03-05,1474,972003,14077887,14.6,14.65,14.3,14.3,-0.2,263
2004-03-08,1474,675130,9701034,14.35,14.45,14.3,14.35,0.05,167
2004-03-09,1474,2130005,31249907,14.3,15.0,14.3,14.65,0.3,481
2004-03-10,1474,1427818,20958690,14.7,14.8,14.45,14.5,-0.15,297
2004-03-11,1474,674403,9724767,14.3,14.5,14.3,14.4,-0.1,140
2004-03-12,1474,497940,7177408,14.3,14.45,14.3,14.45,0.05,112
2004-03-15,1474,1293960,18933992,14.5,14.75,14.4,14.4,-0.05,264
2004-03-16,1474,1591324,22974161,14.3,14.6,14.3,14.3,-0.1,300
2004-03-17,1474,802196,11563054,14.4,14.5,14.35,14.35,0.05,179
2004-03-18,1474,1204568,17539204,14.5,14.65,14.45,14.6,0.25,226
2004-03-19,1474,1368179,20010819,14.6,14.75,14.5,14.6,0.0,255
2004-03-22,1474,192207,2614204,13.6,13.6,13.6,13.6,-1.0,51
2004-03-23,1474,2840111,36218951,12.65,13.1,12.65,12.75,-0.85,408
2004-03-24,1474,984055,12689526,12.85,13.05,12.8,12.9,0.15,188
2004-03-25,1474,414250,5375142,13.0,13.1,12.9,12.9,0.0,117
2004-03-26,1474,596000,7659700,13.0,13.0,12.8,12.85,-0.05,119
2004-03-29,1474,777000,10423550,13.0,13.55,13.0,13.55,0.7,154
2004-03-30,1474,781000,10677400,13.55,13.8,13.35,13.65,0.1,124
2004-03-31,1474,398100,5435187,13.65,13.9,13.55,13.7,0.05,97
2004-04-01,1474,444020,6057372,13.7,13.7,13.55,13.55,-0.15,72
2004-04-02,1474,792182,10907638,13.55,13.9,13.55,13.8,0.25,168
2004-04-05,1474,706001,9912763,14.0,14.2,13.95,14.0,0.2,139
2004-04-06,1474,1006002,14270576,14.1,14.4,14.05,14.2,0.2,212
2004-04-07,1474,471030,6644523,14.3,14.3,14.0,14.05,-0.15,96
2004-04-08,1474,921612,12984045,14.1,14.25,13.9,14.1,0.05,194
2004-04-09,1474,447360,6235764,14.1,14.1,13.8,13.95,-0.15,121
2004-04-12,1474,562600,7982277,14.1,14.25,14.05,14.15,0.2,163
2004-04-13,1474,570000,8054950,14.2,14.2,13.95,14.15,0.0,119
2004-04-14,1474,594128,8456449,14.2,14.4,14.15,14.25,0.1,141
2004-04-15,1474,570297,8109755,14.35,14.35,14.1,14.15,-0.1,149
2004-04-16,1474,754002,10753778,14.15,14.4,14.15,14.2,0.05,143
2004-04-19,1474,592077,8455487,14.3,14.35,14.2,14.2,0.0,131
2004-04-20,1474,418000,5932500,14.3,14.3,14.1,14.1,-0.1,86
2004-04-21,1474,416577,5882187,14.1,14.2,14.05,14.15,0.05,84
2004-04-22,1474,629720,8881097,14.15,14.25,13.95,14.0,-0.15,127
2004-04-23,1474,456650,6366654,14.1,14.1,13.85,13.9,-0.1,101
2004-04-26,1474,388000,5363250,13.9,13.9,13.75,13.75,-0.15,63
2004-04-27,1474,440715,6037229,13.75,13.85,13.6,13.85,0.1,97
2004-04-28,1474,422908,5883712,13.9,14.0,13.8,13.8,-0.05,134
2004-04-29,1474,304401,4156304,13.75,13.85,13.5,13.7,-0.1,101
2004-04-30,1474,363000,4874700,13.7,13.8,13.0,13.5,-0.2,103
2004-05-03,1474,225506,2969293,13.1,13.4,13.1,13.1,-0.4,57
2004-05-04,1474,554300,7319008,13.4,13.4,13.15,13.2,0.1,76
2004-05-05,1474,680963,8828090,13.35,13.35,12.4,12.5,-0.7,146
2004-05-06,1474,330750,4193271,12.8,12.9,12.55,12.7,0.2,94
2004-05-07,1474,433955,5470309,12.7,12.85,12.45,12.85,0.15,77
2004-05-10,1474,319110,3995905,12.65,12.65,12.45,12.55,-0.3,64
2004-05-11,1474,907000,11179050,12.5,12.5,12.2,12.4,-0.15,95
2004-05-12,1474,1315000,16570200,12.5,12.8,12.4,12.6,0.2,111
2004-05-13,1474,113784,1430751,12.6,12.7,12.5,12.55,-0.05,44
2004-05-14,1474,251169,3124707,12.55,12.55,12.35,12.4,-0.15,52
2004-05-17,1474,387000,4655100,12.3,12.3,11.9,12.0,-0.4,120
2004-05-18,1474,327000,3931150,11.9,12.1,11.9,12.05,0.05,63
2004-05-19,1474,389512,4827883,12.1,12.55,12.1,12.55,0.5,99
2004-05-20,1474,166000,2068300,12.4,12.6,12.35,12.4,-0.15,49
2004-05-21,1474,187000,2389050,12.3,12.95,12.3,12.9,0.5,72
2004-05-24,1474,224000,2837900,12.9,12.9,12.45,12.8,-0.1,50
2004-05-25,1474,77000,991500,13.0,13.0,12.7,12.75,-0.05,27
2004-05-26,1474,76551,981015,12.95,12.95,12.75,12.8,0.05,33
2004-05-27,1474,114098,1448346,13.0,13.0,12.6,12.6,-0.2,37
2004-05-28,1474,148157,1885144,12.8,12.8,12.65,12.75,0.15,45
2004-05-31,1474,115733,1471137,12.9,12.9,12.65,12.65,-0.1,32
2004-06-01,1474,30203,382432,12.8,12.8,12.6,12.65,0.0,20
2004-06-02,1474,224552,2813242,12.6,12.6,12.4,12.4,-0.25,57
2004-06-03,1474,240621,2996355,12.5,12.55,12.35,12.45,0.05,42
2004-06-04,1474,97070,1210216,12.55,12.55,12.4,12.45,0.0,20
2004-06-07,1474,172002,2175774,12.7,12.85,12.4,12.85,0.4,57
2004-06-08,1474,98005,1251462,12.9,12.9,12.65,12.7,-0.15,28
2004-06-09,1474,40002,507174,12.8,12.8,12.65,12.7,0.0,17
2004-06-10,1474,75200,952976,12.8,12.8,12.6,12.8,0.1,28
2004-06-11,1474,103100,1304923,12.7,12.8,12.55,12.75,-0.05,31
2004-06-14,1474,125430,1575302,12.8,12.8,12.4,12.4,-0.35,42
2004-06-15,1474,68000,825850,12.3,12.4,12.05,12.35,-0.05,27
2004-06-16,1474,172444,2119200,12.5,12.5,12.1,12.2,-0.15,39
2004-06-17,1474,162278,1987771,12.3,12.4,12.1,12.1,-0.1,53
2004-06-18,1474,384850,4674999,12.2,12.25,12.05,12.2,0.1,76
2004-06-21,1474,376000,4613950,12.3,12.4,12.1,12.1,-0.1,57
2004-06-23,1474,100262,1235900,12.3,12.4,12.3,12.35,0.25,27
2004-06-24,1474,77049,950699,12.35,12.4,12.3,12.3,-0.05,25
2004-06-25,1474,392156,4897657,12.4,12.6,12.4,12.5,0.2,53
2004-06-28,1474,296150,3671862,12.5,12.55,12.35,12.5,0.0,24
2004-06-29,1474,328255,4104169,12.5,12.55,12.4,12.5,0.0,23
2004-06-30,1474,294245,3691395,12.5,12.6,12.5,12.55,0.05,53
2004-07-01,1474,218145,2754337,12.7,12.7,12.5,12.65,0.1,53
2004-07-02,1474,277262,3481275,12.55,12.65,12.5,12.55,-0.1,38
2004-07-05,1474,251000,3130000,12.4,12.55,12.4,12.5,-0.05,22
2004-07-06,1474,193000,2413000,12.5,12.55,12.5,12.55,0.05,20
2004-07-07,1474,376007,4710636,12.5,12.6,12.5,12.5,-0.05,61
2004-07-08,1474,408000,5127650,12.5,12.7,12.5,12.6,0.1,37
2004-07-09,1474,458010,5788875,12.6,12.7,12.6,12.7,0.1,48
2004-07-12,1474,702000,8916800,12.7,12.75,12.65,12.7,0.0,57
2004-07-13,1474,355000,4506550,12.65,12.75,12.6,12.6,-0.1,30
2004-07-14,1474,352000,4437800,12.6,12.65,12.6,12.6,0.0,32
2004-07-15,1474,485000,6144550,12.6,12.9,12.6,12.6,0.0,57
2004-07-16,1474,428001,5414462,12.6,12.8,12.6,12.6,0.0,40
2004-07-19,1474,539000,6795800,12.6,12.65,12.5,12.55,-0.05,45
2004-07-20,1474,682003,8535086,12.6,12.6,12.2,12.3,-0.25,90
2004-07-21,1474,661243,8316420,12.4,12.7,12.4,12.4,0.1,82
2004-07-22,1474,482000,5990550,12.45,12.5,12.35,12.35,-0.05,45
2004-07-23,1474,345054,4277361,12.45,12.45,12.35,12.35,0.0,38
2004-07-26,1474,303010,3757972,12.35,12.5,12.35,12.4,0.05,24
2004-07-27,1474,285250,3513159,12.4,12.45,12.3,12.35,-0.05,41
2004-07-28,1474,447000,5536950,12.35,12.5,12.35,12.5,0.15,59
2004-07-29,1474,451000,5584800,12.5,12.5,12.25,12.35,-0.15,60
2004-07-30,1474,313000,3882800,12.35,12.45,12.35,12.45,0.1,43
2004-08-02,1474,368000,4566400,12.45,12.45,12.4,12.4,-0.05,44
2004-08-03,1474,494000,6108700,12.4,12.4,12.3,12.35,-0.05,51
2004-08-04,1474,866000,10679750,12.35,12.4,12.2,12.35,0.0,130
2004-08-05,1474,330000,3619100,11.1,11.15,10.9,11.0,0.0,78
2004-08-06,1474,305052,3336715,11.0,11.0,10.9,10.9,-0.1,65
2004-08-09,1474,204310,2183558,10.8,10.8,10.55,10.55,-0.35,65
2004-08-10,1474,489000,5124600,10.55,10.55,10.35,10.55,0.0,77
2004-08-11,1474,147527,1547326,10.55,10.6,10.4,10.4,-0.15,38
2004-08-12,1474,74000,772450,10.5,10.5,10.4,10.45,0.05,19
2004-08-13,1474,148002,1548657,10.4,10.5,10.4,10.45,0.0,35
2004-08-16,1474,43070,449426,10.4,10.45,10.4,10.45,0.0,18
2004-08-17,1474,178100,1870289,10.5,10.6,10.45,10.45,0.0,32
2004-08-18,1474,196494,2042832,10.4,10.45,10.35,10.45,0.0,42
2004-08-19,1474,281000,2964600,10.5,10.6,10.5,10.55,0.1,52
2004-08-20,1474,214000,2276450,10.55,10.7,10.55,10.65,0.1,56
2004-08-23,1474,103300,1100977,10.7,10.7,10.6,10.7,0.05,36
2004-08-26,1474,271000,2935450,10.75,10.9,10.75,10.85,0.15,63
2004-08-27,1474,164000,1771350,10.8,10.85,10.8,10.8,-0.05,38
2004-08-30,1474,140070,1510601,10.85,10.85,10.7,10.85,0.05,35
2004-08-31,1474,203860,2220376,10.85,10.95,10.8,10.85,0.0,69
2004-09-01,1474,202000,2209300,10.95,11.0,10.85,10.95,0.1,47
2004-09-02,1474,359060,3944453,10.95,11.05,10.9,11.05,0.1,64
2004-09-03,1474,394704,4378735,11.15,11.15,11.0,11.1,0.05,66
2004-09-06,1474,218822,2421323,11.1,11.15,11.0,11.1,0.0,49
2004-09-07,1474,322040,3579929,11.1,11.2,11.05,11.1,0.0,64
2004-09-08,1474,526000,5896250,11.1,11.25,11.1,11.2,0.1,109
2004-09-09,1474,278000,3102550,11.2,11.25,11.1,11.1,-0.1,49
2004-09-10,1474,222340,2478380,11.1,11.25,11.05,11.25,0.15,57
2004-09-13,1474,210843,2380682,11.2,11.35,11.2,11.35,0.1,62
2004-09-14,1474,742010,8547512,11.35,11.7,11.35,11.55,0.2,178
2004-09-15,1474,669040,7680209,11.5,11.55,11.45,11.55,0.0,100
2004-09-16,1474,268666,3081851,11.5,11.55,11.4,11.55,0.0,40
2004-09-17,1474,134500,1539344,11.5,11.55,11.4,11.4,-0.15,39
2004-09-20,1474,386510,4438182,11.4,11.6,11.4,11.4,0.0,97
2004-09-21,1474,236234,2693602,11.5,11.55,11.35,11.35,-0.05,42
2004-09-22,1474,125500,1425195,11.35,11.4,11.35,11.35,0.0,29
2004-09-23,1474,67000,759950,11.4,11.4,11.3,11.3,-0.05,24
2004-09-24,1474,71001,802661,11.3,11.35,11.3,11.3,0.0,22
2004-09-27,1474,98877,1117204,11.3,11.35,11.25,11.3,0.0,32
2004-09-29,1474,442101,5098785,11.4,11.75,11.3,11.3,0.0,138
2004-09-30,1474,128093,1466745,11.4,11.6,11.35,11.5,0.2,37
2004-10-01,1474,165010,1888764,11.5,11.55,11.4,11.5,0.0,41
2004-10-04,1474,175639,2026108,11.6,11.6,11.4,11.5,0.0,56
2004-10-05,1474,212003,2443184,11.6,11.6,11.45,11.45,-0.05,43
2004-10-06,1474,306000,3494800,11.45,11.5,11.35,11.35,-0.1,59
2004-10-07,1474,360900,4086560,11.5,11.5,11.25,11.25,-0.1,44
2004-10-08,1474,318069,3572522,11.35,11.35,11.15,11.25,0.0,51
2004-10-11,1474,263000,2952750,11.3,11.3,11.2,11.2,-0.05,57
2004-10-12,1474,133069,1488918,11.2,11.25,11.15,11.15,-0.05,47
2004-10-13,1474,312000,3476200,11.2,11.2,11.0,11.15,0.0,129
2004-10-14,1474,316257,3453500,11.1,11.1,10.8,10.8,-0.35,84
2004-10-15,1474,167192,1817585,10.8,11.0,10.8,10.8,0.0,73
2004-10-18,1474,353314,3774210,10.85,11.0,10.45,10.85,0.05,125
2004-10-19,1474,207381,2260793,10.9,11.0,10.7,10.7,-0.15,95
2004-10-20,1474,139564,1517321,10.7,10.95,10.7,10.9,0.2,48
2004-10-21,1474,134616,1466010,10.8,10.95,10.8,10.9,0.0,54
2004-10-22,1474,164208,1792404,10.9,10.95,10.85,10.85,-0.05,45
2004-10-26,1474,134674,1449821,10.85,10.85,10.7,10.7,-0.15,27
2004-10-27,1474,218613,2353910,10.6,10.95,10.6,10.8,0.1,36
2004-10-28,1474,128012,1396028,10.8,10.95,10.75,10.8,0.0,34
2004-10-29,1474,149778,1618779,10.8,10.9,10.7,10.7,-0.1,60
2004-11-01,1474,96060,1040426,10.7,10.9,10.7,10.7,0.0,36
2004-11-02,1474,121072,1303115,10.85,10.85,10.7,10.8,0.1,32
2004-11-03,1474,132202,1430142,10.85,10.85,10.8,10.85,0.05,43
2004-11-04,1474,84434,915306,10.85,10.9,10.8,10.8,-0.05,51
2004-11-05,1474,211470,2318996,10.8,11.05,10.8,11.05,0.25,58
2004-11-08,1474,117000,1283300,11.0,11.05,10.85,10.85,-0.2,30
2004-11-09,1474,183932,2000251,10.8,11.0,10.8,10.85,0.0,42
2004-11-10,1474,164302,1804543,11.0,11.05,10.9,10.95,0.1,57
2004-11-11,1474,129695,1425194,11.0,11.0,10.95,10.95,0.0,46
2004-11-12,1474,147332,1620353,11.0,11.05,10.95,11.05,0.1,27
2004-11-15,1474,110059,1215998,11.2,11.2,11.0,11.0,-0.05,28
2004-11-16,1474,67001,736160,11.0,11.0,10.95,11.0,0.0,26
2004-11-17,1474,171000,1880550,11.0,11.05,10.95,10.95,-0.05,33
2004-11-18,1474,716300,7988416,11.0,11.35,10.95,11.2,0.25,141
2004-11-19,1474,328734,3694675,11.35,11.35,11.1,11.1,-0.1,75
2004-11-22,1474,176982,1946090,11.1,11.1,10.9,11.0,-0.1,48
2004-11-23,1474,167872,1849827,11.0,11.1,10.95,10.95,-0.05,44
2004-11-24,1474,137480,1522226,11.1,11.1,11.0,11.0,0.05,42
2004-11-25,1474,143576,1579800,11.05,11.05,10.95,10.95,-0.05,30
2004-11-26,1474,143923,1583650,11.1,11.1,10.95,10.95,0.0,36
2004-11-29,1474,450000,5083300,11.0,11.5,11.0,11.4,0.45,161
2004-11-30,1474,481140,5470325,11.4,11.5,11.3,11.5,0.1,101
2004-12-01,1474,1234536,14577867,11.5,12.0,11.5,11.85,0.35,269
2004-12-02,1474,417000,4918100,11.85,11.95,11.7,11.85,0.0,110
2004-12-03,1474,328960,3864665,11.85,11.85,11.7,11.75,-0.1,64
2004-12-06,1474,390595,4516404,11.6,11.65,11.45,11.55,-0.2,91
2004-12-07,1474,148000,1714100,11.55,11.65,11.5,11.6,0.05,49
2004-12-08,1474,69169,802350,11.6,11.6,11.6,11.6,0.0,21
2004-12-09,1474,555975,6532786,11.7,11.85,11.65,11.7,0.1,131
2004-12-10,1474,151553,1775371,11.75,11.75,11.65,11.75,0.05,40
2004-12-13,1474,256020,3007883,11.75,11.85,11.65,11.7,-0.05,59
2004-12-14,1474,171962,2012294,11.7,11.8,11.65,11.7,0.0,40
2004-12-15,1474,798000,9509700,11.8,12.1,11.75,11.9,0.2,178
2004-12-16,1474,402921,4836703,12.0,12.05,11.95,12.05,0.15,96
2004-12-17,1474,613000,7390700,12.05,12.1,12.0,12.05,0.0,75
2004-12-20,1474,171020,2038439,11.9,12.0,11.9,12.0,-0.05,43
2004-12-21,1474,479000,5703100,12.0,12.05,11.85,12.0,0.0,64
2004-12-22,1474,418001,5018561,12.0,12.05,11.95,12.0,0.0,59
2004-12-23,1474,232921,2793095,12.0,12.05,11.95,12.05,0.05,44
2004-12-24,1474,441604,5322285,12.0,12.1,12.0,12.05,0.0,64
2004-12-27,1474,356005,4272859,12.0,12.05,11.95,12.0,-0.05,47
2004-12-28,1474,132274,1587621,12.0,12.05,12.0,12.05,0.05,26
2004-12-29,1474,592005,7222009,12.0,12.3,12.0,12.3,0.25,120
2004-12-30,1474,261040,3193838,12.3,12.3,12.2,12.25,-0.05,72
2004-12-31,1474,512087,6226859,12.2,12.25,12.1,12.2,-0.05,50
2005-01-03,1474,527000,6502550,12.25,12.45,12.2,12.4,0.2,121
2005-01-04,1474,353978,4341136,12.45,12.45,12.2,12.25,-0.15,93
2005-01-05,1474,152002,1848524,12.25,12.25,12.1,12.1,-0.15,38
2005-01-06,1474,280008,3378996,12.1,12.1,12.05,12.05,-0.05,42
2005-01-07,1474,304000,3667950,12.15,12.15,12.0,12.05,0.0,51
2005-01-10,1474,85000,1026000,12.05,12.1,12.05,12.1,0.05,20
2005-01-11,1474,231820,2804763,12.1,12.15,12.05,12.1,0.0,39
2005-01-12,1474,454509,5472622,12.1,12.1,11.9,11.95,-0.15,57
2005-01-13,1474,174010,2070618,11.95,12.1,11.8,11.8,-0.15,50
2005-01-14,1474,102739,1216924,11.95,11.95,11.75,11.9,0.1,29
2005-01-17,1474,130040,1558723,11.9,12.1,11.9,11.95,0.05,33
2005-01-18,1474,66684,794381,11.95,11.95,11.85,11.95,0.0,22
2005-01-19,1474,66525,788341,11.9,12.0,11.8,11.8,-0.15,29
2005-01-20,1474,117275,1375741,11.8,11.8,11.7,11.75,-0.05,54
2005-01-21,1474,69153,812376,11.8,11.85,11.7,11.75,0.0,26
2005-01-24,1474,152000,1767150,11.65,11.9,11.45,11.65,-0.1,50
2005-01-25,1474,294001,3431961,11.8,11.8,11.6,11.65,0.0,73
2005-01-26,1474,169000,1978400,11.7,11.8,11.6,11.7,0.05,46
2005-01-27,1474,90000,1044500,11.65,11.7,11.55,11.65,-0.05,29
2005-01-28,1474,238000,2777550,11.65,11.75,11.6,11.65,0.0,62
2005-01-31,1474,169990,1998122,11.65,11.85,11.65,11.8,0.15,51
2005-02-01,1474,133000,1566050,11.85,11.9,11.65,11.75,-0.05,37
2005-02-02,1474,153599,1805040,11.85,11.85,11.7,11.7,-0.05,39
2005-02-03,1474,431996,5078609,11.7,11.85,11.7,11.75,0.05,74
2005-02-14,1474,619000,7319700,11.9,11.95,11.7,11.8,0.05,93
2005-02-15,1474,145011,1712167,11.8,11.85,11.8,11.8,0.0,45
2005-02-16,1474,344500,4093820,11.85,12.0,11.75,12.0,0.2,58
2005-02-17,1474,102000,1213100,11.8,12.0,11.8,11.9,-0.1,33
2005-02-18,1474,442606,5304722,12.0,12.1,11.9,12.05,0.15,83
2005-02-21,1474,196000,2376150,12.05,12.2,12.05,12.15,0.1,60
2005-02-22,1474,139992,1686131,12.15,12.2,12.0,12.0,-0.15,58
2005-02-23,1474,45149,539578,12.0,12.0,11.9,11.95,-0.05,22
2005-02-24,1474,393681,4676494,12.1,12.1,11.8,11.85,-0.1,76
2005-02-25,1474,343000,4070600,11.85,11.9,11.8,11.85,0.0,65
2005-03-01,1474,106001,1262861,12.0,12.0,11.85,11.85,0.0,38
2005-03-02,1474,353619,4193405,11.9,11.95,11.8,11.8,-0.05,96
2005-03-03,1474,360598,4220196,11.85,11.85,11.65,11.7,-0.1,96
2005-03-04,1474,966020,11410271,11.7,12.0,11.7,12.0,0.3,156
2005-03-07,1474,728007,8788227,12.05,12.15,11.9,11.95,-0.05,114
2005-03-08,1474,171000,2046974,12.05,12.1,11.85,11.85,-0.1,51
2005-03-09,1474,198001,2335061,11.75,11.9,11.75,11.85,0.0,61
2005-03-10,1474,269068,3160875,11.85,11.85,11.7,11.85,0.0,70
2005-03-11,1474,216775,2558185,11.8,11.85,11.75,11.8,-0.05,28
2005-03-14,1474,258655,3024337,11.75,11.75,11.65,11.65,-0.15,52
2005-03-15,1474,351124,4069575,11.6,11.8,11.45,11.5,-0.15,61
2005-03-16,1474,203000,2356300,11.6,11.7,11.55,11.55,0.05,37
2005-03-17,1474,140974,1633540,11.6,11.6,11.55,11.55,0.0,27
2005-03-18,1474,106999,1236178,11.55,11.6,11.55,11.6,0.05,22
2005-03-21,1474,59049,684752,11.6,11.65,11.55,11.6,0.0,28
2005-03-22,1474,72412,834752,11.55,11.6,11.5,11.5,-0.1,29
2005-03-23,1474,296971,3415157,11.5,11.6,11.45,11.5,0.0,45
2005-03-24,1474,362118,4158999,11.5,11.5,11.45,11.45,-0.05,50
2005-03-25,1474,84548,972929,11.6,11.6,11.5,11.5,0.05,28
2005-03-28,1474,348799,4017238,11.5,11.65,11.45,11.6,0.1,42
2005-03-29,1474,54002,621373,11.45,11.6,11.45,11.5,-0.1,25
2005-03-30,1474,92493,1063289,11.5,11.5,11.45,11.45,-0.05,35
2005-03-31,1474,195777,2252049,11.5,11.6,11.45,11.55,0.1,34
2005-04-01,1474,58000,666400,11.5,11.55,11.45,11.5,-0.05,22
2005-04-04,1474,82000,939200,11.5,11.5,11.4,11.5,0.0,29
2005-04-06,1474,82604,942609,11.5,11.5,11.2,11.35,-0.15,33
2005-04-07,1474,65421,745749,11.35,11.45,11.35,11.4,0.05,31
2005-04-08,1474,254000,2895100,11.45,11.45,11.35,11.4,0.0,25
2005-04-11,1474,140405,1577891,11.3,11.3,11.2,11.2,-0.2,30
2005-04-12,1474,259055,2855412,11.2,11.2,10.9,11.0,-0.2,72
2005-04-13,1474,112067,1227069,11.0,11.0,10.9,11.0,0.0,32
2005-04-14,1474,57533,632631,11.0,11.0,10.9,11.0,0.0,11
2005-04-15,1474,184000,2006600,11.0,11.0,10.8,10.95,-0.05,41
2005-04-18,1474,333000,3578500,10.9,10.9,10.6,10.8,-0.15,66
2005-04-19,1474,87001,931860,10.8,10.8,10.6,10.6,-0.2,26
2005-04-20,1474,285728,2979671,10.6,10.75,10.25,10.25,-0.35,90
2005-04-21,1474,73396,752234,10.2,10.4,10.1,10.4,0.15,39
2005-04-22,1474,707593,7403981,10.5,10.55,10.4,10.4,0.0,58
2005-04-25,1474,92213,948890,10.3,10.4,10.2,10.3,-0.1,30
2005-04-26,1474,108000,1121850,10.2,10.5,10.2,10.35,0.05,29
2005-04-27,1474,241569,2490204,10.35,10.35,10.25,10.3,-0.05,45
2005-04-28,1474,519649,5384144,10.3,10.45,10.3,10.4,0.1,35
2005-04-29,1474,136678,1411609,10.3,10.4,10.3,10.3,-0.1,30
2005-05-03,1474,149000,1530050,10.2,10.3,10.2,10.25,-0.05,27
2005-05-04,1474,98000,1005050,10.3,10.3,10.2,10.2,-0.05,25
2005-05-05,1474,159009,1635091,10.2,10.3,10.2,10.3,0.1,31
2005-05-06,1474,418000,4286400,10.25,10.3,10.25,10.25,-0.05,31
2005-05-09,1474,148000,1529450,10.25,10.5,10.25,10.3,0.05,21
2005-05-10,1474,63000,647150,10.3,10.3,10.25,10.25,-0.05,15
2005-05-11,1474,102930,1056076,10.35,10.35,10.25,10.25,0.0,21
2005-05-12,1474,192782,1934196,9.54,10.35,9.54,10.15,-0.1,59
2005-05-13,1474,43423,440967,10.1,10.2,10.1,10.1,-0.05,18
2005-05-16,1474,65379,651564,10.1,10.1,9.9,9.92,-0.18,27
2005-05-17,1474,33509,334421,10.0,10.0,9.95,10.0,0.08,19
2005-05-18,1474,48850,492256,10.0,10.15,9.96,10.15,0.15,15
2005-05-19,1474,125000,1283600,10.2,10.35,10.0,10.35,0.2,42
2005-05-20,1474,33000,341300,10.2,10.4,10.2,10.25,-0.1,12
2005-05-23,1474,21052,215379,10.25,10.25,10.2,10.25,0.0,7
2005-05-24,1474,3000,30600,10.2,10.2,10.2,10.2,-0.05,1
2005-05-25,1474,129000,1323350,10.3,10.3,10.1,10.1,-0.1,16
2005-05-26,1474,6928,70351,10.2,10.2,10.2,10.2,0.1,14
2005-05-27,1474,108000,1083650,10.1,10.2,10.0,10.2,0.0,29
2005-05-30,1474,34000,340600,10.15,10.15,9.95,10.1,-0.1,14
2005-05-31,1474,120000,1200840,10.0,10.1,9.97,10.0,-0.1,26
2005-06-01,1474,68000,680910,9.95,10.1,9.95,10.0,0.0,22
2005-06-02,1474,225000,2259850,10.0,10.1,10.0,10.1,0.1,32
2005-06-03,1474,50575,512422,10.1,10.2,10.0,10.2,0.1,24
2005-06-06,1474,130000,1309460,10.0,10.2,9.9,10.15,-0.05,36
2005-06-07,1474,126002,1270044,10.0,10.15,10.0,10.15,0.0,39
2005-06-08,1474,142471,1444552,10.15,10.15,10.1,10.1,-0.05,25
2005-06-09,1474,321455,3239854,10.1,10.4,10.0,10.2,0.1,81
2005-06-10,1474,71000,717200,10.05,10.2,10.05,10.2,0.0,20
2005-06-13,1474,168000,1695700,10.2,10.2,10.05,10.15,-0.05,23
2005-06-14,1474,124000,1241400,10.0,10.1,10.0,10.0,-0.15,34
2005-06-15,1474,159000,1585820,9.85,10.1,9.85,10.1,0.1,51
2005-06-16,1474,231000,2313290,10.1,10.1,9.96,10.0,-0.1,47
2005-06-17,1474,83444,836714,10.05,10.1,10.0,10.0,0.0,45
2005-06-20,1474,33344,335220,10.1,10.1,10.05,10.1,0.1,20
2005-06-21,1474,115273,1153439,10.1,10.1,10.0,10.0,-0.1,32
2005-06-22,1474,109876,1100776,10.0,10.1,9.95,10.05,0.05,46
2005-06-23,1474,276425,2769293,10.0,10.1,10.0,10.05,0.0,51
2005-06-24,1474,149412,1494053,10.05,10.05,9.98,10.0,-0.05,65
2005-06-27,1474,123760,1235479,10.0,10.0,9.95,9.98,-0.02,50
2005-06-28,1474,255000,2518130,9.8,9.98,9.8,9.95,-0.03,70
2005-06-29,1474,199000,1973930,9.95,9.96,9.9,9.9,-0.05,52
2005-06-30,1474,61017,602897,9.9,9.9,9.87,9.88,-0.02,22
2005-07-01,1474,180012,1776534,9.88,9.88,9.85,9.87,-0.01,54
2005-07-04,1474,163000,1605520,9.86,9.86,9.84,9.85,-0.02,49
2005-07-05,1474,198976,1954303,9.85,9.9,9.8,9.85,0.0,54
2005-07-06,1474,116000,1141540,9.85,9.9,9.8,9.87,0.02,32
2005-07-07,1474,222855,2194485,9.86,9.93,9.82,9.9,0.03,45
2005-07-08,1474,71921,711100,9.9,9.95,9.85,9.9,0.0,26
2005-07-11,1474,160350,1581606,9.85,9.89,9.85,9.88,-0.02,41
2005-07-12,1474,230015,2259317,9.9,9.9,9.8,9.83,-0.05,57
2005-07-13,1474,226996,2222858,9.8,9.81,9.75,9.75,-0.08,57
2005-07-14,1474,21163,206418,9.78,9.78,9.75,9.75,0.0,19
2005-07-15,1474,134333,1314387,9.75,9.85,9.72,9.74,-0.01,50
2005-07-19,1474,108811,1063637,9.74,9.83,9.72,9.8,0.06,30
2005-07-20,1474,206000,2008730,9.78,9.8,9.7,9.73,-0.07,64
2005-07-21,1474,126000,1219220,9.7,9.73,9.65,9.73,0.0,47
2005-07-22,1474,54999,536508,9.7,9.8,9.7,9.71,-0.02,25
2005-07-25,1474,52354,508618,9.71,9.73,9.71,9.72,0.01,14
2005-07-26,1474,81015,782724,9.72,9.72,9.65,9.71,-0.01,30
2005-07-27,1474,28000,271540,9.7,9.71,9.63,9.67,-0.04,17
2005-07-28,1474,160001,1546159,9.66,9.71,9.64,9.71,0.04,36
2005-07-29,1474,98000,949100,9.71,9.71,9.66,9.66,-0.05,27
2005-08-01,1474,51000,495200,9.64,9.77,9.63,9.66,0.0,13
2005-08-02,1474,84000,811270,9.63,9.69,9.63,9.65,-0.01,28
2005-08-03,1474,145000,1400470,9.66,9.7,9.61,9.69,0.04,31
2005-08-04,1474,230487,2224623,9.69,9.7,9.64,9.64,-0.05,29
2005-08-08,1474,238040,2295443,9.65,9.66,9.6,9.62,-0.02,32
2005-08-09,1474,277000,2641300,9.56,9.7,9.51,9.52,-0.1,50
2005-08-10,1474,197000,1879810,9.64,9.64,9.52,9.55,0.03,19
2005-08-11,1474,178000,1700210,9.56,9.58,9.55,9.58,0.03,24
2005-08-12,1474,196127,1873443,9.6,9.63,9.53,9.6,0.02,36
2005-08-15,1474,235861,2249957,9.6,9.6,9.51,9.55,-0.05,46
2005-08-16,1474,261000,2490630,9.6,9.62,9.5,9.5,-0.05,40
2005-08-17,1474,276450,2638721,9.5,9.55,9.5,9.5,0.0,42
2005-08-18,1474,361000,3425250,9.51,9.51,9.42,9.42,-0.08,53
2005-08-19,1474,481000,4515040,9.42,9.42,9.37,9.4,-0.02,87
2005-08-22,1474,381937,3583978,9.4,9.4,9.35,9.39,-0.01,59
2005-08-23,1474,486000,4561730,9.4,9.4,9.37,9.39,0.0,79
2005-08-24,1474,1174000,11014140,9.4,9.4,9.36,9.37,-0.02,215
2005-08-25,1474,513000,4143090,8.19,8.25,7.92,7.92,0.0,137
2005-08-26,1474,512355,4007636,7.92,7.92,7.7,7.78,-0.14,105
2005-08-29,1474,185000,1422710,7.73,7.76,7.64,7.69,-0.09,39
2005-08-30,1474,363237,2785832,7.69,7.7,7.61,7.7,0.01,52
2005-08-31,1474,160200,1229212,7.7,7.72,7.65,7.65,-0.05,39
2005-09-02,1474,243000,1883000,7.71,7.82,7.7,7.82,0.17,53
2005-09-05,1474,82151,639084,7.8,7.8,7.74,7.77,-0.05,21
2005-09-06,1474,77000,601500,7.77,7.83,7.77,7.8,0.03,19
2005-09-07,1474,165000,1289900,7.8,7.86,7.8,7.8,0.0,39
2005-09-08,1474,155659,1217962,7.83,7.87,7.81,7.81,0.01,43
2005-09-09,1474,147534,1154499,7.81,7.86,7.81,7.82,0.01,37
2005-09-12,1474,255363,1986243,7.8,7.82,7.73,7.74,-0.08,40
2005-09-13,1474,262000,2049900,7.81,7.85,7.77,7.85,0.11,65
2005-09-14,1474,156610,1233544,7.9,7.95,7.82,7.85,0.0,56
2005-09-15,1474,76000,593250,7.85,7.85,7.75,7.8,-0.05,22
2005-09-16,1474,84002,654144,7.81,7.81,7.76,7.76,-0.04,22
2005-09-19,1474,63282,493636,7.8,7.85,7.75,7.76,0.0,15
2005-09-20,1474,53456,415657,7.8,7.8,7.76,7.77,0.01,20
2005-09-21,1474,75999,592630,7.77,7.83,7.75,7.78,0.01,25
2005-09-22,1474,118093,909668,7.75,7.84,7.66,7.8,0.02,46
2005-09-23,1474,60564,472975,7.81,7.81,7.81,7.81,0.01,10
2005-09-26,1474,107000,836630,7.85,7.87,7.76,7.81,0.0,30
2005-09-27,1474,56000,436630,7.81,7.81,7.75,7.79,-0.02,14
2005-09-28,1474,32453,251829,7.74,7.8,7.74,7.8,0.01,14
2005-09-29,1474,48496,378648,7.8,7.81,7.8,7.81,0.01,16
2005-09-30,1474,239000,1867430,7.64,7.89,7.64,7.85,0.04,28
2005-10-03,1474,90501,710521,7.85,7.87,7.82,7.87,0.02,29
2005-10-04,1474,73000,568840,7.83,7.87,7.71,7.79,-0.08,45
2005-10-05,1474,43936,340712,7.76,7.79,7.74,7.79,0.0,19
2005-10-06,1474,40050,312297,7.79,7.81,7.78,7.8,0.01,17
2005-10-07,1474,20000,155970,7.79,7.81,7.79,7.81,0.01,6
2005-10-11,1474,35000,271310,7.8,7.8,7.72,7.72,-0.09,13
2005-10-12,1474,151000,1162150,7.72,7.72,7.63,7.65,-0.07,39
2005-10-13,1474,42121,321210,7.63,7.65,7.6,7.6,-0.05,20
2005-10-14,1474,138576,1066682,7.75,7.75,7.64,7.65,0.05,45
2005-10-17,1474,231958,1789035,7.68,7.72,7.68,7.72,0.07,57
2005-10-18,1474,158443,1224760,7.7,7.74,7.68,7.74,0.02,27
2005-10-19,1474,161726,1245169,7.74,7.74,7.68,7.68,-0.06,42
2005-10-20,1474,274629,2110452,7.68,7.75,7.62,7.68,0.0,67
2005-10-21,1474,91218,699913,7.68,7.68,7.66,7.67,-0.01,51
2005-10-24,1474,145820,1108312,7.67,7.68,7.57,7.57,-0.1,68
2005-10-25,1474,201820,1531899,7.6,7.61,7.55,7.61,0.04,61
2005-10-26,1474,86929,660306,7.65,7.65,7.55,7.6,-0.01,46
2005-10-27,1474,201592,1534081,7.63,7.64,7.6,7.64,0.04,38
2005-10-28,1474,33013,250553,7.6,7.6,7.57,7.57,-0.07,26
2005-10-31,1474,106573,805830,7.55,7.64,7.52,7.64,0.07,33
2005-11-01,1474,33084,251657,7.65,7.65,7.59,7.6,-0.04,16
2005-11-02,1474,84605,642590,7.61,7.61,7.57,7.6,0.0,30
2005-11-03,1474,99857,758783,7.6,7.63,7.57,7.57,-0.03,38
2005-11-04,1474,115000,869610,7.56,7.6,7.54,7.6,0.03,34
2005-11-07,1474,169039,1280453,7.55,7.6,7.55,7.6,0.0,43
2005-11-08,1474,179551,1360935,7.55,7.6,7.53,7.55,-0.05,37
2005-11-09,1474,226791,1723990,7.55,7.62,7.55,7.57,0.02,35
2005-11-10,1474,192343,1458057,7.58,7.62,7.57,7.62,0.05,47
2005-11-11,1474,337697,2575792,7.62,7.68,7.58,7.63,0.01,51
2005-11-14,1474,62226,475490,7.62,7.68,7.62,7.67,0.04,30
2005-11-15,1474,100864,774348,7.67,7.69,7.66,7.67,0.0,40
2005-11-16,1474,106000,812120,7.67,7.69,7.65,7.67,0.0,24
2005-11-17,1474,30000,228410,7.6,7.65,7.6,7.61,-0.06,9
2005-11-18,1474,367008,2824736,7.61,7.85,7.61,7.8,0.19,88
2005-11-21,1474,308000,2444450,7.85,8.05,7.85,8.0,0.2,86
2005-11-22,1474,165201,1313738,7.95,8.0,7.9,7.99,-0.01,35
2005-11-23,1474,268241,2134314,7.99,7.99,7.9,7.95,-0.04,45
2005-11-24,1474,554967,4356366,7.95,7.95,7.76,7.76,-0.19,94
2005-11-25,1474,391978,3051689,7.77,7.8,7.77,7.78,0.02,53
2005-11-28,1474,56121,439636,7.82,7.88,7.8,7.82,0.04,17
2005-11-29,1474,49065,384504,7.84,7.84,7.83,7.84,0.02,16
2005-11-30,1474,45000,352670,7.89,7.89,7.8,7.82,-0.02,11
2005-12-01,1474,46997,367092,7.82,7.82,7.8,7.8,-0.02,26
2005-12-02,1474,336424,2633339,7.8,7.85,7.78,7.8,0.0,48
2005-12-05,1474,77614,606579,7.8,7.84,7.8,7.83,0.03,29
2005-12-06,1474,40845,315340,7.8,7.82,7.65,7.81,-0.02,24
2005-12-07,1474,62105,487274,7.85,7.89,7.81,7.86,0.05,24
2005-12-08,1474,108280,848717,7.81,7.88,7.81,7.86,0.0,42
2005-12-09,1474,89289,700537,7.83,7.87,7.81,7.87,0.01,44
2005-12-12,1474,46701,367527,7.9,7.9,7.84,7.88,0.01,22
2005-12-13,1474,222201,1763845,7.87,7.98,7.86,7.98,0.1,56
2005-12-14,1474,120268,964364,8.1,8.1,8.0,8.02,0.04,49
2005-12-15,1474,24015,192186,8.1,8.1,7.95,8.05,0.03,15
2005-12-16,1474,328033,2636324,8.02,8.1,8.0,8.05,0.0,68
2005-12-19,1474,252624,2050951,8.09,8.19,8.03,8.19,0.14,84
2005-12-20,1474,118031,963470,8.15,8.19,8.13,8.15,-0.04,40
2005-12-21,1474,120880,981295,8.1,8.13,8.1,8.11,-0.04,27
2005-12-22,1474,132035,1071955,8.11,8.13,8.11,8.11,0.0,35
2005-12-23,1474,293401,2380352,8.11,8.15,8.09,8.13,0.02,59
2005-12-26,1474,256015,2082780,8.14,8.15,8.11,8.13,0.0,63
2005-12-27,1474,327764,2699407,8.13,8.31,8.13,8.2,0.07,63
2005-12-28,1474,183275,1501645,8.2,8.23,8.16,8.2,0.0,44
2005-12-29,1474,227839,1867124,8.16,8.24,8.16,8.2,0.0,42
2005-12-30,1474,513525,4207243,8.2,8.25,8.17,8.18,-0.02,84
2006-01-02,1474,301206,2429098,8.15,8.15,8.01,8.06,-0.12,51
2006-01-03,1474,501850,4043130,8.06,8.08,8.03,8.08,0.02,87
2006-01-04,1474,238153,1932634,8.08,8.21,8.08,8.12,0.04,71
2006-01-05,1474,112416,916188,8.2,8.2,8.1,8.18,0.06,38
2006-01-06,1474,362945,2950530,8.17,8.2,8.1,8.13,-0.05,87
2006-01-09,1474,437024,3551752,8.13,8.19,8.1,8.11,-0.02,82
2006-01-10,1474,114037,926766,8.15,8.17,8.12,8.14,0.03,28
2006-01-11,1474,121003,984389,8.14,8.17,8.12,8.15,0.01,50
2006-01-12,1474,350999,2901729,8.15,8.35,8.13,8.27,0.12,154
2006-01-13,1474,315906,2589062,8.28,8.28,8.15,8.2,-0.07,104
2006-01-16,1474,400077,3292929,8.27,8.27,8.2,8.27,0.07,117
2006-01-17,1474,239506,1970356,8.27,8.27,8.19,8.25,-0.02,85
2006-01-18,1474,324999,2637702,8.23,8.23,8.02,8.11,-0.14,75
2006-01-19,1474,179999,1456022,8.11,8.15,8.07,8.11,0.0,55
2006-01-20,1474,160045,1292598,8.1,8.13,8.05,8.1,-0.01,47
2006-01-23,1474,264213,2113562,8.05,8.05,7.98,7.98,-0.12,56
2006-01-24,1474,123101,985948,8.0,8.04,8.0,8.03,0.05,79
2006-01-25,1474,125100,1009770,8.04,8.09,8.04,8.08,0.05,35
2006-02-03,1474,78841,637189,8.1,8.14,8.05,8.05,-0.03,29
2006-02-06,1474,183817,1482090,8.06,8.1,8.03,8.1,0.05,68
2006-02-07,1474,209837,1713823,8.15,8.2,8.1,8.17,0.07,68
2006-02-08,1474,135171,1104822,8.18,8.2,8.12,8.18,0.01,41
2006-02-09,1474,158690,1289550,8.18,8.18,8.1,8.1,-0.08,45
2006-02-10,1474,102316,830922,8.13,8.14,8.08,8.13,0.03,40
2006-02-13,1474,147202,1191522,8.13,8.13,8.06,8.1,-0.03,36
2006-02-14,1474,150633,1223501,8.1,8.15,8.1,8.15,0.05,39
2006-02-15,1474,98267,798668,8.11,8.14,8.11,8.11,-0.04,21
2006-02-16,1474,162882,1325422,8.1,8.18,8.08,8.15,0.04,45
2006-02-17,1474,208957,1695431,8.15,8.15,8.1,8.11,-0.04,36
2006-02-20,1474,147052,1192326,8.1,8.14,8.06,8.06,-0.05,44
2006-02-21,1474,148001,1192818,8.06,8.1,8.03,8.03,-0.03,48
2006-02-22,1474,127000,1018540,8.03,8.07,8.0,8.02,-0.01,34
2006-02-23,1474,79554,639432,8.05,8.08,8.02,8.02,0.0,33
2006-02-24,1474,459000,3688620,8.03,8.05,7.86,8.02,0.0,26
2006-02-27,1474,102094,809987,7.98,7.99,7.9,7.96,-0.06,24
2006-03-01,1474,78932,625630,7.96,7.96,7.9,7.92,-0.04,37
2006-03-02,1474,773081,6123215,7.92,8.04,7.88,8.0,0.08,54
2006-03-03,1474,104657,833551,8.02,8.08,7.94,7.94,-0.06,31
2006-03-06,1474,72798,577769,7.91,7.99,7.89,7.96,0.02,27
2006-03-07,1474,185000,1465357,7.96,7.96,7.89,7.89,-0.07,51
2006-03-08,1474,177569,1395197,7.9,7.97,7.81,7.83,-0.06,56
2006-03-09,1474,102745,808674,7.85,7.94,7.83,7.94,0.11,35
2006-03-10,1474,176162,1408330,7.94,8.02,7.94,7.97,0.03,42
2006-03-13,1474,302468,2408942,7.97,8.01,7.96,8.01,0.04,22
2006-03-14,1474,182678,1454934,8.03,8.04,7.95,7.97,-0.04,39
2006-03-15,1474,78962,630394,7.97,8.0,7.97,7.97,0.0,21
2006-03-16,1474,112960,902002,7.97,8.0,7.95,7.99,0.02,36
2006-03-17,1474,160266,1282834,8.1,8.1,7.96,7.96,-0.03,35
2006-03-20,1474,183391,1467077,8.0,8.05,7.98,7.98,0.02,30
2006-03-21,1474,21287,169736,8.0,8.0,7.92,7.99,0.01,12
2006-03-22,1474,26018,206872,7.99,7.99,7.93,7.93,-0.06,15
2006-03-23,1474,114683,909994,7.95,7.97,7.92,7.93,0.0,23
2006-03-24,1474,877156,6958162,7.93,7.95,7.93,7.95,0.02,43
2006-03-27,1474,1132754,9102223,8.0,8.13,7.99,8.08,0.13,122
2006-03-28,1474,230281,1850838,8.14,8.14,8.0,8.0,-0.08,68
2006-03-29,1474,228001,1822268,7.93,8.04,7.93,8.03,0.03,26
2006-03-30,1474,79709,641242,8.05,8.06,8.0,8.05,0.02,35
2006-03-31,1474,173122,1389023,8.05,8.05,8.01,8.02,-0.03,41
2006-04-03,1474,87492,704876,8.05,8.1,8.02,8.02,0.0,26
2006-04-04,1474,744629,5997912,8.05,8.1,8.02,8.02,0.0,54
2006-04-06,1474,365957,2979411,8.09,8.24,8.05,8.2,0.18,107
2006-04-07,1474,330719,2734198,8.25,8.35,8.2,8.2,0.0,79
2006-04-10,1474,347506,2883672,8.22,8.35,8.22,8.24,0.04,89
2006-04-11,1474,331208,2735382,8.27,8.3,8.22,8.26,0.02,75
2006-04-12,1474,798112,6719985,8.25,8.55,8.25,8.52,0.26,207
2006-04-13,1474,1664150,15009173,8.7,9.11,8.7,9.08,0.56,341
2006-04-14,1474,751991,6799246,9.24,9.24,8.95,8.99,-0.09,166
2006-04-17,1474,383867,3489193,9.0,9.19,9.0,9.1,0.11,131
2006-04-18,1474,363543,3321494,9.2,9.22,9.1,9.16,0.06,92
2006-04-19,1474,468464,4313605,9.25,9.28,9.17,9.17,0.01,113
2006-04-20,1474,322101,2941597,9.08,9.2,9.05,9.16,-0.01,84
2006-04-21,1474,527658,4797033,9.16,9.2,8.95,9.02,-0.14,102
2006-04-24,1474,847394,7708105,9.02,9.19,9.02,9.16,0.14,105
2006-04-25,1474,331771,3049993,9.2,9.23,9.17,9.17,0.01,94
2006-04-26,1474,529706,4898128,9.23,9.29,9.18,9.27,0.1,115
2006-04-27,1474,565693,5255373,9.29,9.32,9.26,9.3,0.03,136
2006-04-28,1474,303770,2786414,9.32,9.32,9.1,9.24,-0.06,81
2006-05-02,1474,638394,5896423,9.14,9.32,9.14,9.27,0.03,128
2006-05-03,1474,685552,6412604,9.27,9.43,9.27,9.29,0.02,138
2006-05-04,1474,649909,6059916,9.29,9.42,9.28,9.28,-0.01,113
2006-05-05,1474,630459,5869061,9.28,9.35,9.26,9.26,-0.02,112
2006-05-08,1474,1176422,11110695,9.3,9.57,9.3,9.46,0.2,236
2006-05-09,1474,540841,5114613,9.48,9.56,9.3,9.3,-0.16,131
2006-05-10,1474,949650,9003722,9.4,9.62,9.4,9.4,0.1,210
2006-05-11,1474,444106,4155374,9.4,9.48,9.31,9.31,-0.09,118
2006-05-12,1474,515290,4773942,9.3,9.31,9.2,9.27,-0.04,123
2006-05-15,1474,520271,4857585,9.2,9.45,9.2,9.27,0.0,119
2006-05-16,1474,392934,3646366,9.35,9.4,9.21,9.21,-0.06,84
2006-05-17,1474,615630,5644361,9.22,9.25,9.12,9.12,-0.09,107
2006-05-18,1474,419742,3752784,9.01,9.05,8.7,8.7,-0.42,118
2006-05-19,1474,436547,3869250,8.8,8.92,8.75,8.88,0.18,102
2006-05-22,1474,791490,6978822,8.93,8.95,8.6,8.6,-0.28,123
2006-05-23,1474,631596,5477356,8.75,8.75,8.6,8.6,0.0,120
2006-05-24,1474,491838,4268074,8.65,8.74,8.65,8.7,0.1,84
2006-05-25,1474,643002,5559705,8.76,8.76,8.5,8.5,-0.2,119
2006-05-26,1474,625788,5350991,8.5,8.66,8.5,8.52,0.02,138
2006-05-29,1474,461727,3944725,8.55,8.67,8.52,8.55,0.03,106
2006-05-30,1474,1175000,10463710,9.14,9.14,8.64,8.65,0.1,205
2006-06-01,1474,1440874,12340466,8.65,8.74,8.5,8.52,-0.13,186
2006-06-02,1474,632100,5377406,8.52,8.52,8.46,8.48,-0.04,96
2006-06-05,1474,636000,5270900,8.47,8.47,8.05,8.05,-0.43,142
2006-06-06,1474,1417000,11466290,8.04,8.2,8.04,8.08,0.03,131
2006-06-07,1474,514279,4174905,8.1,8.16,8.08,8.08,0.0,90
2006-06-08,1474,489043,3902670,8.08,8.15,7.91,7.95,-0.13,99
2006-06-09,1474,437443,3495314,7.95,8.08,7.95,8.06,0.11,83
2006-06-12,1474,323250,2605373,8.07,8.07,8.05,8.06,0.0,53
2006-06-13,1474,357424,2882443,8.1,8.1,8.0,8.07,0.01,56
2006-06-14,1474,290009,2348842,8.06,8.12,8.06,8.1,0.03,72
2006-06-15,1474,161717,1310896,8.1,8.15,8.1,8.1,0.0,41
2006-06-16,1474,333465,2725472,8.1,8.24,8.1,8.18,0.08,96
2006-06-19,1474,201000,1646160,8.18,8.27,8.15,8.18,0.0,62
2006-06-20,1474,406000,3307740,8.18,8.18,8.09,8.12,-0.06,68
2006-06-21,1474,356000,2873900,8.1,8.13,8.02,8.02,-0.1,68
2006-06-22,1474,197640,1596750,8.05,8.1,8.05,8.09,0.07,44
2006-06-23,1474,62142,499520,8.05,8.08,8.01,8.04,-0.05,20
2006-06-26,1474,139020,1127162,8.12,8.15,8.05,8.1,0.06,30
2006-06-27,1474,104624,850250,8.1,8.15,8.1,8.15,0.05,26
2006-06-28,1474,261952,2123097,8.14,8.14,8.06,8.1,-0.05,64
2006-06-29,1474,131377,1071369,8.12,8.2,8.12,8.2,0.1,44
2006-06-30,1474,224010,1843292,8.22,8.3,8.2,8.24,0.04,45
2006-07-03,1474,106020,874713,8.3,8.3,8.23,8.27,0.03,30
2006-07-04,1474,247000,2041690,8.3,8.3,8.23,8.27,0.0,50
2006-07-05,1474,232432,1915663,8.27,8.29,8.2,8.2,-0.07,74
2006-07-06,1474,110000,903390,8.2,8.24,8.19,8.22,0.02,48
2006-07-07,1474,147079,1209509,8.2,8.25,8.2,8.22,0.0,34
2006-07-10,1474,77239,636171,8.25,8.27,8.2,8.25,0.03,33
2006-07-11,1474,173925,1438865,8.27,8.3,8.25,8.25,0.0,44
2006-07-12,1474,176573,1413592,7.72,8.23,7.72,8.2,-0.05,63
2006-07-13,1474,81593,664975,8.17,8.18,8.12,8.15,-0.05,20
2006-07-14,1474,111010,898400,8.1,8.15,8.04,8.09,-0.06,26
2006-07-17,1474,111000,882990,8.0,8.04,7.92,7.93,-0.16,27
2006-07-18,1474,41785,332926,7.98,8.0,7.94,8.0,0.07,16
2006-07-19,1474,317000,2529660,8.03,8.05,7.96,8.05,0.05,41
2006-07-20,1474,87587,707055,8.05,8.11,8.02,8.09,0.04,30
2006-07-21,1474,216070,1768675,8.1,8.23,8.09,8.15,0.06,49
2006-07-24,1474,143001,1162168,8.15,8.15,8.1,8.11,-0.04,36
2006-07-25,1474,196000,1593830,8.13,8.18,8.11,8.14,0.03,53
2006-07-26,1474,69199,563567,8.14,8.16,8.14,8.16,0.02,21
2006-07-27,1474,101264,824944,8.15,8.16,8.14,8.16,0.0,33
2006-07-28,1474,161265,1313381,8.14,8.16,8.14,8.16,0.0,47
2006-07-31,1474,117010,954381,8.15,8.17,8.15,8.16,0.0,32
2006-08-01,1474,141169,1149718,8.15,8.16,8.12,8.15,-0.01,38
2006-08-02,1474,114100,927904,8.15,8.16,8.12,8.15,0.0,27
2006-08-03,1474,175394,1428174,8.15,8.17,8.11,8.13,-0.02,50
2006-08-04,1474,497235,4050095,8.13,8.16,8.13,8.15,0.02,158
2006-08-07,1474,150712,1227110,8.15,8.16,8.12,8.16,0.01,47
2006-08-08,1474,140528,1145482,8.15,8.18,8.12,8.17,0.01,36
2006-08-09,1474,53085,433141,8.15,8.18,8.15,8.18,0.01,18
2006-08-10,1474,87000,710360,8.16,8.18,8.15,8.16,-0.02,30
2006-08-11,1474,110000,897320,8.16,8.18,8.14,8.15,-0.01,35
2006-08-14,1474,187370,1528981,8.14,8.18,8.14,8.18,0.03,46
2006-08-15,1474,216208,1770906,8.16,8.22,8.16,8.21,0.03,53
2006-08-16,1474,121610,999467,8.21,8.24,8.2,8.24,0.03,33
2006-08-17,1474,160266,1317950,8.25,8.25,8.21,8.24,0.0,37
2006-08-18,1474,155027,1273580,8.2,8.23,8.2,8.21,-0.03,28
2006-08-21,1474,267020,2170761,8.15,8.15,8.12,8.12,-0.09,68
2006-08-22,1474,193806,1571938,8.12,8.18,8.09,8.18,0.06,54
2006-08-23,1474,155001,1256018,8.15,8.15,8.09,8.1,-0.08,43
2006-08-24,1474,69607,564104,8.1,8.15,8.09,8.12,0.02,29
2006-08-25,1474,82179,666028,8.1,8.15,8.1,8.1,-0.02,31
2006-08-28,1474,171000,1376070,8.1,8.1,8.02,8.02,-0.08,48
2006-08-29,1474,135200,1083508,8.03,8.05,8.0,8.02,0.0,43
2006-08-30,1474,66000,530280,8.02,8.1,8.02,8.03,0.01,21
2006-08-31,1474,67788,545504,8.05,8.1,8.03,8.08,0.05,24
2006-09-01,1474,77599,622512,8.08,8.08,8.0,8.06,-0.02,37
2006-09-04,1474,96881,780900,8.01,8.1,8.01,8.1,0.04,37
2006-09-05,1474,119800,964398,8.1,8.1,8.01,8.03,-0.07,26
2006-09-06,1474,72099,577829,8.03,8.03,8.0,8.02,-0.01,25
2006-09-07,1474,76228,609784,8.02,8.02,7.99,8.0,-0.02,34
2006-09-08,1474,337173,2689621,8.0,8.0,7.95,7.97,-0.03,77
2006-09-11,1474,62678,499826,7.97,8.0,7.95,7.98,0.01,34
2006-09-12,1474,385285,3044628,7.98,7.98,7.84,7.84,-0.14,67
2006-09-13,1474,407863,3200250,7.84,7.87,7.82,7.85,0.01,54
2006-09-14,1474,239945,1871420,7.85,7.85,7.78,7.79,-0.06,80
2006-09-15,1474,285499,2215317,7.79,7.82,7.73,7.82,0.03,63
2006-09-18,1474,214367,1690896,7.82,7.95,7.82,7.88,0.06,70
2006-09-19,1474,200473,1577700,7.89,7.89,7.85,7.89,0.01,50
2006-09-20,1474,204561,1608041,7.85,7.89,7.84,7.87,-0.02,67
2006-09-21,1474,83439,661002,7.87,7.97,7.87,7.95,0.08,27
2006-09-22,1474,65921,523581,7.95,7.96,7.91,7.96,0.01,30
2006-09-25,1474,49388,395714,7.95,8.03,7.95,8.02,0.06,27
2006-09-26,1474,97947,785086,8.05,8.05,8.0,8.04,0.02,27
2006-09-27,1474,90026,724835,8.04,8.08,8.04,8.06,0.02,31
2006-09-28,1474,98159,786817,8.06,8.06,7.96,8.01,-0.05,31
2006-09-29,1474,204937,1647443,8.0,8.08,8.0,8.07,0.06,64
2006-10-02,1474,119416,965289,8.03,8.12,8.03,8.12,0.05,43
2006-10-03,1474,112602,919276,8.14,8.25,8.11,8.16,0.04,33
2006-10-04,1474,281400,2309494,8.16,8.24,8.16,8.2,0.04,94
2006-10-05,1474,204986,1688613,8.32,8.32,8.21,8.25,0.05,42
2006-10-11,1474,384600,3172782,8.21,8.28,8.21,8.28,0.03,59
2006-10-12,1474,452889,3797170,8.31,8.5,8.25,8.4,0.12,138
2006-10-13,1474,146483,1240086,8.4,8.5,8.4,8.46,0.06,54
2006-10-14,1474,458606,3908740,8.49,8.6,8.45,8.6,0.14,141
2006-10-16,1474,891788,7685601,8.61,8.72,8.55,8.56,-0.04,181
2006-10-17,1474,376557,3239720,8.52,8.67,8.52,8.57,0.01,76
2006-10-18,1474,246776,2112837,8.55,8.6,8.53,8.53,-0.04,78
2006-10-19,1474,594720,5114665,8.52,8.68,8.52,8.6,0.07,79
2006-10-20,1474,393893,3395948,8.6,8.66,8.6,8.63,0.03,74
2006-10-23,1474,374983,3252781,8.6,8.72,8.59,8.71,0.08,90
2006-10-24,1474,654420,5754302,8.78,8.84,8.73,8.78,0.07,196
2006-10-25,1474,489803,4280309,8.81,8.82,8.68,8.7,-0.08,95
2006-10-26,1474,228262,1985940,8.71,8.75,8.62,8.68,-0.02,60
2006-10-27,1474,407999,3557770,8.7,8.77,8.64,8.77,0.09,102
2006-10-30,1474,342140,2985159,8.73,8.76,8.61,8.73,-0.04,76
2006-10-31,1474,528680,4642699,8.75,8.82,8.71,8.81,0.08,130
2006-11-01,1474,1038930,9216628,8.84,8.9,8.82,8.88,0.07,266
2006-11-02,1474,3861011,32708399,8.3,8.53,8.21,8.26,0.0,291
2006-11-03,1474,2401549,19765649,8.22,8.3,8.01,8.2,-0.06,293
2006-11-06,1474,387284,3146824,8.19,8.19,8.09,8.12,-0.08,72
2006-11-07,1474,704362,5788161,8.15,8.3,8.13,8.18,0.06,81
2006-11-08,1474,212656,1739968,8.2,8.21,8.14,8.18,0.0,47
2006-11-09,1474,188623,1534276,8.18,8.2,8.11,8.11,-0.07,58
2006-11-10,1474,194717,1575484,8.11,8.14,8.04,8.07,-0.04,60
2006-11-13,1474,359631,2897138,8.08,8.13,8.0,8.0,-0.07,93
2006-11-14,1474,874826,7172706,8.2,8.26,8.13,8.2,0.2,199
2006-11-15,1474,200065,1641172,8.21,8.27,8.19,8.19,-0.01,58
2006-11-16,1474,250133,2055184,8.15,8.25,8.15,8.22,0.03,73
2006-11-17,1474,322023,2653405,8.24,8.25,8.22,8.24,0.02,73
2006-11-20,1474,236153,1938447,8.24,8.24,8.19,8.21,-0.03,62
2006-11-21,1474,214133,1757041,8.21,8.23,8.18,8.21,0.0,34
2006-11-22,1474,196519,1614433,8.21,8.24,8.2,8.22,0.01,52
2006-11-23,1474,549207,4552007,8.22,8.35,8.22,8.34,0.12,124
2006-11-24,1474,265776,2210326,8.38,8.38,8.29,8.31,-0.03,82
2006-11-27,1474,273999,2280750,8.31,8.38,8.25,8.3,-0.01,60
2006-11-28,1474,474701,3951482,8.35,8.35,8.3,8.32,0.02,95
2006-11-29,1474,316466,2649390,8.32,8.42,8.32,8.35,0.03,93
2006-11-30,1474,774418,6588351,8.38,8.6,8.36,8.56,0.21,204
2006-12-01,1474,1155726,10010322,8.6,8.8,8.56,8.68,0.12,228
2006-12-04,1474,1285480,11402974,8.76,8.95,8.76,8.92,0.24,309
2006-12-05,1474,989217,8739778,9.0,9.1,8.6,8.65,-0.27,247
2006-12-06,1474,446876,3897474,8.68,8.89,8.68,8.77,0.12,90
2006-12-07,1474,304454,2658395,8.83,8.83,8.7,8.73,-0.04,67
2006-12-08,1474,364262,3195406,8.73,8.82,8.7,8.73,0.0,79
2006-12-11,1474,366378,3213445,8.78,8.8,8.71,8.8,0.07,90
2006-12-12,1474,553145,4877775,8.88,8.9,8.75,8.84,0.04,142
2006-12-13,1474,238314,2070786,8.84,8.85,8.6,8.63,-0.21,76
2006-12-14,1474,282765,2482011,8.6,8.85,8.6,8.8,0.17,72
2006-12-15,1474,571380,5057005,8.8,8.95,8.74,8.76,-0.04,123
2006-12-18,1474,381001,3390687,8.8,8.95,8.8,8.9,0.14,77
2006-12-19,1474,664118,5912234,8.9,8.97,8.85,8.88,-0.02,81
2006-12-20,1474,542268,4827297,8.9,8.95,8.89,8.91,0.03,127
2006-12-21,1474,1110999,10004130,8.95,9.14,8.92,8.95,0.04,209
2006-12-22,1474,471122,4202923,9.0,9.0,8.86,8.93,-0.02,83
2006-12-25,1474,403366,3595463,8.93,9.0,8.87,9.0,0.07,88
2006-12-26,1474,673994,6091664,9.0,9.09,9.0,9.03,0.03,146
2006-12-27,1474,539871,4896842,9.05,9.19,9.0,9.0,-0.03,117
2006-12-28,1474,292662,2626360,9.01,9.01,8.95,8.99,-0.01,71
2006-12-29,1474,455000,4091149,8.98,9.05,8.93,9.0,0.01,74
2007-01-02,1474,850278,7770424,9.05,9.3,9.0,9.25,0.25,153
2007-01-03,1474,890755,8225823,9.29,9.3,9.19,9.26,0.01,148
2007-01-04,1474,343298,3134554,9.2,9.23,9.1,9.1,-0.16,92
2007-01-05,1474,652285,5792690,9.0,9.02,8.8,8.86,-0.24,155
2007-01-08,1474,131978,1172184,8.86,8.9,8.86,8.88,0.02,43
2007-01-09,1474,303811,2716684,8.9,8.98,8.9,8.96,0.08,70
2007-01-10,1474,331387,2935614,8.96,8.96,8.82,8.83,-0.13,64
2007-01-11,1474,450149,3911371,8.86,8.86,8.6,8.6,-0.23,104
2007-01-12,1474,253901,2198360,8.55,8.7,8.55,8.67,0.07,44
2007-01-15,1474,93000,804710,8.7,8.74,8.63,8.65,-0.02,30
2007-01-16,1474,143636,1249286,8.65,8.78,8.62,8.68,0.03,43
2007-01-17,1474,176619,1536901,8.7,8.74,8.65,8.68,0.0,50
2007-01-18,1474,716850,6390281,8.68,9.1,8.65,9.1,0.42,180
2007-01-19,1474,1757488,16587326,9.2,9.69,9.06,9.3,0.2,405
2007-01-22,1474,188999,1765328,9.3,9.45,9.28,9.32,0.02,83
2007-01-23,1474,212005,1961985,9.25,9.35,9.22,9.23,-0.09,63
2007-01-24,1474,298202,2778440,9.23,9.5,9.23,9.3,0.07,81
2007-01-25,1474,416799,3875395,9.31,9.48,9.2,9.2,-0.1,110
2007-01-26,1474,253460,2323377,9.25,9.29,9.1,9.23,0.03,66
2007-01-29,1474,157536,1449954,9.2,9.3,9.14,9.15,-0.08,46
2007-01-30,1474,237122,2143302,9.15,9.15,9.0,9.0,-0.15,54
2007-01-31,1474,107239,956629,9.01,9.01,8.85,8.88,-0.12,44
2007-02-01,1474,121445,1086539,9.04,9.05,8.87,8.91,0.03,41
2007-02-02,1474,55999,504871,8.91,9.07,8.91,9.0,0.09,29
2007-02-05,1474,21716,196264,9.0,9.08,9.0,9.05,0.05,18
2007-02-06,1474,319419,2910548,9.05,9.2,9.0,9.16,0.11,91
2007-02-07,1474,251198,2270205,9.12,9.12,9.0,9.01,-0.15,71
2007-02-08,1474,186000,1681460,9.09,9.1,9.0,9.0,-0.01,51
2007-02-09,1474,176790,1604902,9.01,9.14,9.01,9.07,0.07,57
2007-02-12,1474,173198,1576213,9.12,9.15,9.08,9.08,0.01,45
2007-02-13,1474,226010,2050820,9.08,9.13,9.05,9.06,-0.02,42
2007-02-14,1474,220740,2001663,9.1,9.13,9.05,9.06,0.0,47
2007-02-26,1474,226909,2075787,9.14,9.16,9.1,9.15,0.09,56
2007-02-27,1474,158000,1444020,9.17,9.17,9.13,9.13,-0.02,52
2007-03-01,1474,419546,3771630,8.95,9.05,8.95,9.0,-0.13,75
2007-03-02,1474,157825,1435252,9.05,9.14,9.04,9.1,0.1,58
2007-03-03,1474,145460,1323241,9.1,9.11,9.09,9.1,0.0,53
2007-03-05,1474,259587,2345071,9.1,9.12,8.96,9.0,-0.1,77
2007-03-06,1474,305109,2738100,8.98,9.0,8.87,9.0,0.0,51
2007-03-07,1474,344761,3100747,9.0,9.0,8.95,8.98,-0.02,48
2007-03-08,1474,158389,1424189,9.0,9.0,8.9,8.96,-0.02,33
2007-03-09,1474,243292,2189551,8.96,9.06,8.96,8.98,0.02,57
2007-03-12,1474,308615,2778641,8.99,9.03,8.99,9.0,0.02,42
2007-03-13,1474,418987,3769113,9.01,9.01,8.91,9.0,0.0,59
2007-03-14,1474,191454,1717464,9.0,9.0,8.95,8.99,-0.01,56
2007-03-15,1474,154019,1387549,9.0,9.02,9.0,9.0,0.01,48
2007-03-16,1474,169408,1528371,9.02,9.06,9.01,9.02,0.02,53
2007-03-19,1474,217405,1976695,9.03,9.14,9.03,9.05,0.03,71
2007-03-20,1474,246084,2237444,9.05,9.14,9.05,9.07,0.02,61
2007-03-21,1474,119001,1088089,9.18,9.18,9.1,9.12,0.05,32
2007-03-22,1474,359660,3304620,9.2,9.22,9.12,9.12,0.0,80
2007-03-23,1474,173650,1596542,9.12,9.21,9.12,9.17,0.05,44
2007-03-26,1474,216600,1995672,9.15,9.28,9.15,9.23,0.06,62
2007-03-27,1474,342673,3159818,9.25,9.26,9.15,9.15,-0.08,73
2007-03-28,1474,155376,1418028,9.15,9.15,9.1,9.15,0.0,32
2007-03-29,1474,591999,5452330,9.15,9.29,9.15,9.26,0.11,95
2007-03-30,1474,118266,1093754,9.26,9.26,9.19,9.23,-0.03,34
2007-04-02,1474,149016,1379945,9.21,9.32,9.21,9.24,0.01,41
2007-04-03,1474,183999,1708629,9.3,9.33,9.21,9.31,0.07,58
2007-04-04,1474,895768,8471507,9.35,9.56,9.34,9.47,0.16,203
2007-04-09,1474,2291752,22450888,9.6,9.9,9.6,9.87,0.4,399
2007-04-10,1474,866142,8428689,9.86,9.87,9.65,9.68,-0.19,170
2007-04-11,1474,572414,5547491,9.7,9.72,9.65,9.66,-0.02,94
2007-04-12,1474,1469030,14429872,9.66,9.96,9.63,9.85,0.19,240
2007-04-13,1474,662742,6483315,9.95,9.95,9.69,9.71,-0.14,134
2007-04-14,1474,382510,3739057,9.72,9.85,9.72,9.77,0.06,76
2007-04-16,1474,763620,7545480,9.9,9.98,9.8,9.98,0.21,175
2007-04-17,1474,1637252,16539207,10.2,10.25,9.94,9.94,-0.04,324
2007-04-18,1474,485549,4872164,9.96,10.15,9.96,10.05,0.11,124
2007-04-19,1474,431990,4286509,10.05,10.05,9.82,9.9,-0.15,114
2007-04-20,1474,246124,2440026,9.95,9.99,9.85,9.9,0.0,74
2007-04-23,1474,290072,2907600,10.0,10.1,9.96,10.0,0.1,79
2007-04-24,1474,311164,3124495,10.0,10.1,10.0,10.05,0.05,80
2007-04-25,1474,419000,4206970,10.05,10.1,9.97,10.1,0.05,92
2007-04-26,1474,358828,3628630,10.15,10.2,10.05,10.1,0.0,85
2007-04-27,1474,253949,2538444,10.0,10.1,9.92,10.0,-0.1,69
2007-04-30,1474,615773,6095365,9.98,9.98,9.8,9.92,-0.08,90
2007-05-02,1474,281737,2828122,9.92,10.15,9.9,9.97,0.05,63
2007-05-03,1474,296159,2926798,10.0,10.1,9.7,9.97,0.0,100
2007-05-04,1474,723999,7334526,9.96,10.25,9.9,10.2,0.23,139
2007-05-07,1474,333365,3391004,10.2,10.3,10.1,10.15,-0.05,94
2007-05-08,1474,166342,1685302,10.2,10.2,10.1,10.1,-0.05,41
2007-05-09,1474,346089,3492093,10.15,10.15,10.05,10.05,-0.05,53
2007-05-10,1474,149413,1506870,10.1,10.15,10.05,10.1,0.05,43
2007-05-11,1474,183344,1834620,10.1,10.1,9.96,10.1,0.0,67
2007-05-14,1474,114030,1148500,10.2,10.2,10.0,10.1,0.0,46
2007-05-15,1474,74419,745867,10.1,10.1,10.0,10.05,-0.05,32
2007-05-16,1474,153417,1534709,10.05,10.1,9.98,10.05,0.0,37
2007-05-17,1474,68609,686341,10.1,10.1,9.99,9.99,-0.06,31
2007-05-18,1474,85915,854148,9.96,9.98,9.92,9.97,-0.02,30
2007-05-21,1474,123287,1229020,10.0,10.0,9.91,10.0,0.03,41
2007-05-22,1474,477810,4842000,10.0,10.25,10.0,10.05,0.05,112
2007-05-23,1474,303389,3083955,10.05,10.25,10.05,10.1,0.05,83
2007-05-24,1474,258472,2612240,10.1,10.2,10.05,10.05,-0.05,51
2007-05-25,1474,130956,1316925,10.1,10.1,10.0,10.0,-0.05,37
2007-05-28,1474,274357,2771986,10.1,10.2,10.05,10.1,0.1,56
2007-05-29,1474,97689,982190,10.1,10.1,10.05,10.1,0.0,28
2007-05-30,1474,306468,3070623,10.1,10.1,9.95,9.95,-0.15,52
2007-05-31,1474,143995,1439789,10.0,10.0,9.97,10.0,0.05,30
2007-06-01,1474,155900,1558087,10.0,10.0,9.96,10.0,0.0,39
2007-06-04,1474,465161,4645200,10.0,10.05,9.96,10.0,0.0,61
2007-06-05,1474,409107,4081888,10.0,10.0,9.97,9.98,-0.02,41
2007-06-06,1474,126324,1260175,9.98,10.0,9.97,9.97,-0.01,31
2007-06-07,1474,38614,383592,9.97,9.99,9.91,9.97,0.0,21
2007-06-08,1474,228754,2268649,9.91,9.97,9.9,9.96,-0.01,63
2007-06-11,1474,188029,1864846,9.9,9.96,9.9,9.96,0.0,59
2007-06-12,1474,205840,2054840,9.96,10.0,9.95,9.98,0.02,51
2007-06-13,1474,111018,1103266,10.0,10.0,9.92,9.95,-0.03,39
2007-06-14,1474,240999,2391789,9.93,9.95,9.9,9.92,-0.03,64
2007-06-15,1474,243967,2423349,9.92,9.95,9.91,9.93,0.01,68
2007-06-20,1474,111492,1109622,9.95,9.99,9.93,9.99,0.06,50
2007-06-21,1474,117240,1171997,9.99,10.05,9.96,9.96,-0.03,41
2007-06-22,1474,613491,6134161,9.96,10.1,9.91,10.1,0.14,141
2007-06-23,1474,291553,2936230,10.1,10.15,10.0,10.1,0.0,80
2007-06-25,1474,954999,9854837,10.1,10.5,10.1,10.3,0.2,235
2007-06-26,1474,248470,2549519,10.3,10.4,10.2,10.3,0.0,69
2007-06-27,1474,317916,3280791,10.3,10.4,10.3,10.3,0.0,84
2007-06-28,1474,369402,3786797,10.3,10.3,10.2,10.2,-0.1,109
2007-06-29,1474,155000,1581550,10.25,10.3,10.15,10.2,0.0,42
2007-07-02,1474,281090,2900164,10.2,10.45,10.2,10.35,0.15,85
2007-07-03,1474,361010,3756151,10.4,10.5,10.35,10.45,0.1,111
2007-07-04,1474,1019646,10883652,10.55,10.8,10.55,10.65,0.2,206
2007-07-05,1474,525109,5612145,10.8,10.8,10.6,10.65,0.0,111
2007-07-06,1474,925078,9818966,10.65,10.8,10.5,10.6,-0.05,178
2007-07-09,1474,879749,9564081,10.65,11.05,10.65,10.9,0.3,213
2007-07-10,1474,398619,4290616,10.8,10.9,10.7,10.8,-0.1,125
2007-07-11,1474,875698,9416919,10.8,11.0,10.65,11.0,0.2,159
2007-07-12,1474,1018688,11344898,11.0,11.3,11.0,11.3,0.3,269
2007-07-13,1474,1090992,12225655,11.3,11.45,11.1,11.3,0.0,206
2007-07-16,1474,1092659,12272377,11.1,11.35,11.1,11.15,-0.15,176
2007-07-17,1474,1000881,11341095,11.15,11.5,11.15,11.45,0.3,202
2007-07-18,1474,3168613,37724478,11.55,12.15,11.55,11.9,0.45,529
2007-07-19,1474,1433735,17119073,12.0,12.2,11.65,11.65,-0.25,257
2007-07-20,1474,1169018,13560055,11.65,11.8,11.5,11.55,-0.1,196
2007-07-23,1474,550201,6380335,11.5,11.7,11.5,11.65,0.1,130
2007-07-24,1474,1076097,12613835,11.7,11.85,11.6,11.75,0.1,188
2007-07-25,1474,1290194,15013236,11.7,11.8,11.55,11.55,-0.2,198
2007-07-26,1474,863972,9976519,11.6,11.8,11.35,11.35,-0.2,198
2007-07-27,1474,1067800,11733450,11.1,11.1,10.9,11.1,-0.25,282
2007-07-30,1474,375354,4088356,11.0,11.0,10.85,10.9,-0.2,95
2007-07-31,1474,1056076,11830561,11.2,11.4,11.05,11.4,0.5,170
2007-08-01,1474,1549627,17774433,11.35,11.7,11.2,11.3,-0.1,296
2007-08-02,1474,720194,8014492,11.4,11.5,10.85,11.1,-0.2,157
2007-08-03,1474,245203,2741355,11.1,11.25,11.1,11.15,0.05,81
2007-08-06,1474,331721,3652289,11.0,11.1,10.95,11.1,-0.05,99
2007-08-07,1474,459254,5137718,11.2,11.3,11.1,11.1,0.0,98
2007-08-08,1474,660134,7513324,11.2,11.6,11.2,11.4,0.3,181
2007-08-09,1474,334618,3830036,11.45,11.55,11.4,11.55,0.15,73
2007-08-10,1474,404470,4583308,11.45,11.45,11.3,11.3,-0.25,92
2007-08-13,1474,1020581,11752008,11.3,11.6,11.3,11.55,0.25,187
2007-08-14,1474,1580323,18528858,11.55,11.9,11.5,11.65,0.1,229
2007-08-15,1474,788000,9023700,11.6,11.7,11.2,11.3,-0.35,145
2007-08-16,1474,935458,10200922,11.2,11.3,10.7,10.75,-0.55,254
2007-08-17,1474,744241,7741690,10.6,10.85,10.05,10.25,-0.5,202
2007-08-20,1474,400987,4288512,10.65,10.85,10.4,10.75,0.5,128
2007-08-21,1474,1169005,12727102,10.8,11.0,10.75,10.9,0.15,261
2007-08-22,1474,611000,6183750,10.1,10.3,10.05,10.15,0.0,174
2007-08-23,1474,424008,4331679,10.15,10.25,10.15,10.15,0.0,117
2007-08-24,1474,471156,4823256,10.25,10.3,10.15,10.25,0.1,79
2007-08-27,1474,211781,2170853,10.3,10.35,10.2,10.2,-0.05,58
2007-08-28,1474,158672,1613420,10.2,10.25,10.15,10.15,-0.05,59
2007-08-29,1474,708200,7023010,10.0,10.05,9.7,9.88,-0.27,186
2007-08-30,1474,388842,3886572,10.0,10.1,9.95,9.98,0.1,103
2007-08-31,1474,408613,4098552,10.0,10.05,9.99,10.05,0.07,86
2007-09-03,1474,361000,3625900,10.1,10.1,9.98,10.05,0.0,85
2007-09-04,1474,199267,1997713,10.1,10.1,9.98,10.05,0.0,64
2007-09-05,1474,199079,1994720,10.1,10.1,9.99,10.0,-0.05,56
2007-09-06,1474,200121,1996560,10.0,10.0,9.9,10.0,0.0,41
2007-09-07,1474,214057,2128360,10.0,10.0,9.91,9.95,-0.05,65
2007-09-10,1474,490489,4855798,9.9,10.0,9.8,10.0,0.05,104
2007-09-11,1474,530030,5336306,10.0,10.2,9.98,10.1,0.1,128
2007-09-12,1474,375367,3800720,10.15,10.15,10.05,10.05,-0.05,90
2007-09-13,1474,654799,6692849,10.15,10.35,10.05,10.25,0.2,171
2007-09-14,1474,346682,3543090,10.3,10.3,10.15,10.2,-0.05,86
2007-09-17,1474,184000,1861950,10.2,10.2,10.05,10.1,-0.1,42
2007-09-19,1474,320934,3281082,10.15,10.3,10.1,10.2,0.1,90
2007-09-20,1474,228987,2324816,10.15,10.25,10.05,10.1,-0.1,63
2007-09-21,1474,214367,2197929,10.1,10.3,10.1,10.3,0.2,63
2007-09-26,1474,721785,7547263,10.35,10.65,10.25,10.5,0.2,155
2007-09-27,1474,304474,3214429,10.55,10.7,10.4,10.5,0.0,79
2007-09-28,1474,261485,2756293,10.5,10.65,10.5,10.5,0.0,48
2007-09-29,1474,420177,4418428,10.6,10.6,10.3,10.5,0.0,102
2007-10-01,1474,382005,4061953,10.55,10.7,10.55,10.55,0.05,105
2007-10-02,1474,350528,3747096,10.7,10.75,10.65,10.65,0.1,106
2007-10-03,1474,405317,4310928,10.65,10.7,10.55,10.6,-0.05,71
2007-10-04,1474,196326,2062486,10.6,10.6,10.4,10.5,-0.1,74
2007-10-05,1474,154000,1608700,10.5,10.5,10.4,10.4,-0.1,51
2007-10-08,1474,422450,4395129,10.45,10.45,10.35,10.4,0.0,67
2007-10-09,1474,334001,3482410,10.4,10.5,10.3,10.45,0.05,74
2007-10-11,1474,176115,1850088,10.45,10.6,10.45,10.45,0.0,47
2007-10-12,1474,445681,4650144,10.45,10.55,10.3,10.35,-0.1,90
2007-10-15,1474,190000,1963550,10.35,10.35,10.3,10.35,0.0,45
2007-10-16,1474,485004,5051940,10.25,10.6,10.25,10.6,0.25,101
2007-10-17,1474,329317,3432662,10.5,10.5,10.35,10.4,-0.2,67
2007-10-18,1474,135663,1408961,10.45,10.45,10.3,10.35,-0.05,33
2007-10-19,1474,126355,1302356,10.35,10.35,10.25,10.35,0.0,38
2007-10-22,1474,241808,2448899,10.25,10.25,10.05,10.05,-0.3,102
2007-10-23,1474,242299,2434940,10.1,10.1,10.0,10.1,0.05,76
2007-10-24,1474,308898,3142680,10.05,10.3,10.05,10.1,0.0,86
2007-10-25,1474,84000,856100,10.1,10.2,10.1,10.15,0.05,25
2007-10-26,1474,150000,1532600,10.2,10.25,10.15,10.2,0.05,43
2007-10-29,1474,562878,5759090,10.25,10.35,10.15,10.2,0.0,128
2007-10-30,1474,323692,3269870,10.2,10.2,10.05,10.05,-0.15,83
2007-10-31,1474,370800,3737850,10.05,10.15,10.0,10.05,0.0,98
2007-11-01,1474,507002,5025079,10.05,10.05,9.8,9.81,-0.24,122
2007-11-02,1474,417326,3977333,9.6,9.64,9.5,9.6,-0.21,97
2007-11-05,1474,176400,1677819,9.5,9.6,9.4,9.6,0.0,56
2007-11-06,1474,160690,1545614,9.4,9.7,9.4,9.68,0.08,47
2007-11-07,1474,80151,762926,9.6,9.62,9.49,9.5,-0.18,44
2007-11-08,1474,297000,2786640,9.4,9.59,9.15,9.25,-0.25,96
2007-11-09,1474,400000,3593250,9.15,9.25,8.8,9.05,-0.2,91
2007-11-12,1474,105123,927702,8.99,8.99,8.8,8.86,-0.19,32
2007-11-13,1474,50000,443920,8.8,8.98,8.8,8.98,0.12,30
2007-11-14,1474,92000,847870,9.12,9.3,9.12,9.24,0.26,36
2007-11-15,1474,26326,240048,9.01,9.23,9.01,9.23,-0.01,10
2007-11-16,1474,87000,781040,9.1,9.1,8.9,9.1,-0.13,42
2007-11-19,1474,49422,444958,9.0,9.07,9.0,9.07,-0.03,21
2007-11-20,1474,77017,685171,9.0,9.0,8.86,8.88,-0.19,43
2007-11-21,1474,198840,1767944,8.9,9.0,8.8,9.0,0.12,60
2007-11-22,1474,48098,431969,8.95,9.0,8.9,8.99,-0.01,23
2007-11-23,1474,53359,480118,9.21,9.21,8.91,8.91,-0.08,31
2007-11-26,1474,26761,241509,8.99,9.09,8.95,9.05,0.14,10
2007-11-27,1474,178344,1619936,8.9,9.2,8.82,9.1,0.05,56
2007-11-28,1474,280806,2568184,8.91,9.27,8.9,9.06,-0.04,84
2007-11-29,1474,75000,681250,9.06,9.14,9.01,9.12,0.06,20
2007-11-30,1474,38000,347300,9.2,9.2,9.05,9.17,0.05,22
2007-12-03,1474,11016,100225,9.08,9.16,9.08,9.1,-0.07,8
2007-12-04,1474,39000,352060,9.0,9.15,9.0,9.15,0.05,16
2007-12-05,1474,9521,86431,9.03,9.1,9.03,9.1,-0.05,5
2007-12-06,1474,59000,535390,9.1,9.14,9.0,9.09,-0.01,24
2007-12-07,1474,96015,869875,9.09,9.13,9.0,9.02,-0.07,33
2007-12-10,1474,82000,741910,9.02,9.1,9.0,9.05,0.03,20
2007-12-11,1474,78005,704075,9.0,9.05,8.92,9.0,-0.05,20
2007-12-12,1474,123000,1094860,8.4,9.07,8.4,9.06,0.06,37
2007-12-13,1474,93361,843649,9.02,9.07,8.87,8.98,-0.08,21
2007-12-14,1474,69000,614830,9.0,9.07,8.7,8.94,-0.04,29
2007-12-17,1474,118000,1016160,8.94,8.94,8.32,8.79,-0.15,52
2007-12-18,1474,255000,2109080,8.32,8.46,8.18,8.43,-0.36,101
2007-12-19,1474,99521,831659,8.4,8.4,8.3,8.38,-0.05,43
2007-12-20,1474,285283,2370861,8.38,8.39,8.11,8.3,-0.08,104
2007-12-21,1474,96500,778340,8.12,8.3,7.88,8.07,-0.23,50
2007-12-24,1474,354427,2862232,8.08,8.2,8.04,8.05,-0.02,61
2007-12-25,1474,69071,555864,8.1,8.1,8.0,8.1,0.05,28
2007-12-26,1474,12000,96870,8.01,8.11,8.01,8.1,0.0,10
2007-12-27,1474,134000,1087570,8.1,8.2,8.09,8.18,0.08,45
2007-12-28,1474,75000,610510,8.18,8.2,8.06,8.19,0.01,37
2007-12-31,1474,140000,1162500,8.2,8.35,8.2,8.33,0.14,53
2008-01-02,1474,181001,1516318,8.43,8.43,8.34,8.39,0.06,44
2008-01-03,1474,180150,1484871,8.39,8.39,8.2,8.28,-0.11,67
2008-01-04,1474,113707,937056,8.21,8.28,8.21,8.28,0.0,47
2008-01-07,1474,174500,1411379,8.18,8.23,7.88,8.2,-0.08,70
2008-01-08,1474,11000,89270,8.19,8.19,8.05,8.18,-0.02,8
2008-01-09,1474,51000,415380,8.12,8.19,8.04,8.19,0.01,30
2008-01-10,1474,55000,447770,8.19,8.23,8.1,8.2,0.01,18
2008-01-11,1474,90000,734080,8.05,8.22,8.05,8.21,0.01,32
2008-01-14,1474,153108,1259895,8.25,8.34,8.21,8.3,0.09,28
2008-01-15,1474,300999,2598570,8.3,8.8,8.3,8.75,0.45,116
2008-01-16,1474,88001,758288,8.5,8.73,8.5,8.64,-0.11,52
2008-01-17,1474,159000,1362580,8.4,8.84,8.4,8.66,0.02,60
2008-01-18,1474,98655,842913,8.37,8.66,8.37,8.66,0.0,51
2008-01-21,1474,284884,2421122,8.5,8.66,8.45,8.66,0.0,41
2008-01-22,1474,229005,1875121,8.42,8.43,8.06,8.18,-0.48,61
2008-01-23,1474,258000,2079190,8.2,8.25,8.0,8.14,-0.04,55
2008-01-24,1474,132000,1064100,8.17,8.17,8.0,8.1,-0.04,43
2008-01-25,1474,63000,511950,8.1,8.25,8.02,8.15,0.05,22
2008-01-28,1474,116000,935810,8.15,8.15,8.0,8.12,-0.03,36
2008-01-29,1474,65000,524090,8.1,8.13,8.01,8.1,-0.02,26
2008-01-30,1474,60000,487930,8.19,8.19,8.05,8.16,0.06,33
2008-01-31,1474,33000,266050,8.02,8.11,8.0,8.11,-0.05,11
2008-02-01,1474,179005,1453380,8.15,8.2,8.05,8.19,0.08,68
2008-02-12,1474,104000,841890,8.14,8.19,8.0,8.15,-0.04,42
2008-02-13,1474,67714,547142,8.1,8.13,8.01,8.12,-0.03,36
2008-02-14,1474,171927,1376987,7.85,8.14,7.85,8.13,0.01,84
2008-02-15,1474,78000,631570,8.1,8.13,8.02,8.1,-0.03,39
2008-02-18,1474,66127,538388,8.15,8.2,8.1,8.18,0.08,32
2008-02-19,1474,193016,1589121,8.2,8.3,8.2,8.2,0.02,46
2008-02-20,1474,158000,1296090,8.25,8.25,8.13,8.23,0.03,38
2008-02-21,1474,43069,355712,8.35,8.35,8.2,8.3,0.07,23
2008-02-22,1474,78236,644677,8.29,8.3,8.2,8.3,0.0,31
2008-02-25,1474,310291,2620185,8.4,8.54,8.34,8.45,0.15,83
2008-02-26,1474,239248,2023402,8.6,8.65,8.36,8.46,0.01,80
2008-02-27,1474,122005,1038795,8.54,8.57,8.45,8.56,0.1,58
2008-02-29,1474,118138,1004570,8.55,8.55,8.46,8.49,-0.07,27
2008-03-03,1474,95809,814376,8.42,8.6,8.4,8.6,0.11,40
2008-03-04,1474,159293,1368838,8.5,8.65,8.5,8.65,0.05,60
2008-03-05,1474,325012,2861945,8.7,8.88,8.58,8.88,0.23,98
2008-03-06,1474,419133,3726870,9.0,9.0,8.85,8.88,0.0,68
2008-03-07,1474,99440,875201,8.85,8.9,8.72,8.84,-0.04,36
2008-03-10,1474,295287,2574736,8.78,8.84,8.61,8.8,-0.04,43
2008-03-11,1474,74000,644290,8.5,8.78,8.5,8.78,-0.02,27
2008-03-12,1474,212001,1867568,8.85,8.87,8.76,8.82,0.04,54
2008-03-13,1474,70195,613606,8.78,8.88,8.66,8.79,-0.03,38
2008-03-14,1474,249301,2158756,8.75,8.75,8.61,8.75,-0.04,41
2008-03-17,1474,113000,975570,8.7,8.7,8.51,8.68,-0.07,34
2008-03-18,1474,69420,592798,8.66,8.66,8.51,8.56,-0.12,20
2008-03-19,1474,105999,909431,8.56,8.67,8.52,8.64,0.08,41
2008-03-20,1474,33327,285389,8.63,8.63,8.5,8.6,-0.04,22
2008-03-21,1474,130000,1117110,8.55,8.66,8.53,8.64,0.04,63
2008-03-24,1474,279483,2446701,8.84,8.84,8.5,8.8,0.16,76
2008-03-25,1474,212344,1854040,8.84,8.84,8.66,8.75,-0.05,59
2008-03-26,1474,290000,2557160,8.76,8.88,8.76,8.8,0.05,80
2008-03-27,1474,151005,1320083,8.81,8.84,8.7,8.81,0.01,44
2008-03-28,1474,241701,2129758,8.71,8.86,8.71,8.86,0.05,55
2008-03-31,1474,109000,961610,8.87,8.87,8.76,8.83,-0.03,39
2008-04-01,1474,91000,797650,8.8,8.83,8.7,8.82,-0.01,29
2008-04-02,1474,47011,412996,8.82,8.83,8.72,8.77,-0.05,23
2008-04-03,1474,112000,981000,8.78,8.82,8.7,8.82,0.05,27
2008-04-07,1474,168165,1479232,8.82,8.83,8.77,8.83,0.01,64
2008-04-08,1474,61712,541610,8.83,8.83,8.74,8.8,-0.03,28
2008-04-09,1474,339000,2982300,8.73,8.87,8.72,8.81,0.01,89
2008-04-10,1474,141115,1246413,8.81,8.86,8.81,8.85,0.04,47
2008-04-11,1474,354401,3148718,8.85,8.92,8.84,8.89,0.04,76
2008-04-14,1474,189076,1683216,8.95,8.95,8.86,8.92,0.03,51
2008-04-15,1474,170239,1515247,8.92,8.93,8.87,8.93,0.01,42
2008-04-16,1474,488237,4443622,8.94,9.18,8.94,9.17,0.24,141
2008-04-17,1474,348985,3190135,9.2,9.3,9.07,9.08,-0.09,103
2008-04-18,1474,432000,3928990,9.08,9.2,9.05,9.12,0.04,92
2008-04-21,1474,352472,3221205,9.1,9.2,9.1,9.18,0.06,76
2008-04-22,1474,99251,906456,9.18,9.18,9.1,9.17,-0.01,37
2008-04-23,1474,241077,2211331,9.1,9.22,8.92,9.22,0.05,58
2008-04-24,1474,93000,850460,9.16,9.19,9.13,9.19,-0.03,36
2008-04-25,1474,138300,1262430,9.14,9.17,9.09,9.17,-0.02,51
2008-04-28,1474,125893,1144655,9.05,9.15,9.0,9.11,-0.06,50
2008-04-29,1474,65418,593955,9.03,9.16,9.03,9.11,0.0,39
2008-04-30,1474,155039,1390061,9.0,9.0,8.88,9.0,-0.11,42
2008-05-02,1474,293971,2593154,8.96,8.96,8.71,8.87,-0.13,66
2008-05-05,1474,231399,2002890,8.65,8.7,8.64,8.64,-0.23,57
2008-05-06,1474,93225,794631,8.53,8.61,8.45,8.6,-0.04,49
2008-05-07,1474,99658,850845,8.59,8.59,8.5,8.55,-0.05,34
2008-05-08,1474,42458,361070,8.55,8.58,8.44,8.54,-0.01,26
2008-05-09,1474,72300,616276,8.54,8.57,8.48,8.52,-0.02,31
2008-05-12,1474,230467,1952357,8.5,8.5,8.45,8.5,-0.02,45
2008-05-13,1474,104095,885255,8.5,8.57,8.47,8.55,0.05,35
2008-05-14,1474,62000,531780,8.52,8.6,8.52,8.6,0.05,18
2008-05-15,1474,66000,568510,8.59,8.65,8.58,8.63,0.03,33
2008-05-16,1474,797000,6982690,8.63,8.86,8.53,8.71,0.08,100
2008-05-19,1474,281916,2465078,8.71,8.8,8.71,8.8,0.09,67
2008-05-20,1474,302347,2667911,8.88,8.98,8.62,8.8,0.0,145
2008-05-21,1474,89413,786880,8.82,8.86,8.75,8.82,0.02,38
2008-05-22,1474,81100,711846,8.81,8.81,8.7,8.75,-0.07,29
2008-05-23,1474,63159,553513,8.75,8.8,8.7,8.7,-0.05,29
2008-05-26,1474,229005,1972023,8.7,8.7,8.54,8.7,0.0,38
2008-05-27,1474,114426,985363,8.67,8.68,8.57,8.65,-0.05,33
2008-05-28,1474,74988,644253,8.65,8.7,8.54,8.65,0.0,44
2008-05-29,1474,185000,1592020,8.64,8.66,8.5,8.66,0.01,38
2008-05-30,1474,196100,1678310,8.55,8.65,8.55,8.63,-0.03,25
2008-06-02,1474,129856,1100166,8.63,8.63,8.4,8.55,-0.08,41
2008-06-03,1474,148114,1230956,8.5,8.5,8.1,8.39,-0.16,55
2008-06-04,1474,38302,319026,8.35,8.37,8.25,8.37,-0.02,19
2008-06-05,1474,82000,679560,8.37,8.44,8.21,8.43,0.06,39
2008-06-06,1474,76000,636900,8.43,8.49,8.31,8.45,0.02,30
2008-06-09,1474,124000,1029210,8.33,8.4,8.23,8.39,-0.06,37
2008-06-10,1474,123234,1017742,8.3,8.35,8.2,8.35,-0.04,37
2008-06-11,1474,88000,723500,8.25,8.3,8.12,8.28,-0.07,25
2008-06-12,1474,161888,1288655,8.25,8.25,7.86,7.9,-0.38,69
2008-06-13,1474,106000,827080,7.9,7.97,7.7,7.97,0.07,47
2008-06-16,1474,99000,780670,7.92,8.07,7.82,7.97,0.0,41
2008-06-17,1474,27000,213660,7.97,7.97,7.83,7.94,-0.03,14
2008-06-18,1474,98689,786119,7.94,8.0,7.9,7.98,0.04,50
2008-06-19,1474,94000,741670,7.9,7.99,7.85,7.87,-0.11,42
2008-06-20,1474,67001,524617,7.97,7.97,7.75,7.86,-0.01,33
2008-06-23,1474,289093,2219302,7.75,7.91,7.5,7.91,0.05,88
2008-06-24,1474,184000,1407300,7.7,7.8,7.52,7.8,-0.11,74
2008-06-25,1474,45100,349490,7.78,7.84,7.62,7.84,0.04,29
2008-06-26,1474,80999,632581,7.85,7.85,7.7,7.85,0.01,36
2008-06-27,1474,668001,4919117,7.7,7.7,7.31,7.31,-0.54,143
2008-06-30,1474,1234859,8511300,7.31,7.31,6.8,6.89,-0.42,220
2008-07-01,1474,608030,4021275,6.8,6.93,6.47,6.56,-0.33,125
2008-07-02,1474,278000,1825290,6.35,6.7,6.35,6.64,0.08,36
2008-07-03,1474,285001,1888506,6.61,6.88,6.51,6.88,0.24,67
2008-07-04,1474,164002,1112042,6.84,6.84,6.73,6.76,-0.12,38
2008-07-07,1474,150479,1008702,6.51,6.8,6.51,6.8,0.04,33
2008-07-08,1474,264000,1767220,6.76,6.79,6.62,6.71,-0.09,63
2008-07-09,1474,214454,1447495,6.72,6.8,6.7,6.7,-0.01,44
2008-07-10,1474,120001,805296,6.71,6.73,6.7,6.73,0.03,35
2008-07-11,1474,62000,417130,6.73,6.8,6.66,6.8,0.07,21
2008-07-14,1474,34000,228050,6.7,6.75,6.7,6.75,-0.05,11
2008-07-15,1474,179000,1168760,6.52,6.63,6.43,6.63,-0.12,52
2008-07-16,1474,245000,1587490,6.51,6.55,6.32,6.53,-0.1,34
2008-07-17,1474,101000,662790,6.67,6.67,6.46,6.64,0.11,39
2008-07-18,1474,101015,652676,6.43,6.48,6.43,6.44,-0.2,36
2008-07-21,1474,92000,587540,6.48,6.55,6.24,6.44,0.0,31
2008-07-22,1474,148000,948370,6.3,6.44,6.3,6.31,-0.13,42
2008-07-23,1474,146000,952650,6.4,6.58,6.4,6.57,0.26,35
2008-07-24,1474,156020,1031312,6.6,6.64,6.58,6.62,0.05,32
2008-07-25,1474,59005,387660,6.59,6.6,6.52,6.6,-0.02,25
2008-07-29,1474,48000,308970,6.5,6.5,6.36,6.45,-0.15,18
2008-07-30,1474,20002,130603,6.72,6.72,6.48,6.54,0.09,14
2008-07-31,1474,185000,1211400,6.54,6.58,6.5,6.58,0.04,19
2008-08-01,1474,63000,407400,6.5,6.57,6.37,6.57,-0.01,26
2008-08-04,1474,46000,298080,6.52,6.52,6.41,6.41,-0.16,12
2008-08-05,1474,51939,328781,6.4,6.4,6.29,6.29,-0.12,25
2008-08-06,1474,115156,729845,6.3,6.39,6.3,6.39,0.1,35
2008-08-07,1474,16001,101556,6.39,6.39,6.31,6.36,-0.03,9
2008-08-08,1474,18344,117021,6.35,6.45,6.35,6.45,0.09,9
2008-08-11,1474,85000,546390,6.51,6.51,6.4,6.4,-0.05,25
2008-08-12,1474,23630,152072,6.4,6.46,6.4,6.42,0.02,12
2008-08-13,1474,24000,153050,6.42,6.42,6.34,6.4,-0.02,12
2008-08-14,1474,312000,1999530,6.4,6.43,6.4,6.41,0.01,61
2008-08-15,1474,79000,505900,6.43,6.43,6.36,6.4,-0.01,31
2008-08-18,1474,146000,919610,6.4,6.4,6.25,6.34,-0.06,24
2008-08-19,1474,50120,312730,6.28,6.3,6.21,6.21,-0.13,23
2008-08-20,1474,87000,539690,6.26,6.26,6.15,6.24,0.03,73
2008-08-21,1474,105000,646660,6.2,6.2,6.05,6.16,-0.08,53
2008-08-22,1474,32000,195990,6.14,6.17,6.06,6.15,-0.01,16
2008-08-25,1474,47003,288088,6.15,6.16,6.1,6.16,0.01,19
2008-08-26,1474,61000,374700,6.07,6.21,6.07,6.14,-0.02,11
2008-08-27,1474,15000,92690,6.17,6.18,6.17,6.18,0.04,9
2008-08-28,1474,57006,352316,6.18,6.2,6.14,6.19,0.01,21
2008-08-29,1474,12000,74430,6.2,6.24,6.19,6.2,0.01,9
2008-09-01,1474,90000,548270,6.2,6.2,6.04,6.1,-0.1,30
2008-09-02,1474,310000,1829160,6.06,6.09,5.68,5.68,-0.42,36
2008-09-03,1474,376060,2165080,5.75,5.96,5.68,5.68,0.0,68
2008-09-04,1474,523000,2943110,5.72,5.72,5.5,5.58,-0.1,76
2008-09-05,1474,275000,1519260,5.6,5.6,5.39,5.56,-0.02,58
2008-09-08,1474,218000,1249900,5.6,5.88,5.56,5.88,0.32,56
2008-09-09,1474,197245,1099917,5.75,5.75,5.52,5.54,-0.34,55
2008-09-10,1474,235072,1277850,5.5,5.5,5.4,5.5,-0.04,53
2008-09-11,1474,146000,789980,5.51,5.51,5.31,5.39,-0.11,44
2008-09-12,1474,230999,1239604,5.4,5.4,5.32,5.32,-0.07,39
2008-09-15,1474,147000,778030,5.38,5.48,5.2,5.21,-0.11,43
2008-09-16,1474,578549,2779017,4.58,5.0,4.57,4.91,0.0,156
2008-09-17,1474,244000,1175420,4.8,4.97,4.71,4.97,0.06,73
2008-09-18,1474,169000,789010,4.71,4.87,4.63,4.7,-0.27,53
2008-09-19,1474,129026,618990,4.51,4.95,4.51,4.89,0.19,52
2008-09-22,1474,185905,905765,4.93,5.0,4.76,5.0,0.11,61
2008-09-23,1474,49990,244396,4.76,4.95,4.76,4.9,-0.1,15
2008-09-24,1474,136122,672667,4.9,5.03,4.9,5.0,0.1,37
2008-09-25,1474,107000,539110,5.05,5.11,5.0,5.0,0.0,37
2008-09-26,1474,45000,221660,5.01,5.01,4.8,4.9,-0.1,18
2008-09-30,1474,70000,319200,4.56,4.56,4.56,4.56,-0.34,15
2008-10-01,1474,48077,222289,4.7,4.7,4.45,4.65,0.09,26
2008-10-02,1474,24000,110640,4.65,4.69,4.55,4.66,0.01,15
2008-10-03,1474,19000,86570,4.46,4.65,4.42,4.65,-0.01,13
2008-10-06,1474,26005,117672,4.64,4.64,4.5,4.59,-0.06,12
2008-10-07,1474,45000,201030,4.42,4.59,4.29,4.59,0.0,17
2008-10-08,1474,36001,156844,4.34,4.4,4.34,4.34,-0.25,10
2008-10-09,1474,16000,69990,4.3,4.41,4.3,4.33,-0.01,6
2008-10-13,1474,14003,58582,4.18,4.19,4.18,4.18,-0.15,7
2008-10-14,1474,77613,335955,4.36,4.39,4.28,4.37,0.19,23
2008-10-15,1474,66000,280620,4.37,4.37,4.22,4.29,-0.08,23
2008-10-16,1474,48000,200320,4.15,4.2,4.14,4.18,-0.11,19
2008-10-17,1474,75000,307960,4.18,4.19,4.06,4.12,-0.06,23
2008-10-20,1474,47050,187710,4.04,4.04,3.98,3.98,-0.14,20
2008-10-21,1474,540000,2141490,4.0,4.04,3.94,3.97,-0.01,54
2008-10-22,1474,690000,2697280,3.91,3.95,3.85,3.89,-0.08,43
2008-10-23,1474,29000,110300,3.78,3.87,3.76,3.86,-0.03,9
2008-10-24,1474,38175,144330,3.86,3.86,3.73,3.83,-0.03,16
2008-10-27,1474,109424,392743,3.59,3.69,3.57,3.57,-0.26,25
2008-10-28,1474,219167,744644,3.52,3.56,3.33,3.56,-0.01,41
2008-10-29,1474,41591,149902,3.6,3.67,3.6,3.6,0.04,19
2008-10-30,1474,247541,906524,3.61,3.8,3.6,3.78,0.18,53
2008-10-31,1474,513825,1953274,3.71,3.9,3.71,3.85,0.07,57
2008-11-03,1474,587935,2246261,3.9,3.9,3.8,3.87,0.02,73
2008-11-04,1474,64640,245652,3.81,3.81,3.79,3.8,-0.07,20
2008-11-05,1474,135114,524762,3.87,3.92,3.81,3.88,0.08,42
2008-11-06,1474,24246,92516,3.88,3.88,3.67,3.79,-0.09,20
2008-11-07,1474,59647,222339,3.59,3.79,3.59,3.64,-0.15,31
2008-11-10,1474,23024,86189,3.65,3.79,3.65,3.76,0.12,11
2008-11-11,1474,33088,120310,3.65,3.73,3.6,3.67,-0.09,23
2008-11-12,1474,22160,79826,3.65,3.66,3.52,3.55,-0.12,9
2008-11-13,1474,176000,588310,3.45,3.45,3.31,3.31,-0.24,42
2008-11-14,1474,215000,711500,3.4,3.4,3.25,3.25,-0.06,27
2008-11-17,1474,104380,328952,3.3,3.3,3.1,3.19,-0.06,32
2008-11-18,1474,112128,343674,3.19,3.19,2.97,3.15,-0.04,44
2008-11-19,1474,52000,163450,3.0,3.24,3.0,3.24,0.09,18
2008-11-20,1474,55625,169926,3.14,3.14,3.02,3.06,-0.18,21
2008-11-21,1474,12000,37029,3.05,3.17,3.05,3.12,0.06,8
2008-11-24,1474,32154,99541,3.06,3.14,3.06,3.14,0.02,15
2008-11-25,1474,76400,242070,3.1,3.3,3.1,3.18,0.04,20
2008-11-26,1474,139840,441226,3.12,3.24,3.06,3.23,0.05,31
2008-11-27,1474,126148,424450,3.1,3.44,3.1,3.44,0.21,47
2008-11-28,1474,139726,467185,3.4,3.4,3.26,3.33,-0.11,37
2008-12-01,1474,173000,598230,3.4,3.53,3.34,3.53,0.2,47
2008-12-02,1474,159001,550973,3.42,3.52,3.35,3.4,-0.13,41
2008-12-03,1474,146241,499899,3.41,3.48,3.4,3.47,0.07,25
2008-12-04,1474,116195,398221,3.47,3.47,3.35,3.43,-0.04,24
2008-12-05,1474,118000,396740,3.33,3.45,3.33,3.45,0.02,17
2008-12-08,1474,173001,595473,3.45,3.48,3.4,3.48,0.03,26
2008-12-09,1474,119748,411033,3.45,3.49,3.41,3.49,0.01,21
2008-12-10,1474,198908,694738,3.42,3.53,3.42,3.51,0.02,43
2008-12-11,1474,1043200,3653640,3.55,3.55,3.44,3.5,-0.01,82
2008-12-12,1474,40000,138960,3.5,3.53,3.41,3.41,-0.09,20
2008-12-15,1474,120600,413160,3.49,3.49,3.4,3.47,0.06,21
2008-12-16,1474,62200,209852,3.47,3.47,3.34,3.43,-0.04,19
2008-12-17,1474,117320,402885,3.45,3.47,3.35,3.46,0.03,39
2008-12-18,1474,67000,229750,3.41,3.46,3.38,3.46,0.0,19
2008-12-19,1474,64891,222077,3.45,3.46,3.37,3.46,0.0,28
2008-12-22,1474,73011,249183,3.45,3.45,3.39,3.44,-0.02,27
2008-12-23,1474,94993,321695,3.43,3.43,3.34,3.42,-0.02,31
2008-12-24,1474,64100,216240,3.37,3.4,3.32,3.4,-0.02,20
2008-12-25,1474,26000,88150,3.35,3.4,3.34,3.4,0.0,9
2008-12-26,1474,27216,91157,3.38,3.38,3.34,3.34,-0.06,6
2008-12-29,1474,54002,179856,3.34,3.34,3.3,3.33,-0.01,11
2008-12-30,1474,70000,236960,3.33,3.4,3.33,3.4,0.07,16
2008-12-31,1474,146654,506288,3.45,3.48,3.42,3.48,0.08,36
2009-01-05,1474,61001,215663,3.52,3.6,3.47,3.56,0.08,20
2009-01-06,1474,13815,49062,3.56,3.56,3.49,3.56,0.0,8
2009-01-07,1474,24685,87902,3.56,3.56,3.54,3.54,-0.02,9
2009-01-08,1474,89000,304440,3.45,3.45,3.38,3.38,-0.16,20
2009-01-09,1474,17009,57489,3.38,3.38,3.38,3.38,0.0,9
2009-01-10,1474,22331,75275,3.36,3.4,3.33,3.4,0.02,10
2009-01-12,1474,42762,145575,3.4,3.42,3.39,3.42,0.02,15
2009-01-13,1474,93038,317321,3.4,3.45,3.38,3.45,0.03,17
2009-01-14,1474,33001,114443,3.48,3.48,3.45,3.48,0.03,14
2009-01-15,1474,162000,543390,3.38,3.41,3.33,3.4,-0.08,20
2009-01-16,1474,114000,386220,3.36,3.42,3.36,3.42,0.02,16
2009-01-17,1474,45000,153770,3.44,3.44,3.4,3.43,0.01,12
2009-01-19,1474,28000,94870,3.39,3.42,3.38,3.42,-0.01,7
2009-01-20,1474,87000,294780,3.37,3.42,3.37,3.41,-0.01,23
2009-01-21,1474,162108,549838,3.38,3.42,3.36,3.42,0.01,32
2009-02-02,1474,37000,126470,3.42,3.44,3.39,3.42,0.0,15
2009-02-03,1474,48800,168690,3.42,3.48,3.42,3.44,0.02,13
2009-02-04,1474,63980,221009,3.46,3.48,3.44,3.44,0.0,23
2009-02-05,1474,44000,154040,3.48,3.53,3.47,3.49,0.05,17
2009-02-06,1474,72000,252850,3.4,3.55,3.4,3.53,0.04,21
2009-02-09,1474,68192,244144,3.55,3.6,3.55,3.58,0.05,27
2009-02-10,1474,51458,185552,3.58,3.65,3.58,3.63,0.05,20
2009-02-11,1474,42100,152632,3.6,3.63,3.56,3.63,0.0,11
2009-02-12,1474,49001,176443,3.6,3.63,3.58,3.6,-0.03,13
2009-02-13,1474,91200,323673,3.48,3.6,3.46,3.6,0.0,24
2009-02-16,1474,45000,161210,3.55,3.6,3.55,3.6,0.0,16
2009-02-17,1474,63401,227632,3.6,3.6,3.57,3.6,0.0,16
2009-02-18,1474,82096,295618,3.6,3.69,3.57,3.69,0.09,39
2009-02-19,1474,55383,202133,3.65,3.68,3.64,3.67,-0.02,21
2009-02-20,1474,66748,243511,3.65,3.69,3.62,3.62,-0.05,25
2009-02-23,1474,39000,139560,3.58,3.59,3.56,3.59,-0.03,12
2009-02-24,1474,59001,211153,3.57,3.6,3.56,3.6,0.01,20
2009-02-25,1474,43256,156519,3.65,3.66,3.6,3.64,0.04,19
2009-02-26,1474,38000,137880,3.6,3.66,3.6,3.66,0.02,14
2009-02-27,1474,19000,69820,3.66,3.69,3.66,3.69,0.03,7
2009-03-02,1474,57000,204770,3.68,3.68,3.57,3.6,-0.09,12
2009-03-03,1474,62790,223303,3.5,3.65,3.5,3.65,0.05,18
2009-03-04,1474,130440,468503,3.5,3.65,3.5,3.65,0.0,49
2009-03-05,1474,91098,334995,3.65,3.7,3.65,3.69,0.04,39
2009-03-06,1474,105000,383160,3.66,3.68,3.6,3.67,-0.02,35
2009-03-09,1474,137102,500004,3.56,3.72,3.56,3.67,0.0,110
2009-03-10,1474,127210,471557,3.65,3.73,3.64,3.73,0.06,65
2009-03-11,1474,532760,2092882,3.73,3.99,3.73,3.99,0.26,114
2009-03-12,1474,334753,1359562,4.14,4.15,3.85,4.01,0.02,111
2009-03-13,1474,147001,591474,4.07,4.07,4.01,4.04,0.03,41
2009-03-16,1474,233028,980470,4.08,4.29,4.08,4.21,0.17,58
2009-03-17,1474,175001,723634,4.21,4.27,4.06,4.1,-0.11,53
2009-03-18,1474,83132,346750,4.1,4.23,4.1,4.16,0.06,46
2009-03-19,1474,49090,205231,4.2,4.27,4.14,4.2,0.04,34
2009-03-20,1474,65000,268150,4.15,4.19,4.1,4.15,-0.05,20
2009-03-23,1474,193423,858797,4.44,4.44,4.44,4.44,0.29,60
2009-03-24,1474,242045,1149713,4.75,4.75,4.75,4.75,0.31,65
2009-03-25,1474,790059,3934971,5.08,5.08,4.81,4.83,0.08,227
2009-03-26,1474,102834,495862,4.9,4.9,4.75,4.83,0.0,39
2009-03-27,1474,163381,793635,4.92,4.92,4.8,4.81,-0.02,51
2009-03-30,1474,204094,970118,4.8,4.8,4.67,4.67,-0.14,39
2009-03-31,1474,29320,134362,4.48,4.67,4.48,4.67,0.0,11
2009-04-01,1474,43015,202064,4.65,4.74,4.65,4.73,0.06,20
2009-04-02,1474,194870,929071,4.8,4.89,4.72,4.85,0.12,60
2009-04-03,1474,133000,648660,4.88,4.95,4.85,4.89,0.04,36
2009-04-06,1474,61080,299762,4.81,4.96,4.81,4.9,0.01,26
2009-04-07,1474,58526,286696,4.9,4.91,4.88,4.91,0.01,23
2009-04-08,1474,95002,464318,5.05,5.05,4.8,4.8,-0.11,40
2009-04-09,1474,270956,1321928,4.89,4.92,4.82,4.92,0.12,54
2009-04-10,1474,272298,1344980,4.96,4.99,4.87,4.94,0.02,82
2009-04-13,1474,525042,2671307,4.95,5.25,4.95,5.24,0.3,100
2009-04-14,1474,148343,777348,5.23,5.38,5.09,5.3,0.06,70
2009-04-15,1474,554804,2812678,5.28,5.28,5.0,5.06,-0.24,102
2009-04-16,1474,351573,1799814,5.08,5.19,5.07,5.08,0.02,70
2009-04-17,1474,452405,2283793,5.18,5.18,4.8,4.8,-0.28,93
2009-04-20,1474,162080,762392,4.72,4.78,4.69,4.77,-0.03,32
2009-04-21,1474,83102,395538,4.77,4.82,4.7,4.82,0.05,50
2009-04-22,1474,97412,464373,4.82,4.82,4.73,4.76,-0.06,42
2009-04-23,1474,81677,385829,4.8,4.81,4.65,4.81,0.05,48
2009-04-24,1474,135400,656481,4.88,4.9,4.77,4.89,0.08,43
2009-04-27,1474,138666,662183,4.9,4.9,4.65,4.65,-0.24,39
2009-04-28,1474,66000,304380,4.69,4.69,4.5,4.56,-0.09,22
2009-04-29,1474,50080,229052,4.63,4.64,4.53,4.55,-0.01,23
2009-04-30,1474,416352,2002419,4.6,4.86,4.6,4.81,0.26,89
2009-05-04,1474,337987,1683710,4.81,5.09,4.81,4.99,0.18,66
2009-05-05,1474,179902,889757,5.0,5.12,4.9,4.9,-0.09,50
2009-05-06,1474,269529,1348675,5.0,5.07,4.95,5.06,0.16,63
2009-05-07,1474,231320,1167550,5.12,5.12,5.0,5.08,0.02,58
2009-05-08,1474,208520,1043180,5.08,5.08,4.97,5.02,-0.06,64
2009-05-11,1474,217405,1090075,5.02,5.05,4.99,5.05,0.03,27
2009-05-12,1474,137000,672730,4.96,4.98,4.86,4.88,-0.17,46
2009-05-13,1474,191804,940648,4.88,4.95,4.86,4.92,0.04,46
2009-05-14,1474,66442,323594,4.9,4.9,4.84,4.9,-0.02,29
2009-05-15,1474,171037,837481,4.84,4.93,4.84,4.93,0.03,45
2009-05-18,1474,115635,570868,4.85,4.96,4.85,4.95,0.02,40
2009-05-19,1474,393920,1974795,5.01,5.05,4.95,5.03,0.08,89
2009-05-20,1474,244000,1226280,5.07,5.07,4.96,5.05,0.02,51
2009-05-21,1474,483784,2466147,5.05,5.15,5.05,5.14,0.09,105
2009-05-22,1474,454784,2334855,5.15,5.18,5.09,5.14,0.0,107
2009-05-25,1474,178846,922192,5.12,5.25,5.05,5.18,0.04,58
2009-05-26,1474,667833,3473698,5.19,5.27,5.12,5.18,0.0,108
2009-05-27,1474,300500,1576584,5.19,5.31,5.19,5.27,0.09,76
2009-06-01,1474,175896,912102,5.23,5.24,5.11,5.2,-0.07,48
2009-06-02,1474,292000,1530620,5.22,5.3,5.2,5.2,0.0,53
2009-06-03,1474,212499,1088673,5.13,5.2,5.1,5.18,-0.02,47
2009-06-04,1474,142001,730025,5.2,5.21,5.1,5.1,-0.08,32
2009-06-05,1474,158043,812529,5.11,5.19,5.11,5.15,0.05,31
2009-06-06,1474,131000,678310,5.11,5.21,5.11,5.19,0.04,38
2009-06-08,1474,197083,1012430,5.22,5.22,5.1,5.16,-0.03,45
2009-06-09,1474,116554,583138,5.06,5.15,4.85,4.92,-0.24,46
2009-06-10,1474,90000,442950,4.92,4.97,4.9,4.92,0.0,25
2009-06-11,1474,65000,319730,4.9,4.98,4.85,4.98,0.06,21
2009-06-12,1474,87521,429702,4.98,4.99,4.87,4.98,0.0,44
2009-06-15,1474,82027,389198,4.88,4.88,4.66,4.66,-0.32,27
2009-06-16,1474,37080,171318,4.66,4.79,4.52,4.67,0.01,20
2009-06-17,1474,78737,365790,4.65,4.77,4.61,4.63,-0.04,30
2009-06-18,1474,77544,356938,4.64,4.67,4.51,4.51,-0.12,21
2009-06-19,1474,39000,176460,4.55,4.58,4.51,4.58,0.07,11
2009-06-22,1474,90000,408230,4.53,4.64,4.48,4.63,0.05,22
2009-06-23,1474,550450,2675726,4.7,4.95,4.63,4.95,0.32,115
2009-06-24,1474,548456,2830083,5.19,5.29,4.96,5.1,0.15,160
2009-06-25,1474,163363,811375,4.96,5.08,4.9,5.05,-0.05,52
2009-06-26,1474,147203,731862,5.01,5.05,4.91,4.98,-0.07,44
2009-06-29,1474,95085,476580,4.98,5.11,4.92,5.05,0.07,48
2009-06-30,1474,126480,629554,5.07,5.07,4.96,4.98,-0.07,13
2009-07-01,1474,136621,679175,4.96,5.05,4.93,5.05,0.07,61
2009-07-02,1474,119082,601540,4.95,5.07,4.95,5.03,-0.02,34
2009-07-03,1474,39040,197180,5.0,5.07,5.0,5.06,0.03,18
2009-07-06,1474,66000,331480,5.03,5.07,4.91,5.07,0.01,24
2009-07-07,1474,114000,575430,5.0,5.07,5.0,5.06,-0.01,33
2009-07-08,1474,79677,400505,5.01,5.06,5.0,5.06,0.0,25
2009-07-09,1474,201000,1039100,5.06,5.22,5.06,5.19,0.13,60
2009-07-10,1474,162020,830191,5.2,5.2,5.1,5.13,-0.06,31
2009-07-13,1474,433200,2373936,5.48,5.48,5.48,5.48,0.35,62
2009-07-14,1474,2625398,15314995,5.86,5.86,5.59,5.85,0.37,655
2009-07-15,1474,666437,3832414,5.85,5.87,5.64,5.84,-0.01,138
2009-07-16,1474,334000,1917700,5.89,5.89,5.66,5.7,-0.14,94
2009-07-17,1474,250964,1426174,5.63,5.78,5.62,5.71,0.01,55
2009-07-20,1474,187286,1069433,5.77,5.77,5.66,5.72,0.01,54
2009-07-21,1474,291795,1636632,5.72,5.72,5.53,5.55,-0.17,61
2009-07-22,1474,194270,1087057,5.5,5.77,5.5,5.61,0.06,50
2009-07-23,1474,290787,1617498,5.55,5.65,5.53,5.55,-0.06,50
2009-07-24,1474,296040,1671644,5.6,5.76,5.6,5.61,0.06,59
2009-07-27,1474,646874,3808004,5.69,6.0,5.65,6.0,0.39,136
2009-07-28,1474,1117446,6984919,6.37,6.37,6.15,6.33,0.33,192
2009-07-29,1474,498437,3095359,6.37,6.37,6.13,6.26,-0.07,97
2009-07-30,1474,211901,1301574,6.24,6.24,6.11,6.2,-0.06,55
2009-07-31,1474,808774,5006558,6.19,6.36,6.13,6.26,0.06,120
2009-08-03,1474,365160,2268860,6.16,6.32,6.15,6.24,-0.02,106
2009-08-04,1474,468129,2944993,6.3,6.4,6.18,6.2,-0.04,95
2009-08-05,1474,386082,2391230,6.2,6.27,6.13,6.13,-0.07,59
2009-08-06,1474,89634,554669,6.24,6.24,6.13,6.2,0.07,35
2009-08-10,1474,91001,561696,6.15,6.25,6.13,6.2,0.0,27
2009-08-11,1474,471520,2945651,6.15,6.63,6.03,6.63,0.43,101
2009-08-12,1474,224000,1452400,6.62,6.62,6.41,6.48,-0.15,68
2009-08-13,1474,165490,1065656,6.48,6.48,6.36,6.41,-0.07,54
2009-08-14,1474,208765,1339576,6.49,6.49,6.4,6.4,-0.01,38
2009-08-17,1474,115760,731247,6.4,6.4,6.25,6.25,-0.15,45
2009-08-18,1474,222288,1362313,6.2,6.25,6.07,6.1,-0.15,59
2009-08-19,1474,112148,691802,6.1,6.24,6.1,6.16,0.06,36
2009-08-20,1474,138200,848330,6.12,6.16,6.1,6.15,-0.01,32
2009-08-21,1474,102000,625300,6.15,6.2,6.04,6.04,-0.11,33
2009-08-24,1474,172946,1064793,6.07,6.26,6.07,6.24,0.2,41
2009-08-25,1474,140906,859906,6.16,6.23,6.04,6.04,-0.2,32
2009-08-26,1474,224000,1336280,6.07,6.07,5.88,5.96,-0.08,57
2009-08-27,1474,148000,885080,5.9,6.05,5.9,5.95,-0.01,31
2009-08-28,1474,113492,670462,5.87,5.97,5.87,5.93,-0.02,39
2009-08-31,1474,88656,524291,5.9,5.94,5.9,5.9,-0.03,34
2009-09-01,1474,68910,411290,5.91,6.01,5.91,5.97,0.07,21
2009-09-02,1474,117939,700359,5.95,5.97,5.92,5.93,-0.04,28
2009-09-03,1474,102308,610055,5.93,6.04,5.93,5.98,0.05,25
2009-09-04,1474,422268,2522068,5.95,6.08,5.94,6.01,0.03,78
2009-09-07,1474,174293,1051050,6.05,6.05,6.01,6.05,0.04,56
2009-09-08,1474,387199,2355637,6.06,6.15,6.04,6.1,0.05,60
2009-09-09,1474,294257,1788393,6.15,6.15,6.06,6.08,-0.02,60
2009-09-10,1474,174999,1068202,6.2,6.2,6.06,6.11,0.03,61
2009-09-11,1474,170279,1032784,6.06,6.11,6.05,6.06,-0.05,48
2009-09-14,1474,429916,2546059,5.86,5.97,5.86,5.88,-0.18,60
2009-09-15,1474,82181,483087,5.95,5.95,5.85,5.92,0.04,21
2009-09-16,1474,132945,793565,5.99,6.01,5.93,6.0,0.08,42
2009-09-17,1474,147329,889753,6.01,6.08,6.01,6.06,0.06,34
2009-09-18,1474,160065,969858,6.01,6.12,6.01,6.09,0.03,40
2009-09-21,1474,77915,475622,6.1,6.15,6.1,6.11,0.02,30
2009-09-22,1474,139900,852646,6.11,6.12,6.08,6.11,0.0,35
2009-09-23,1474,65693,398934,6.15,6.15,6.0,6.05,-0.06,28
2009-09-24,1474,108030,650057,6.07,6.08,5.98,6.07,0.02,31
2009-09-25,1474,69400,417453,6.04,6.05,6.0,6.05,-0.02,16
2009-09-28,1474,224070,1340263,6.0,6.05,5.96,5.96,-0.09,38
2009-09-29,1474,146999,882494,6.03,6.04,5.98,6.02,0.06,22
2009-09-30,1474,179587,1081087,6.04,6.06,6.0,6.04,0.02,33
2009-10-01,1474,137000,823160,5.99,6.05,5.99,6.03,-0.01,39
2009-10-02,1474,50193,301820,6.03,6.03,5.97,6.02,-0.01,18
2009-10-05,1474,105677,635035,6.02,6.05,5.99,6.04,0.02,23
2009-10-06,1474,471363,2872895,6.05,6.11,6.05,6.08,0.04,74
2009-10-07,1474,509589,3139121,6.12,6.2,6.11,6.14,0.06,78
2009-10-08,1474,538010,3340841,6.2,6.29,6.14,6.17,0.03,103
2009-10-09,1474,751188,4706984,6.24,6.34,6.19,6.29,0.12,155
2009-10-12,1474,1305200,8576105,6.31,6.72,6.31,6.7,0.41,249
2009-10-13,1474,479154,3261840,6.68,6.97,6.55,6.97,0.27,102
2009-10-14,1474,853080,5877883,6.7,7.06,6.7,6.92,-0.05,159
2009-10-15,1474,539400,3709460,6.88,6.95,6.83,6.89,-0.03,132
2009-10-16,1474,223998,1534504,6.89,6.95,6.76,6.84,-0.05,56
2009-10-19,1474,1827202,12314876,6.81,6.88,6.69,6.83,-0.01,265
2009-10-20,1474,463113,3110456,6.79,6.82,6.69,6.69,-0.14,90
2009-10-21,1474,161831,1081987,6.68,6.73,6.67,6.73,0.04,48
2009-10-22,1474,365015,2407429,6.68,6.69,6.55,6.56,-0.17,93
2009-10-23,1474,342015,2275899,6.6,6.68,6.6,6.65,0.09,60
2009-10-26,1474,256299,1698915,6.74,6.74,6.55,6.6,-0.05,60
2009-10-27,1474,207295,1339659,6.58,6.58,6.4,6.51,-0.09,68
2009-10-28,1474,187100,1213236,6.48,6.56,6.42,6.47,-0.04,54
2009-10-29,1474,200000,1254960,6.44,6.45,6.2,6.28,-0.19,58
2009-10-30,1474,174251,1096768,6.31,6.39,6.25,6.29,0.01,48
2009-11-02,1474,92355,573072,6.18,6.29,6.16,6.29,0.0,35
2009-11-03,1474,60713,380081,6.26,6.31,6.19,6.31,0.02,28
2009-11-04,1474,274811,1752724,6.3,6.44,6.29,6.42,0.11,52
2009-11-05,1474,380006,2416129,6.35,6.39,6.3,6.39,-0.03,62
2009-11-06,1474,148742,943623,6.39,6.42,6.31,6.31,-0.08,37
2009-11-09,1474,305905,1937439,6.35,6.38,6.32,6.33,0.02,44
2009-11-10,1474,178122,1142750,6.38,6.49,6.38,6.45,0.12,58
2009-11-11,1474,171200,1091177,6.5,6.5,6.21,6.36,-0.09,33
2009-11-12,1474,67075,427126,6.36,6.39,6.36,6.38,0.02,22
2009-11-13,1474,77480,492018,6.36,6.39,6.31,6.35,-0.03,26
2009-11-16,1474,235457,1501734,6.35,6.44,6.35,6.41,0.06,49
2009-11-17,1474,515000,3258080,6.41,6.43,6.28,6.34,-0.07,92
2009-11-18,1474,402203,2539163,6.36,6.38,6.28,6.38,0.04,116
2009-11-19,1474,721916,4614012,6.34,6.48,6.32,6.42,0.04,118
2009-11-20,1474,372080,2349823,6.39,6.4,6.28,6.32,-0.1,73
2009-11-23,1474,212000,1337520,6.32,6.33,6.29,6.32,0.0,46
2009-11-24,1474,534554,3387609,6.36,6.4,6.3,6.31,-0.01,119
2009-11-25,1474,401710,2542519,6.32,6.37,6.29,6.29,-0.02,71
2009-11-26,1474,495009,3123774,6.31,6.34,6.29,6.29,0.0,66
2009-11-27,1474,194001,1205536,6.29,6.29,6.16,6.2,-0.09,53
2009-11-30,1474,298690,1854818,6.24,6.25,6.19,6.21,0.01,57
2009-12-01,1474,242695,1506168,6.21,6.22,6.19,6.21,0.0,53
2009-12-02,1474,209622,1296563,6.21,6.27,6.06,6.19,-0.02,53
2009-12-03,1474,81697,504432,6.21,6.21,6.13,6.19,0.0,37
2009-12-04,1474,99777,617857,6.19,6.2,6.19,6.19,0.0,29
2009-12-07,1474,111000,693140,6.15,6.28,6.15,6.26,0.07,35
2009-12-08,1474,170040,1067918,6.28,6.32,6.25,6.29,0.03,56
2009-12-09,1474,307676,1951904,6.24,6.38,6.24,6.37,0.08,91
2009-12-10,1474,425014,2700827,6.4,6.43,6.26,6.35,-0.02,89
2009-12-11,1474,275198,1773396,6.39,6.5,6.34,6.4,0.05,76
2009-12-14,1474,672201,4402619,6.45,6.65,6.45,6.58,0.18,146
2009-12-15,1474,412240,2737063,6.58,6.75,6.58,6.65,0.07,119
2009-12-16,1474,410280,2749216,6.65,6.8,6.56,6.7,0.05,107
2009-12-17,1474,767716,5203496,6.85,6.89,6.66,6.71,0.01,148
2009-12-18,1474,289989,1952325,6.8,6.8,6.65,6.73,0.02,108
2009-12-21,1474,1191907,8231498,6.8,7.04,6.78,6.9,0.17,271
2009-12-22,1474,516313,3544397,7.0,7.0,6.8,6.8,-0.1,105
2009-12-23,1474,398803,2711601,6.8,6.87,6.76,6.77,-0.03,85
2009-12-24,1474,361830,2472084,6.77,6.94,6.75,6.78,0.01,88
2009-12-25,1474,195248,1331266,6.78,6.86,6.78,6.85,0.07,56
2009-12-28,1474,351123,2424391,6.82,6.97,6.82,6.9,0.05,99
2009-12-29,1474,315072,2178256,6.95,6.99,6.88,6.9,0.0,69
2009-12-30,1474,380478,2644045,6.9,7.0,6.9,6.95,0.05,87
2009-12-31,1474,415798,2917616,6.95,7.08,6.95,7.03,0.08,105
2010-01-04,1474,418696,2944298,7.0,7.14,6.99,7.01,-0.02,112
2010-01-05,1474,472254,3302440,7.05,7.05,6.88,6.96,-0.05,109
2010-01-06,1474,354894,2484980,6.9,7.05,6.9,7.0,0.04,76
2010-01-07,1474,408634,2862601,7.0,7.05,6.95,6.96,-0.04,106
2010-01-08,1474,257194,1783076,6.95,7.0,6.81,7.0,0.04,82
2010-01-11,1474,1035662,7318398,7.0,7.15,6.95,7.15,0.15,188
2010-01-12,1474,5224397,38313527,7.2,7.5,7.1,7.48,0.33,537
2010-01-13,1474,629800,4625989,7.45,7.45,7.27,7.34,-0.14,174
2010-01-14,1474,529660,3891115,7.33,7.44,7.29,7.33,-0.01,132
2010-01-15,1474,552645,4075743,7.39,7.42,7.34,7.36,0.03,143
2010-01-18,1474,688438,5079760,7.36,7.56,7.31,7.41,0.05,195
2010-01-19,1474,494937,3672871,7.53,7.53,7.36,7.45,0.04,169
2010-01-20,1474,2808120,21833169,7.52,7.97,7.41,7.91,0.46,554
2010-01-21,1474,1429011,10805280,7.8,7.83,7.36,7.36,-0.55,357
2010-01-22,1474,792189,5689061,7.15,7.29,7.06,7.19,-0.17,219
2010-01-25,1474,381902,2742015,7.19,7.28,7.1,7.2,0.01,108
2010-01-26,1474,626404,4429612,7.23,7.34,6.85,6.99,-0.21,196
2010-01-27,1474,408014,2792236,6.85,6.96,6.8,6.8,-0.19,140
2010-01-28,1474,518599,3646412,6.9,7.2,6.86,7.18,0.38,103
2010-01-29,1474,280907,1964104,7.1,7.13,6.92,6.93,-0.25,101
2010-02-01,1474,214200,1472899,6.93,6.95,6.8,6.85,-0.08,67
2010-02-02,1474,177018,1207219,6.85,6.94,6.75,6.75,-0.1,70
2010-02-03,1474,214120,1447764,6.8,6.8,6.75,6.75,0.0,60
2010-02-04,1474,213697,1434904,6.76,6.8,6.6,6.69,-0.06,85
2010-02-05,1474,586095,3684360,6.59,6.59,6.23,6.23,-0.46,142
2010-02-06,1474,234029,1421845,6.24,6.26,6.0,6.0,-0.23,82
2010-02-08,1474,464448,2817455,6.08,6.11,6.02,6.08,0.08,91
2010-02-09,1474,403868,2491909,6.08,6.24,6.07,6.24,0.16,90
2010-02-10,1474,593631,3762648,6.3,6.38,6.3,6.31,0.07,128
2010-02-22,1474,626040,4008952,6.49,6.49,6.36,6.39,0.08,94
2010-02-23,1474,208001,1330046,6.38,6.45,6.36,6.42,0.03,52
2010-02-24,1474,226000,1462820,6.38,6.53,6.38,6.48,0.06,65
2010-02-25,1474,404000,2624210,6.45,6.54,6.45,6.48,0.0,83
2010-02-26,1474,363039,2344193,6.43,6.5,6.41,6.42,-0.06,70
2010-03-01,1474,322000,2130100,6.47,6.75,6.47,6.64,0.22,100
2010-03-02,1474,144326,958974,6.6,6.72,6.6,6.61,-0.03,55
2010-03-03,1474,333470,2201690,6.61,6.65,6.58,6.65,0.04,61
2010-03-04,1474,242079,1616729,6.76,6.76,6.63,6.65,0.0,67
2010-03-05,1474,1389548,9706085,6.65,7.11,6.65,7.11,0.46,263
2010-03-08,1474,1109625,8092037,7.3,7.36,7.2,7.33,0.22,274
2010-03-09,1474,375626,2723580,7.31,7.31,7.22,7.26,-0.07,93
2010-03-10,1474,510997,3737767,7.29,7.37,7.29,7.31,0.05,111
2010-03-11,1474,370157,2700443,7.33,7.35,7.26,7.32,0.01,104
2010-03-12,1474,260009,1874982,7.35,7.35,7.06,7.31,-0.01,101
2010-03-15,1474,321148,2315096,7.23,7.27,7.19,7.2,-0.11,69
2010-03-16,1474,121891,874983,7.06,7.21,7.06,7.21,0.01,53
2010-03-17,1474,448171,3294665,7.35,7.45,7.3,7.4,0.19,139
2010-03-18,1474,3028260,23817649,7.44,7.91,7.44,7.91,0.51,491
2010-03-19,1474,2517015,20427209,8.02,8.3,7.96,8.08,0.17,486
2010-03-22,1474,1205561,9781945,8.26,8.26,8.04,8.08,0.0,250
2010-03-23,1474,894920,7335553,8.18,8.28,8.13,8.2,0.12,199
2010-03-24,1474,583327,4765467,8.28,8.3,8.08,8.16,-0.04,145
2010-03-25,1474,352351,2857262,8.16,8.2,8.02,8.12,-0.04,101
2010-03-26,1474,242217,1958640,8.08,8.16,8.05,8.11,-0.01,70
2010-03-29,1474,507767,4149478,8.11,8.23,8.1,8.2,0.09,118
2010-03-30,1474,412480,3369317,8.2,8.2,8.14,8.16,-0.04,84
2010-03-31,1474,389800,3189639,8.13,8.25,8.13,8.15,-0.01,93
2010-04-01,1474,449949,3682084,8.13,8.21,8.13,8.2,0.05,99
2010-04-02,1474,750856,6217330,8.2,8.42,8.19,8.37,0.17,182
2010-04-06,1474,459106,3847263,8.48,8.48,8.32,8.37,0.0,117
2010-04-07,1474,373306,3094709,8.38,8.38,8.24,8.29,-0.08,92
2010-04-08,1474,807009,6581577,8.28,8.28,8.09,8.21,-0.08,178
2010-04-09,1474,364156,2971166,8.21,8.21,8.13,8.17,-0.04,84
2010-04-12,1474,1132697,9577065,8.2,8.6,8.2,8.6,0.43,331
2010-04-13,1474,3382698,30452481,8.9,9.15,8.81,8.94,0.34,879
2010-04-14,1474,964787,8562305,9.0,9.0,8.72,8.86,-0.08,258
2010-04-15,1474,813282,7258862,8.94,9.0,8.86,8.86,0.0,208
2010-04-16,1474,619851,5515130,8.86,8.98,8.85,8.89,0.03,160
2010-04-19,1474,1199576,10154461,8.8,8.8,8.27,8.27,-0.62,259
2010-04-20,1474,833000,6896970,8.28,8.43,8.12,8.26,-0.01,198
2010-04-21,1474,934280,7956808,8.33,8.65,8.33,8.6,0.34,167
2010-04-22,1474,980376,8551831,8.6,8.85,8.59,8.7,0.1,225
2010-04-23,1474,425200,3735281,8.75,8.88,8.66,8.76,0.06,130
2010-04-26,1474,1932308,17573957,8.89,9.23,8.81,9.08,0.32,409
2010-04-27,1474,638109,5785175,9.18,9.18,9.0,9.1,0.02,172
2010-04-28,1474,1128274,10034836,8.55,9.05,8.55,9.05,-0.05,252
2010-04-29,1474,1941927,18235704,9.21,9.5,9.15,9.42,0.37,380
2010-04-30,1474,1720201,15688662,9.6,9.6,8.91,8.93,-0.49,368
2010-05-03,1474,820693,7401012,9.1,9.1,8.88,9.06,0.13,211
2010-05-04,1474,899208,8286645,9.1,9.39,9.1,9.23,0.17,277
2010-05-05,1474,3794408,34903536,8.95,9.33,8.85,9.1,-0.13,447
2010-05-06,1474,1368838,12392399,8.95,9.2,8.74,8.74,-0.36,259
2010-05-07,1474,604916,5084741,8.15,8.6,8.15,8.53,-0.21,217
2010-05-10,1474,740125,6526473,8.98,8.98,8.73,8.88,0.35,183
2010-05-11,1474,1078400,9677801,9.02,9.2,8.88,8.99,0.11,215
2010-05-12,1474,701806,6313571,9.1,9.11,8.91,8.95,-0.04,154
2010-05-13,1474,1709936,15415640,9.1,9.15,8.95,9.08,0.13,291
2010-05-14,1474,6413977,61160536,9.01,9.71,9.01,9.62,0.54,1148
2010-05-17,1474,2178006,20369013,9.58,9.6,9.17,9.18,-0.44,535
2010-05-18,1474,1552000,14153090,9.23,9.37,8.97,9.02,-0.16,330
2010-05-19,1474,1240171,11113823,8.84,9.16,8.8,9.08,0.06,331
2010-05-20,1474,935460,8371408,9.15,9.15,8.8,8.81,-0.27,193
2010-05-21,1474,1758012,14461718,8.25,8.47,8.2,8.2,-0.61,383
2010-05-24,1474,817001,6815038,8.2,8.45,8.2,8.36,0.16,193
2010-05-25,1474,1092925,8659388,8.21,8.25,7.78,7.91,-0.45,296
2010-05-26,1474,540000,4273450,7.95,8.1,7.82,7.92,0.01,128
2010-05-27,1474,334900,2717558,7.9,8.23,7.9,8.2,0.28,100
2010-05-28,1474,432320,3589484,8.35,8.39,8.23,8.24,0.04,123
2010-05-31,1474,508000,4208750,8.25,8.36,8.25,8.3,0.06,89
2010-06-01,1474,284600,2341789,8.25,8.27,8.2,8.25,-0.05,80
2010-06-02,1474,459399,3791383,8.29,8.37,8.1,8.13,-0.12,91
2010-06-03,1474,439716,3653911,8.24,8.35,8.2,8.27,0.14,91
2010-06-04,1474,257001,2130278,8.27,8.3,8.27,8.27,0.0,44
2010-06-07,1474,356000,2854120,8.1,8.12,8.0,8.01,-0.26,99
2010-06-08,1474,417000,3345010,8.0,8.11,8.0,8.08,0.07,94
2010-06-09,1474,539000,4299230,8.12,8.12,7.85,7.87,-0.21,191
2010-06-10,1474,410000,3284660,8.0,8.08,7.93,8.05,0.18,93
2010-06-11,1474,2222643,19010734,8.61,8.61,8.41,8.47,0.42,453
2010-06-14,1474,717000,6084770,8.59,8.59,8.4,8.42,-0.05,154
2010-06-15,1474,216254,1818463,8.46,8.46,8.38,8.43,0.01,69
2010-06-17,1474,351000,2960220,8.41,8.49,8.39,8.47,0.04,102
2010-06-18,1474,305000,2563030,8.5,8.5,8.32,8.4,-0.07,96
2010-06-21,1474,499000,4266770,8.45,8.64,8.45,8.57,0.17,135
2010-06-22,1474,549126,4766968,8.6,8.78,8.57,8.66,0.09,152
2010-06-23,1474,355960,3090101,8.59,8.77,8.59,8.65,-0.01,87
2010-06-24,1474,2221894,20152563,8.8,9.2,8.79,9.12,0.47,516
2010-06-25,1474,821011,7385877,9.13,9.13,8.91,8.92,-0.2,185
2010-06-28,1474,771381,6963049,9.01,9.13,8.93,9.0,0.08,153
2010-06-29,1474,696552,6218484,9.05,9.13,8.8,8.8,-0.2,137
2010-06-30,1474,135500,1158204,8.46,8.69,8.46,8.67,-0.13,50
2010-07-01,1474,896015,7645798,8.78,8.78,8.46,8.47,-0.2,221
2010-07-02,1474,411000,3515160,8.47,8.68,8.47,8.47,0.0,108
2010-07-05,1474,364000,3118120,8.5,8.62,8.5,8.6,0.13,71
2010-07-06,1474,434000,3718190,8.59,8.7,8.5,8.6,0.0,96
2010-07-07,1474,362882,3130716,8.7,8.7,8.58,8.58,-0.02,100
2010-07-08,1474,326800,2817555,8.63,8.68,8.6,8.61,0.03,90
2010-07-09,1474,485463,4234501,8.67,8.9,8.65,8.81,0.2,138
2010-07-12,1474,975693,8772413,8.95,9.06,8.86,8.96,0.15,218
2010-07-13,1474,468307,4179713,9.05,9.1,8.81,8.81,-0.15,127
2010-07-14,1474,269425,2402890,8.9,8.99,8.84,8.92,0.11,102
2010-07-15,1474,460645,4147376,8.9,9.07,8.9,8.96,0.04,127
2010-07-16,1474,649429,5828740,8.95,9.03,8.92,8.92,-0.04,122
2010-07-19,1474,265711,2354711,8.88,8.92,8.81,8.91,-0.01,73
2010-07-20,1474,948000,8559260,8.88,9.2,8.88,9.0,0.09,198
2010-07-21,1474,340160,3050894,9.15,9.15,8.9,8.9,-0.1,83
2010-07-22,1474,868655,7772691,8.9,9.14,8.9,8.92,0.02,103
2010-07-23,1474,670025,5985302,8.94,9.0,8.91,8.91,-0.01,103
2010-07-26,1474,485160,4321337,8.99,8.99,8.88,8.92,0.01,110
2010-07-27,1474,308703,2751075,8.95,8.95,8.88,8.88,-0.04,67
2010-07-28,1474,1770524,15973136,8.91,9.1,8.88,9.03,0.15,293
2010-07-29,1474,1406963,12778112,9.0,9.13,9.0,9.07,0.04,280
2010-07-30,1474,1104680,10114911,9.09,9.29,9.09,9.1,0.03,263
2010-08-02,1474,2051320,19377800,9.2,9.67,9.2,9.4,0.3,513
2010-08-03,1474,891500,8349740,9.6,9.6,9.24,9.34,-0.06,246
2010-08-04,1474,6801192,67133263,9.34,9.99,9.27,9.99,0.65,713
2010-08-05,1474,6011453,62294771,10.2,10.65,10.0,10.2,0.21,1194
2010-08-06,1474,1308451,13423174,10.4,10.5,10.05,10.25,0.05,402
2010-08-09,1474,10520717,114880187,10.25,10.95,10.25,10.95,0.7,1261
2010-08-10,1474,5421721,57301852,11.2,11.2,10.25,10.3,-0.65,1066
2010-08-11,1474,3821827,39771167,10.2,10.75,10.1,10.35,0.05,689
2010-08-12,1474,1106776,11480419,10.15,10.5,10.15,10.5,0.15,300
2010-08-13,1474,1151846,11994671,10.55,10.6,10.3,10.3,-0.2,343
2010-08-16,1474,1337355,14023502,10.3,10.65,10.3,10.4,0.1,351
2010-08-17,1474,1591548,16838492,10.4,10.7,10.4,10.4,0.0,396
2010-08-18,1474,2129874,22081025,10.5,10.6,10.15,10.6,0.2,465
2010-08-19,1474,1282634,13413105,10.6,10.6,10.3,10.6,0.0,283
2010-08-20,1474,1051248,10957829,10.5,10.6,10.3,10.45,-0.15,227
2010-08-23,1474,1995227,21097581,10.4,10.7,10.4,10.6,0.15,413
2010-08-24,1474,1370045,14194901,10.5,10.65,10.2,10.25,-0.35,314
2010-08-25,1474,2013695,20162011,10.25,10.25,9.83,9.84,-0.41,375
2010-08-26,1474,757580,7392318,9.9,9.94,9.69,9.71,-0.13,183
2010-08-27,1474,338223,3300541,9.71,9.82,9.71,9.75,0.04,79
2010-08-30,1474,457186,4519582,9.9,9.93,9.81,9.84,0.09,117
2010-08-31,1474,820022,8108394,9.99,9.99,9.81,9.84,0.0,201
2010-09-01,1474,823803,8437529,9.96,10.4,9.96,10.2,0.36,216
2010-09-02,1474,488913,4993211,10.4,10.4,10.05,10.2,0.0,156
2010-09-03,1474,609097,6227537,10.2,10.3,10.15,10.25,0.05,178
2010-09-06,1474,496432,5111477,10.4,10.4,10.25,10.25,0.0,122
2010-09-07,1474,1096100,11454849,10.3,10.6,10.3,10.45,0.2,294
2010-09-08,1474,789435,8216157,10.5,10.55,10.3,10.35,-0.1,144
2010-09-09,1474,941436,9798561,10.5,10.65,10.3,10.3,-0.05,180
2010-09-10,1474,436975,4513293,10.3,10.4,10.3,10.3,0.0,124
2010-09-13,1474,593458,6207662,10.4,10.55,10.4,10.45,0.15,145
2010-09-14,1474,1495700,15913120,10.45,10.75,10.45,10.6,0.15,355
2010-09-15,1474,1031120,10890560,10.75,10.75,10.5,10.55,-0.05,193
2010-09-16,1474,953967,9999899,10.55,10.6,10.35,10.55,0.0,200
2010-09-17,1474,791706,8352281,10.55,10.65,10.45,10.65,0.1,172
2010-09-20,1474,2524256,26941899,10.7,10.75,10.55,10.75,0.1,391
2010-09-21,1474,2736700,29844369,11.0,11.0,10.8,11.0,0.25,529
2010-09-23,1474,5507884,60096814,10.7,11.1,10.6,10.9,0.0,813
2010-09-24,1474,3441013,38456339,10.9,11.4,10.85,11.05,0.15,843
2010-09-27,1474,5868208,67570759,11.2,11.8,11.2,11.7,0.65,1089
2010-09-28,1474,5020023,59761762,11.6,12.15,11.45,11.8,0.1,939
2010-09-29,1474,7552690,93014475,11.9,12.6,11.8,12.4,0.6,1151
2010-09-30,1474,5814270,73384721,12.4,12.85,12.3,12.6,0.2,998
2010-10-01,1474,3712844,46755098,12.6,12.85,12.3,12.55,-0.05,778
2010-10-04,1474,4622917,59698936,12.8,13.05,12.7,12.85,0.3,933
2010-10-05,1474,4032734,52287844,13.1,13.2,12.65,12.8,-0.05,889
2010-10-06,1474,2897202,36820675,13.05,13.05,12.55,12.6,-0.2,691
2010-10-07,1474,1103483,13937137,12.6,12.8,12.55,12.6,0.0,262
2010-10-08,1474,2003791,24693797,12.6,12.75,12.15,12.25,-0.35,485
2010-10-11,1474,1328723,16408520,12.4,12.45,12.25,12.25,0.0,377
2010-10-12,1474,1648631,19942007,12.4,12.5,11.75,12.0,-0.25,423
2010-10-13,1474,736999,8931888,12.0,12.25,12.0,12.05,0.05,206
2010-10-14,1474,1496999,18403537,12.2,12.45,12.15,12.25,0.2,370
2010-10-15,1474,1715680,21487931,12.3,12.75,12.3,12.5,0.25,537
2010-10-18,1474,2646072,34172703,13.2,13.2,12.5,12.7,0.2,705
2010-10-19,1474,965199,12151597,12.7,12.8,12.4,12.5,-0.2,264
2010-10-20,1474,714872,8786075,12.0,12.5,12.0,12.35,-0.15,189
2010-10-21,1474,1011500,12601599,12.35,12.6,12.3,12.4,0.05,309
2010-10-22,1474,1765694,21582278,12.7,12.7,11.9,12.1,-0.3,429
2010-10-25,1474,1775918,21663422,12.15,12.5,11.95,11.95,-0.15,461
2010-10-26,1474,741169,8933478,12.0,12.15,11.95,12.05,0.1,210
2010-10-27,1474,1046316,12490643,12.2,12.2,11.8,11.9,-0.15,248
2010-10-28,1474,611021,7187392,11.9,11.95,11.6,11.6,-0.3,200
2010-10-29,1474,849160,9669342,11.6,11.6,11.25,11.3,-0.3,268
2010-11-01,1474,1548062,17402325,11.35,11.6,10.95,11.1,-0.2,427
2010-11-02,1474,1432800,15394850,11.1,11.1,10.6,10.6,-0.5,371
2010-11-03,1474,1073502,11666020,10.65,11.0,10.65,10.85,0.25,316
2010-11-04,1474,570276,6146875,10.9,10.95,10.7,10.7,-0.15,152
2010-11-05,1474,838760,9098058,10.8,10.95,10.75,10.85,0.15,221
2010-11-08,1474,1062517,11613035,11.0,11.05,10.75,10.95,0.1,275
2010-11-09,1474,1471999,16357038,11.15,11.25,10.95,11.15,0.2,313
2010-11-10,1474,986010,11024411,11.25,11.3,11.05,11.2,0.05,226
2010-11-11,1474,637160,7118175,11.3,11.3,11.05,11.15,-0.05,179
2010-11-12,1474,714496,7769206,11.2,11.2,10.7,10.7,-0.45,215
2010-11-15,1474,651300,6838058,10.7,10.7,10.4,10.5,-0.2,164
2010-11-16,1474,328489,3456784,10.5,10.6,10.4,10.6,0.1,102
2010-11-17,1474,344499,3642138,10.4,10.75,10.4,10.65,0.05,102
2010-11-18,1474,101246,1076568,10.6,10.7,10.55,10.65,0.0,32
2010-11-19,1474,462853,4925437,10.65,10.75,10.55,10.65,0.0,121
2010-11-22,1474,192013,2040388,10.65,10.7,10.55,10.7,0.05,77
2010-11-23,1474,285269,3028423,10.7,10.75,10.55,10.55,-0.15,79
2010-11-24,1474,388789,4064104,10.5,10.55,10.4,10.45,-0.1,104
2010-11-25,1474,381600,3958729,10.5,10.55,10.3,10.3,-0.15,101
2010-11-26,1474,1011968,10198550,10.3,10.3,9.9,10.1,-0.2,255
2010-11-29,1474,682503,7026953,10.2,10.5,10.1,10.45,0.35,163
2010-11-30,1474,442550,4680295,10.45,10.7,10.45,10.55,0.1,135
2010-12-01,1474,392803,4177220,10.55,10.7,10.55,10.65,0.1,94
2010-12-02,1474,648368,6946900,10.7,10.9,10.65,10.7,0.05,135
2010-12-03,1474,438748,4669577,10.6,10.8,10.55,10.65,-0.05,105
2010-12-06,1474,1054994,11137234,10.65,10.75,10.4,10.55,-0.1,223
2010-12-07,1474,1015394,10936314,10.7,10.9,10.65,10.8,0.25,280
2010-12-08,1474,900954,9853148,10.85,11.1,10.8,10.95,0.15,234
2010-12-09,1474,612185,6776154,11.2,11.25,10.95,10.95,0.0,166
2010-12-10,1474,657456,7201629,11.0,11.1,10.75,10.75,-0.2,178
2010-12-13,1474,593100,6507090,11.0,11.0,10.9,11.0,0.25,123
2010-12-14,1474,519076,5757141,11.0,11.2,11.0,11.1,0.1,174
2010-12-15,1474,2962775,34387762,11.1,11.8,11.1,11.6,0.5,842
2010-12-16,1474,999642,11592459,11.6,11.8,11.4,11.75,0.15,264
2010-12-17,1474,845669,9817776,11.8,11.8,11.5,11.5,-0.25,174
2010-12-20,1474,875400,10050970,11.5,11.6,11.3,11.4,-0.1,166
2010-12-21,1474,567000,6478350,11.45,11.5,11.4,11.4,0.0,106
2010-12-22,1474,934712,10600209,11.5,11.5,11.1,11.25,-0.15,164
2010-12-23,1474,380929,4297003,11.25,11.35,11.2,11.2,-0.05,114
2010-12-24,1474,689060,7801517,11.45,11.45,11.25,11.25,0.05,135
2010-12-27,1474,582999,6607987,11.25,11.4,11.2,11.35,0.1,146
2010-12-28,1474,486834,5555322,11.35,11.5,11.25,11.4,0.05,141
2010-12-29,1474,770774,8650289,11.4,11.4,11.15,11.2,-0.2,152
2010-12-30,1474,225900,2544919,11.3,11.35,11.2,11.2,0.0,77
2010-12-31,1474,450969,5090251,11.2,11.35,11.2,11.3,0.1,109
2011-01-03,1474,1205028,13894771,11.4,11.7,11.4,11.55,0.25,292
2011-01-04,1474,1764352,20875344,11.7,11.95,11.65,11.7,0.15,451
2011-01-05,1474,1438870,16916792,11.7,11.9,11.6,11.7,0.0,308
2011-01-06,1474,1303410,15461136,11.7,12.0,11.7,11.9,0.2,284
2011-01-07,1474,717400,8380629,12.0,12.0,11.45,11.5,-0.4,202
2011-01-10,1474,1232421,14452081,11.45,11.85,11.45,11.7,0.2,228
2011-01-11,1474,675583,7959440,11.85,11.9,11.7,11.75,0.05,149
2011-01-12,1474,443416,5222428,11.75,11.85,11.7,11.75,0.0,138
2011-01-13,1474,428090,5003492,11.9,11.9,11.6,11.65,-0.1,100
2011-01-14,1474,442397,5126015,11.7,11.7,11.55,11.55,-0.1,79
2011-01-17,1474,275294,3189931,11.6,11.65,11.5,11.55,0.0,70
2011-01-18,1474,324757,3746455,11.5,11.65,11.45,11.55,0.0,99
2011-01-19,1474,340032,3941919,11.5,11.7,11.5,11.55,0.0,96
2011-01-20,1474,278002,3196522,11.6,11.65,11.45,11.5,-0.05,84
2011-01-21,1474,432715,5018843,11.55,11.7,11.5,11.65,0.15,143
2011-01-24,1474,435151,5066151,11.6,11.7,11.55,11.65,0.0,137
2011-01-25,1474,455701,5280491,11.7,11.75,11.45,11.5,-0.15,99
2011-01-26,1474,551417,6315612,11.5,11.6,11.35,11.4,-0.1,113
2011-01-27,1474,274870,3151531,11.4,11.6,11.4,11.4,0.0,82
2011-01-28,1474,551089,6368126,11.55,11.65,11.45,11.55,0.15,144
2011-02-08,1474,1116926,13142028,11.75,11.9,11.65,11.75,0.2,280
2011-02-09,1474,1966035,23480863,11.8,12.1,11.8,12.0,0.25,439
2011-02-10,1474,882333,10503496,12.0,12.1,11.8,11.8,-0.2,212
2011-02-11,1474,1133103,13272995,11.7,11.85,11.6,11.6,-0.2,309
2011-02-14,1474,1004148,11650684,11.8,11.8,11.5,11.55,-0.05,192
2011-02-15,1474,543104,6232229,11.55,11.65,11.4,11.4,-0.15,137
2011-02-16,1474,518266,5969709,11.4,11.65,11.4,11.55,0.15,149
2011-02-17,1474,395000,4529500,11.6,11.65,11.4,11.45,-0.1,116
2011-02-18,1474,425900,4892674,11.5,11.6,11.45,11.45,0.0,102
2011-02-21,1474,196346,2256311,11.5,11.55,11.45,11.45,0.0,59
2011-02-22,1474,401596,4519865,11.4,11.4,11.15,11.15,-0.3,108
2011-02-23,1474,454667,5014170,11.35,11.35,10.85,10.95,-0.2,136
2011-02-24,1474,306589,3342361,10.95,11.1,10.85,10.9,-0.05,73
2011-02-25,1474,513880,5562890,10.95,10.95,10.7,10.8,-0.1,101
2011-03-01,1474,188653,2075509,10.85,11.1,10.85,11.0,0.2,59
2011-03-02,1474,355412,3933190,11.0,11.2,10.9,11.1,0.1,118
2011-03-03,1474,374889,4137479,11.1,11.15,11.0,11.05,-0.05,95
2011-03-04,1474,195200,2156276,11.1,11.15,11.0,11.0,-0.05,70
2011-03-07,1474,277724,3044291,11.0,11.05,10.9,10.95,-0.05,74
2011-03-08,1474,160575,1766675,11.0,11.1,10.95,11.1,0.15,44
2011-03-09,1474,181477,2008247,11.1,11.15,10.95,11.1,0.0,54
2011-03-10,1474,307900,3361150,11.0,11.1,10.85,10.85,-0.25,80
2011-03-11,1474,488636,5260418,10.8,10.85,10.7,10.85,0.0,120
2011-03-14,1474,394368,4274524,10.8,10.95,10.7,10.8,-0.05,111
2011-03-15,1474,1379300,14141260,10.8,10.8,10.05,10.2,-0.6,207
2011-03-16,1474,198900,2036459,10.2,10.35,10.1,10.3,0.1,70
2011-03-17,1474,425000,4262020,10.1,10.15,9.9,10.15,-0.15,95
2011-03-18,1474,322760,3306993,10.15,10.35,10.15,10.3,0.15,87
2011-03-21,1474,140239,1460329,10.3,10.45,10.3,10.45,0.15,55
2011-03-22,1474,309000,3220550,10.55,10.6,10.25,10.25,-0.2,86
2011-03-23,1474,84163,873934,10.35,10.4,10.35,10.4,0.15,34
2011-03-24,1474,190012,2010982,10.4,10.65,10.4,10.65,0.25,65
2011-03-25,1474,117136,1228298,10.65,10.65,10.4,10.5,-0.15,54
2011-03-28,1474,46497,484719,10.5,10.5,10.3,10.3,-0.2,25
2011-03-29,1474,279230,2802646,9.58,10.3,9.58,10.25,-0.05,98
2011-03-30,1474,138000,1402600,10.25,10.25,10.05,10.2,-0.05,40
2011-03-31,1474,361000,3673500,10.3,10.3,10.1,10.2,0.0,72
2011-04-01,1474,197987,2012066,10.25,10.25,10.15,10.2,0.0,42
2011-04-06,1474,137040,1407864,10.2,10.35,10.2,10.3,0.1,55
2011-04-07,1474,90485,930394,10.35,10.4,10.25,10.35,0.05,36
2011-04-08,1474,415000,4362750,10.3,10.7,10.3,10.7,0.35,141
2011-04-11,1474,561778,6112973,10.9,11.0,10.8,10.8,0.1,167
2011-04-12,1474,359165,3865829,10.8,10.9,10.65,10.85,0.05,100
2011-04-13,1474,230000,2485400,10.85,10.85,10.75,10.8,-0.05,56
2011-04-14,1474,253240,2744465,10.85,10.95,10.75,10.95,0.15,65
2011-04-15,1474,445200,4892480,11.0,11.05,10.85,10.9,-0.05,114
2011-04-18,1474,158008,1711586,10.9,10.95,10.7,10.75,-0.15,45
2011-04-19,1474,135004,1426690,10.75,10.75,10.5,10.55,-0.2,51
2011-04-20,1474,226900,2457050,10.55,11.0,10.55,10.9,0.35,75
2011-04-21,1474,436057,4764370,10.7,11.05,10.7,10.95,0.05,110
2011-04-22,1474,236696,2600482,11.0,11.05,10.9,10.95,0.0,93
2011-04-25,1474,188110,2043732,11.0,11.05,10.7,10.75,-0.2,62
2011-04-26,1474,588060,6235981,10.75,10.75,10.55,10.55,-0.2,121
2011-04-27,1474,250004,2658591,10.6,10.7,10.6,10.6,0.05,68
2011-04-28,1474,258231,2744387,10.6,10.8,10.55,10.55,-0.05,76
2011-04-29,1474,432200,4533080,10.6,10.6,10.35,10.45,-0.1,128
2011-05-03,1474,1483028,16311008,10.7,11.15,10.7,11.15,0.7,366
2011-05-04,1474,1748099,19914257,11.45,11.5,11.25,11.25,0.1,575
2011-05-05,1474,663706,7383501,11.25,11.35,10.7,10.7,-0.55,203
2011-05-06,1474,823946,9211789,10.9,11.35,10.9,11.2,0.5,271
2011-05-09,1474,652400,7321010,11.4,11.4,11.1,11.15,-0.05,160
2011-05-10,1474,502057,5622277,11.35,11.35,11.05,11.05,-0.1,145
2011-05-11,1474,1685610,19262851,11.1,11.65,11.1,11.45,0.4,441
2011-05-12,1474,869932,9934731,11.35,11.6,11.2,11.25,-0.2,228
2011-05-13,1474,494205,5613687,11.4,11.5,11.25,11.3,0.05,141
2011-05-16,1474,596000,6624800,11.35,11.35,11.0,11.2,-0.1,149
2011-05-17,1474,560100,6171510,11.05,11.15,10.95,11.0,-0.2,133
2011-05-18,1474,276792,3067432,11.0,11.15,11.0,11.0,0.0,76
2011-05-19,1474,177100,1965500,11.05,11.15,11.05,11.05,0.05,90
2011-05-20,1474,506000,5594300,11.15,11.15,10.85,11.1,0.05,106
2011-05-23,1474,252000,2756100,11.0,11.0,10.9,10.95,-0.15,68
2011-05-24,1474,355090,3829531,10.9,10.9,10.7,10.8,-0.15,92
2011-05-25,1474,169000,1832450,10.8,10.9,10.8,10.85,0.05,59
2011-05-26,1474,185912,2019149,10.85,10.95,10.8,10.85,0.0,57
2011-05-27,1474,311000,3374450,10.9,10.95,10.8,10.9,0.05,66
2011-05-30,1474,116800,1260210,10.95,10.95,10.7,10.75,-0.15,59
2011-05-31,1474,198138,2148739,10.8,10.95,10.8,10.95,0.2,65
2011-06-01,1474,168000,1837400,10.95,11.0,10.85,10.9,-0.05,36
2011-06-02,1474,163326,1766620,10.8,10.9,10.75,10.8,-0.1,56
2011-06-03,1474,134529,1462186,10.9,10.95,10.8,10.95,0.15,44
2011-06-07,1474,168828,1826390,10.85,10.95,10.75,10.85,-0.1,58
2011-06-08,1474,92703,1006991,10.85,10.9,10.85,10.85,0.0,42
2011-06-09,1474,121400,1314309,10.9,10.9,10.8,10.9,0.05,40
2011-06-10,1474,702346,7493050,10.8,10.8,10.5,10.6,-0.3,173
2011-06-13,1474,204414,2145655,10.6,10.6,10.4,10.5,-0.1,69
2011-06-14,1474,110416,1164618,10.5,10.6,10.5,10.6,0.1,39
2011-06-15,1474,143095,1508947,10.6,10.6,10.45,10.5,-0.1,63
2011-06-16,1474,153000,1599100,10.5,10.5,10.4,10.4,-0.1,50
2011-06-17,1474,107594,1124285,10.45,10.5,10.4,10.4,0.0,50
2011-06-20,1474,207080,2144466,10.5,10.5,10.25,10.25,-0.15,49
2011-06-21,1474,167122,1719994,10.4,10.4,10.25,10.3,0.05,45
2011-06-22,1474,90500,938073,10.35,10.4,10.35,10.35,0.05,26
2011-06-23,1474,140327,1449833,10.3,10.35,10.3,10.35,0.0,35
2011-06-24,1474,253884,2622247,10.3,10.4,10.25,10.25,-0.1,44
2011-06-27,1474,114613,1186408,10.4,10.4,10.3,10.3,0.05,40
2011-06-28,1474,64001,665811,10.35,10.45,10.35,10.4,0.1,17
2011-06-29,1474,529472,5693652,11.0,11.0,10.65,10.7,0.3,149
2011-06-30,1474,317000,3402600,10.7,10.8,10.65,10.75,0.05,72
2011-07-01,1474,356000,3829200,10.75,10.8,10.7,10.75,0.0,64
2011-07-04,1474,147200,1589440,10.8,10.85,10.75,10.75,0.0,37
2011-07-05,1474,180002,1937820,10.8,10.85,10.75,10.75,0.0,60
2011-07-06,1474,217000,2344950,10.8,10.85,10.75,10.8,0.05,57
2011-07-07,1474,139323,1508088,10.85,10.9,10.8,10.85,0.05,34
2011-07-08,1474,466001,5114860,10.85,11.0,10.85,10.95,0.1,110
2011-07-11,1474,352001,3877211,10.95,11.1,10.95,11.0,0.05,107
2011-07-12,1474,500486,5468198,10.9,11.0,10.85,10.9,-0.1,113
2011-07-13,1474,338392,3699733,10.9,11.05,10.9,10.9,0.0,93
2011-07-14,1474,957000,10848300,10.9,11.6,10.9,11.2,0.3,257
2011-07-15,1474,363270,4091097,11.3,11.3,11.2,11.2,0.0,94
2011-07-18,1474,220280,2463508,11.2,11.2,11.15,11.15,-0.05,64
2011-07-19,1474,184479,2059850,11.2,11.25,11.1,11.2,0.05,58
2011-07-20,1474,608409,6819439,11.3,11.3,11.15,11.2,0.0,104
2011-07-21,1474,263288,2941495,11.2,11.25,11.15,11.2,0.0,71
2011-07-22,1474,310036,3472352,11.25,11.3,11.15,11.2,0.0,94
2011-07-25,1474,414508,4632388,11.25,11.25,11.15,11.25,0.05,77
2011-07-26,1474,109471,1225074,11.25,11.25,11.15,11.2,-0.05,31
2011-07-27,1474,198120,2222886,11.2,11.3,11.15,11.25,0.05,61
2011-07-28,1474,86476,968180,11.2,11.2,11.15,11.2,-0.05,38
2011-07-29,1474,173000,1929350,11.2,11.2,11.1,11.15,-0.05,54
2011-08-01,1474,290627,3256609,11.2,11.25,11.15,11.2,0.05,72
2011-08-02,1474,1168000,13278500,11.2,11.6,11.2,11.4,0.2,255
2011-08-03,1474,701953,7906618,11.3,11.4,11.1,11.4,0.0,166
2011-08-04,1474,346092,3925093,11.4,11.4,11.25,11.25,-0.15,104
2011-08-05,1474,890825,9574694,10.9,10.9,10.6,10.65,-0.6,202
2011-08-08,1474,704135,7356565,10.5,10.7,10.3,10.4,-0.25,184
2011-08-09,1474,768000,7735390,10.0,10.45,9.81,10.45,0.05,179
2011-08-10,1474,381000,4017250,10.45,10.65,10.45,10.6,0.15,121
2011-08-11,1474,562080,5835439,10.25,10.6,10.25,10.5,-0.1,135
2011-08-12,1474,403162,4293567,10.6,10.75,10.55,10.6,0.1,104
2011-08-15,1474,264811,2851224,10.7,10.85,10.7,10.8,0.2,78
2011-08-16,1474,276000,2982800,10.7,10.9,10.7,10.9,0.1,55
2011-08-17,1474,136009,1463846,10.95,10.95,10.7,10.75,-0.15,50
2011-08-18,1474,302000,3247700,10.8,10.8,10.7,10.75,0.0,63
2011-08-19,1474,753594,8026931,10.7,10.75,10.55,10.75,0.0,141
2011-08-22,1474,970594,10385555,10.7,10.8,10.6,10.75,0.0,142
2011-08-23,1474,496400,5356620,10.7,10.9,10.7,10.85,0.1,86
2011-08-24,1474,382000,4120100,10.85,10.85,10.75,10.8,-0.05,63
2011-08-25,1474,603000,6576499,10.85,11.1,10.8,10.8,0.0,144
2011-08-26,1474,309500,3362650,11.0,11.0,10.75,10.8,0.0,94
2011-08-29,1474,347050,3740540,10.65,10.85,10.65,10.75,-0.05,107
2011-08-30,1474,197453,2120951,10.75,10.8,10.7,10.7,-0.05,66
2011-08-31,1474,261000,2779000,10.7,10.7,10.6,10.7,0.0,81
2011-09-01,1474,473221,5028170,10.6,10.7,10.55,10.6,-0.1,130
2011-09-02,1474,208122,2196431,10.6,10.6,10.5,10.55,-0.05,69
2011-09-05,1474,151002,1582370,10.45,10.55,10.4,10.55,0.0,65
2011-09-06,1474,187000,1953550,10.5,10.5,10.4,10.4,-0.15,68
2011-09-07,1474,144138,1504905,10.4,10.5,10.4,10.45,0.05,47
2011-09-08,1474,249000,2642400,10.55,10.7,10.5,10.65,0.2,71
2011-09-09,1474,126001,1337261,10.6,10.7,10.55,10.7,0.05,47
2011-09-13,1474,289218,3068120,10.6,10.65,10.55,10.65,-0.05,60
2011-09-14,1474,365495,3905596,10.7,10.75,10.6,10.6,-0.05,113
2011-09-15,1474,314704,3379282,10.65,10.8,10.65,10.75,0.15,94
2011-09-16,1474,505561,5484482,10.85,10.9,10.8,10.85,0.1,164
2011-09-19,1474,515820,5144550,9.89,10.1,9.89,9.96,0.0,159
2011-09-20,1474,139000,1380370,9.82,9.98,9.82,9.92,-0.04,50
2011-09-21,1474,114000,1135930,10.0,10.0,9.9,9.9,-0.02,45
2011-09-22,1474,100000,980410,9.9,9.9,9.77,9.81,-0.09,49
2011-09-23,1474,217000,2017880,9.25,9.59,9.2,9.2,-0.61,72
2011-09-26,1474,435000,3742980,8.58,8.84,8.56,8.56,-0.64,124
2011-09-27,1474,274206,2366211,8.66,8.66,8.6,8.62,0.06,86
2011-09-28,1474,124170,1064482,8.66,8.66,8.55,8.56,-0.06,35
2011-09-29,1474,259026,2207613,8.56,8.59,8.49,8.55,-0.01,70
2011-09-30,1474,143001,1225039,8.57,8.64,8.51,8.64,0.09,48
2011-10-03,1474,156000,1318870,8.58,8.58,8.35,8.44,-0.2,54
2011-10-04,1474,201000,1649160,8.33,8.39,8.14,8.26,-0.18,68
2011-10-05,1474,150000,1240910,8.25,8.33,8.13,8.3,0.04,40
2011-10-06,1474,78000,662030,8.4,8.67,8.4,8.45,0.15,36
2011-10-07,1474,67036,572711,8.56,8.62,8.5,8.6,0.15,37
2011-10-11,1474,104999,910481,8.75,8.76,8.61,8.69,0.09,30
2011-10-12,1474,76000,657580,8.72,8.72,8.62,8.69,0.0,25
2011-10-13,1474,166043,1444006,8.69,8.72,8.68,8.71,0.02,41
2011-10-14,1474,230118,1987608,8.71,8.71,8.57,8.6,-0.11,77
2011-10-17,1474,141900,1221332,8.6,8.68,8.58,8.6,0.0,39
2011-10-18,1474,103000,877560,8.6,8.6,8.5,8.58,-0.02,23
2011-10-19,1474,20001,170549,8.5,8.58,8.5,8.58,0.0,12
2011-10-20,1474,40000,341120,8.53,8.55,8.52,8.52,-0.06,14
2011-10-21,1474,169101,1440679,8.51,8.57,8.46,8.55,0.03,33
2011-10-24,1474,121000,1043010,8.67,8.67,8.59,8.64,0.09,56
2011-10-25,1474,56100,485427,8.65,8.67,8.6,8.67,0.03,21
2011-10-26,1474,82737,713292,8.6,8.69,8.6,8.62,-0.05,28
2011-10-27,1474,175014,1529783,8.7,8.86,8.7,8.77,0.15,60
2011-10-28,1474,155000,1369930,8.9,8.91,8.79,8.79,0.02,64
2011-10-31,1474,75541,667563,8.89,8.9,8.67,8.74,-0.05,27
2011-11-01,1474,81000,709790,8.72,8.81,8.72,8.81,0.07,39
2011-11-02,1474,55000,482080,8.73,8.78,8.7,8.75,-0.06,18
2011-11-03,1474,153000,1341480,8.75,8.83,8.73,8.73,-0.02,36
2011-11-04,1474,116148,1028992,8.86,8.9,8.77,8.86,0.13,45
2011-11-07,1474,45000,396500,8.86,8.87,8.8,8.87,0.01,21
2011-11-08,1474,78510,691706,8.81,8.87,8.77,8.8,-0.07,37
2011-11-09,1474,83000,731700,8.82,8.86,8.75,8.75,-0.05,32
2011-11-10,1474,151017,1296649,8.7,8.7,8.5,8.5,-0.25,50
2011-11-11,1474,94240,805359,8.52,8.58,8.5,8.58,0.08,39
2011-11-14,1474,102100,879500,8.6,8.7,8.6,8.7,0.12,44
2011-11-15,1474,21252,183207,8.63,8.67,8.53,8.67,-0.03,15
2011-11-16,1474,115000,990810,8.51,8.69,8.51,8.57,-0.1,18
2011-11-17,1474,35000,299720,8.57,8.73,8.45,8.57,0.0,17
2011-11-18,1474,89000,749040,8.5,8.5,8.32,8.42,-0.15,19
2011-11-21,1474,193000,1562590,8.35,8.35,7.91,8.03,-0.39,55
2011-11-22,1474,438060,3404893,7.75,8.02,7.51,7.7,-0.33,102
2011-11-23,1474,899042,6548452,7.5,7.5,7.17,7.2,-0.5,182
2011-11-24,1474,331000,2344480,6.86,7.25,6.86,7.21,0.01,74
2011-11-25,1474,416000,2992870,7.21,7.32,7.15,7.29,0.08,79
2011-11-28,1474,51000,377080,7.3,7.47,7.3,7.39,0.1,30
2011-11-29,1474,111000,833790,7.46,7.55,7.46,7.55,0.16,36
2011-11-30,1474,25000,187290,7.55,7.57,7.4,7.5,-0.05,16
2011-12-01,1474,116000,886740,7.6,7.73,7.53,7.68,0.18,56
2011-12-02,1474,140000,1072300,7.73,7.75,7.64,7.65,-0.03,35
2011-12-05,1474,22280,171104,7.7,7.7,7.65,7.69,0.04,22
2011-12-06,1474,93102,703674,7.68,7.68,7.48,7.57,-0.12,32
2011-12-07,1474,69002,526564,7.64,7.69,7.52,7.65,0.08,28
2011-12-08,1474,31000,233720,7.65,7.67,7.5,7.51,-0.14,15
2011-12-09,1474,44574,336659,7.5,7.6,7.42,7.6,0.09,22
2011-12-12,1474,12001,91427,7.67,7.67,7.6,7.65,0.05,12
2011-12-13,1474,9007,67327,7.42,7.58,7.42,7.58,-0.07,9
2011-12-14,1474,10004,74952,7.44,7.6,7.44,7.6,0.02,10
2011-12-15,1474,49115,366154,7.45,7.56,7.4,7.56,-0.04,26
2011-12-16,1474,22000,164340,7.55,7.55,7.45,7.53,-0.03,8
2011-12-19,1474,189230,1360784,7.46,7.83,7.03,7.38,-0.15,55
2011-12-20,1474,94380,681704,7.35,7.35,7.17,7.2,-0.18,32
2011-12-21,1474,219898,1612564,7.38,7.4,7.31,7.38,0.18,70
2011-12-22,1474,80000,587050,7.37,7.4,7.28,7.31,-0.07,33
2011-12-23,1474,132837,989455,7.39,7.57,7.34,7.57,0.26,56
2011-12-26,1474,50001,375438,7.68,7.68,7.48,7.5,-0.07,34
2011-12-27,1474,54955,408657,7.48,7.52,7.38,7.45,-0.05,23
2011-12-28,1474,220000,1619970,7.33,7.51,7.33,7.42,-0.03,37
2011-12-29,1474,89000,659250,7.38,7.47,7.38,7.4,-0.02,24
2011-12-30,1474,84000,621640,7.4,7.58,7.37,7.39,-0.01,29
2012-01-02,1474,74000,548550,7.4,7.49,7.36,7.37,-0.02,30
2012-01-03,1474,96001,714037,7.4,7.49,7.37,7.38,0.01,43
2012-01-04,1474,76000,564280,7.4,7.43,7.4,7.43,0.05,24
2012-01-05,1474,420776,3159256,7.3,7.68,7.3,7.65,0.22,146
2012-01-06,1474,108096,818603,7.7,7.7,7.53,7.53,-0.12,53
2012-01-09,1474,29000,216340,7.53,7.56,7.42,7.42,-0.11,20
2012-01-10,1474,76000,566910,7.43,7.5,7.42,7.42,0.0,30
2012-01-11,1474,159000,1183160,7.49,7.49,7.4,7.43,0.01,42
2012-01-12,1474,186067,1376905,7.43,7.49,7.37,7.4,-0.03,55
2012-01-13,1474,27148,200060,7.4,7.4,7.36,7.37,-0.03,14
2012-01-16,1474,51148,377224,7.4,7.41,7.34,7.38,0.01,17
2012-01-17,1474,57000,423740,7.49,7.49,7.34,7.44,0.06,30
2012-01-18,1474,336001,2530427,7.5,7.68,7.45,7.68,0.24,105
2012-01-30,1474,163000,1265480,7.69,7.8,7.69,7.75,0.07,48
2012-01-31,1474,285001,2237638,7.76,7.93,7.76,7.89,0.14,83
2012-02-01,1474,132862,1064524,7.89,8.07,7.89,8.05,0.16,65
2012-02-02,1474,131199,1065961,8.08,8.2,8.08,8.1,0.05,61
2012-02-03,1474,157000,1260150,8.1,8.1,8.01,8.05,-0.05,54
2012-02-04,1474,125353,1029291,8.07,8.34,8.07,8.25,0.2,64
2012-02-06,1474,121135,985744,8.24,8.24,8.1,8.18,-0.07,52
2012-02-07,1474,77001,623848,8.13,8.15,8.03,8.15,-0.03,39
2012-02-08,1474,152266,1257132,8.15,8.32,8.15,8.28,0.13,49
2012-02-09,1474,52334,434771,8.21,8.36,8.21,8.33,0.05,27
2012-02-10,1474,549001,4538108,8.33,8.33,8.2,8.3,-0.03,131
2012-02-13,1474,76301,633837,8.25,8.35,8.25,8.35,0.05,42
2012-02-14,1474,225040,1873541,8.35,8.36,8.26,8.31,-0.04,38
2012-02-15,1474,339365,2902664,8.33,8.63,8.33,8.62,0.31,131
2012-02-16,1474,225216,1907071,8.58,8.59,8.31,8.39,-0.23,80
2012-02-17,1474,156398,1321512,8.38,8.5,8.36,8.47,0.08,62
2012-02-20,1474,87000,737470,8.5,8.55,8.44,8.55,0.08,39
2012-02-21,1474,174004,1493836,8.55,8.7,8.55,8.58,0.03,67
2012-02-22,1474,122061,1042478,8.58,8.58,8.52,8.56,-0.02,45
2012-02-23,1474,36000,307240,8.55,8.56,8.52,8.56,0.0,19
2012-02-24,1474,91000,774240,8.56,8.56,8.47,8.49,-0.07,37
2012-02-29,1474,197622,1704959,8.64,8.7,8.51,8.65,0.16,68
2012-03-01,1474,128168,1122973,8.7,8.81,8.7,8.71,0.06,46
2012-03-02,1474,84412,736626,8.77,8.77,8.7,8.71,0.0,24
2012-03-03,1474,160884,1409077,8.76,8.84,8.7,8.83,0.12,47
2012-03-05,1474,174006,1503510,8.82,8.82,8.56,8.75,-0.08,57
2012-03-06,1474,98000,840730,8.61,8.7,8.51,8.68,-0.07,37
2012-03-07,1474,287611,2496513,8.66,8.74,8.51,8.68,0.0,76
2012-03-08,1474,58000,502130,8.68,8.69,8.62,8.65,-0.03,20
2012-03-09,1474,57000,493780,8.7,8.7,8.63,8.69,0.04,28
2012-03-12,1474,72332,626867,8.69,8.69,8.64,8.69,0.0,33
2012-03-13,1474,227001,1975438,8.7,8.72,8.69,8.7,0.01,35
2012-03-14,1474,120001,1047408,8.74,8.77,8.71,8.75,0.05,32
2012-03-15,1474,118695,1037546,8.77,8.77,8.71,8.72,-0.03,22
2012-03-16,1474,201912,1756262,8.69,8.72,8.68,8.68,-0.04,60
2012-03-19,1474,213501,1839657,8.7,8.7,8.58,8.58,-0.1,51
2012-03-20,1474,160138,1364730,8.58,8.58,8.47,8.5,-0.08,40
2012-03-21,1474,137249,1164590,8.48,8.52,8.43,8.52,0.02,47
2012-03-22,1474,649000,5423820,8.45,8.45,8.31,8.32,-0.2,143
2012-03-23,1474,200000,1642910,8.2,8.32,8.2,8.23,-0.09,50
2012-03-26,1474,165002,1355596,8.23,8.27,8.2,8.2,-0.03,44
2012-03-27,1474,129200,1053987,8.2,8.2,8.13,8.14,-0.06,48
2012-03-28,1474,107080,874897,8.15,8.25,8.11,8.21,0.07,38
2012-03-29,1474,139000,1118870,8.21,8.21,7.98,8.0,-0.21,54
2012-03-30,1474,142000,1084650,7.5,7.95,7.5,7.83,-0.17,45
2012-04-02,1474,165000,1272830,7.77,7.77,7.7,7.75,-0.08,47
2012-04-03,1474,363000,2730010,7.7,7.79,7.4,7.44,-0.31,92
2012-04-05,1474,141000,1013870,7.39,7.39,7.04,7.3,-0.14,44
2012-04-06,1474,44056,326566,7.35,7.47,7.35,7.41,0.11,21
2012-04-09,1474,91124,668244,7.2,7.39,7.2,7.38,-0.03,29
2012-04-10,1474,70000,521550,7.38,7.57,7.24,7.46,0.08,27
2012-04-11,1474,68000,499450,7.3,7.44,7.29,7.44,-0.02,19
2012-04-12,1474,110040,812776,7.3,7.45,7.29,7.43,-0.01,32
2012-04-13,1474,172001,1273637,7.43,7.47,7.34,7.42,-0.01,70
2012-04-16,1474,67003,491021,7.3,7.39,7.3,7.39,-0.03,19
2012-04-17,1474,57003,414611,7.38,7.38,7.25,7.25,-0.14,29
2012-04-18,1474,75650,549266,7.25,7.3,7.24,7.3,0.05,38
2012-04-19,1474,21000,154460,7.23,7.47,7.23,7.4,0.1,13
2012-04-20,1474,30123,220206,7.35,7.35,7.26,7.28,-0.12,37
2012-04-23,1474,56025,409389,7.46,7.46,7.22,7.22,-0.06,26
2012-04-24,1474,16200,117199,7.22,7.3,7.17,7.21,-0.01,9
2012-04-25,1474,28010,202310,7.21,7.35,7.17,7.21,0.0,18
2012-04-26,1474,116002,842304,7.26,7.4,7.21,7.22,0.01,46
2012-04-27,1474,82269,593074,7.2,7.3,7.15,7.28,0.06,35
2012-04-30,1474,25004,182008,7.28,7.28,7.26,7.26,-0.02,13
2012-05-02,1474,98000,715470,7.28,7.37,7.25,7.34,0.08,33
2012-05-03,1474,71269,522433,7.35,7.35,7.3,7.33,-0.01,25
2012-05-04,1474,193000,1419108,7.31,7.43,7.28,7.42,0.09,67
2012-05-07,1474,71000,520450,7.4,7.4,7.29,7.31,-0.11,28
2012-05-08,1474,52000,384270,7.31,7.44,7.31,7.36,0.05,21
2012-05-09,1474,56143,410663,7.34,7.35,7.3,7.35,-0.01,21
2012-05-10,1474,31001,229017,7.35,7.42,7.35,7.41,0.06,11
2012-05-11,1474,47001,345747,7.41,7.41,7.3,7.33,-0.08,25
2012-05-14,1474,50003,367081,7.33,7.4,7.31,7.33,0.0,16
2012-05-15,1474,49000,355450,7.2,7.3,7.2,7.3,-0.03,13
2012-05-16,1474,60000,433420,7.3,7.3,7.17,7.17,-0.13,19
2012-05-17,1474,29000,210190,7.28,7.28,7.18,7.27,0.1,14
2012-05-18,1474,75003,537021,7.21,7.21,7.1,7.15,-0.12,24
2012-05-21,1474,148002,1054754,7.11,7.29,7.11,7.24,0.09,20
2012-05-22,1474,65101,467468,7.2,7.28,7.12,7.15,-0.09,32
2012-05-23,1474,69016,495262,7.2,7.22,7.13,7.16,0.01,28
2012-05-24,1474,114397,818538,7.16,7.16,7.15,7.15,-0.01,25
2012-05-25,1474,44000,312860,7.15,7.15,7.06,7.06,-0.09,17
2012-05-28,1474,190000,1333660,7.06,7.14,6.97,7.0,-0.06,38
2012-05-29,1474,349499,2453931,7.03,7.16,6.99,7.15,0.15,70
2012-05-30,1474,44000,313290,7.2,7.2,7.03,7.09,-0.06,26
2012-05-31,1474,125900,883961,7.03,7.15,7.0,7.03,-0.06,40
2012-06-01,1474,89000,631030,7.12,7.12,7.03,7.07,0.04,36
2012-06-04,1474,180007,1223811,7.0,7.0,6.72,6.81,-0.26,49
2012-06-05,1474,35268,242241,6.82,6.93,6.82,6.85,0.04,16
2012-06-06,1474,152248,1030535,6.82,6.88,6.75,6.88,0.03,41
2012-06-07,1474,137005,936925,6.88,6.88,6.82,6.83,-0.05,45
2012-06-08,1474,55007,374729,6.83,6.83,6.8,6.81,-0.02,26
2012-06-11,1474,13000,89090,6.82,6.92,6.82,6.89,0.08,9
2012-06-12,1474,64000,436830,6.77,6.88,6.77,6.8,-0.09,20
2012-06-13,1474,57000,394130,6.88,6.95,6.84,6.95,0.15,29
2012-06-14,1474,37000,252810,6.93,6.93,6.77,6.83,-0.12,24
2012-06-15,1474,100011,691127,6.83,6.94,6.83,6.9,0.07,45
2012-06-18,1474,62080,429322,6.97,6.97,6.9,6.95,0.05,30
2012-06-19,1474,30031,205900,6.9,6.93,6.82,6.83,-0.12,16
2012-06-20,1474,18727,129134,6.95,6.95,6.85,6.91,0.08,28
2012-06-21,1474,42245,291425,6.85,6.91,6.85,6.91,0.0,30
2012-06-22,1474,147007,1011772,6.85,6.91,6.85,6.88,-0.03,35
2012-06-25,1474,18007,123952,6.85,6.92,6.85,6.92,0.04,12
2012-06-26,1474,132417,919219,6.75,7.0,6.75,7.0,0.08,63
2012-06-27,1474,73039,510673,6.91,7.01,6.91,7.01,0.01,56
2012-06-28,1474,51121,359405,7.03,7.04,7.0,7.04,0.03,43
2012-06-29,1474,21435,150771,7.04,7.04,7.02,7.02,-0.02,33
2012-07-02,1474,58137,410849,7.05,7.1,7.05,7.05,0.03,16
2012-07-03,1474,22001,157047,7.18,7.18,7.1,7.15,0.1,15
2012-07-04,1474,46002,330024,7.15,7.2,7.14,7.2,0.05,13
2012-07-05,1474,25004,179818,7.2,7.22,7.17,7.22,0.02,13
2012-07-06,1474,29100,208689,7.22,7.22,7.15,7.16,-0.06,16
2012-07-09,1474,115621,821727,7.16,7.16,7.05,7.05,-0.11,37
2012-07-10,1474,51001,361987,7.06,7.12,7.06,7.06,0.01,15
2012-07-11,1474,56000,398190,7.12,7.17,7.07,7.08,0.02,18
2012-07-12,1474,79000,557240,7.17,7.17,7.03,7.03,-0.05,21
2012-07-13,1474,77000,540500,7.03,7.03,7.0,7.0,-0.03,24
2012-07-16,1474,46003,322461,7.12,7.12,7.0,7.0,0.0,16
2012-07-17,1474,1001,7006,7.0,7.0,7.0,7.0,0.0,2
2012-07-18,1474,28000,196240,7.09,7.09,6.99,7.02,0.02,12
2012-07-19,1474,10000,70480,7.07,7.07,7.02,7.02,0.0,6
2012-07-20,1474,37002,259534,7.02,7.02,7.0,7.02,0.0,16
2012-07-23,1474,51002,356212,7.0,7.0,6.97,6.97,-0.05,23
2012-07-24,1474,15001,104256,6.97,6.97,6.94,6.95,-0.02,11
2012-07-25,1474,70001,486676,7.05,7.05,6.92,6.97,0.02,21
2012-07-26,1474,58000,405110,7.05,7.05,6.98,6.98,0.01,16
2012-07-27,1474,74263,519936,7.0,7.01,7.0,7.0,0.02,11
2012-07-30,1474,69004,483958,7.0,7.08,6.99,6.99,-0.01,26
2012-07-31,1474,77000,539140,7.07,7.07,7.0,7.0,0.01,17
2012-08-01,1474,733000,5072870,7.04,7.04,6.88,6.9,-0.1,122
2012-08-03,1474,96000,661660,6.88,6.94,6.88,6.9,0.0,20
2012-08-06,1474,674000,4605910,6.92,6.95,6.7,6.94,0.04,151
2012-08-07,1474,159001,1105137,6.91,7.0,6.9,7.0,0.06,42
2012-08-08,1474,191003,1338911,7.0,7.06,6.95,7.02,0.02,63
2012-08-09,1474,218000,1528380,7.05,7.05,7.0,7.05,0.03,58
2012-08-10,1474,65001,457077,7.05,7.05,7.02,7.03,-0.02,28
2012-08-13,1474,59963,421031,7.05,7.05,7.0,7.02,-0.01,31
2012-08-14,1474,124001,869937,7.0,7.09,7.0,7.01,-0.01,34
2012-08-15,1474,114000,799890,7.0,7.05,7.0,7.02,0.01,42
2012-08-16,1474,80001,564527,7.03,7.08,7.02,7.08,0.06,25
2012-08-17,1474,105001,747437,7.14,7.16,7.09,7.16,0.08,37
2012-08-20,1474,83004,592848,7.16,7.16,7.12,7.12,-0.04,31
2012-08-21,1474,27840,198413,7.14,7.14,7.12,7.13,0.01,16
2012-08-22,1474,55007,391309,7.13,7.13,7.1,7.12,-0.01,33
2012-08-23,1474,47074,336694,7.19,7.19,7.13,7.15,0.03,23
2012-08-24,1474,76789,548141,7.13,7.15,7.12,7.12,-0.03,27
2012-08-27,1474,92000,666150,7.4,7.4,7.16,7.17,0.05,36
2012-08-28,1474,71383,510120,7.1,7.17,7.1,7.13,-0.04,33
2012-08-29,1474,90000,645450,7.13,7.2,7.13,7.15,0.02,33
2012-08-30,1474,56000,404140,7.19,7.28,7.16,7.19,0.04,25
2012-08-31,1474,73000,522930,7.22,7.22,7.15,7.17,-0.02,24
2012-09-03,1474,65602,470069,7.15,7.2,7.1,7.16,-0.01,26
2012-09-04,1474,197000,1422300,7.38,7.38,7.19,7.2,0.04,66
2012-09-05,1474,85221,615721,7.2,7.27,7.2,7.22,0.02,42
2012-09-06,1474,117558,854033,7.27,7.29,7.23,7.28,0.06,42
2012-09-07,1474,110080,805778,7.33,7.36,7.27,7.35,0.07,47
2012-09-10,1474,144445,1066914,7.38,7.4,7.36,7.39,0.04,60
2012-09-11,1474,169700,1250518,7.37,7.39,7.36,7.36,-0.03,52
2012-09-12,1474,326838,2429518,7.49,7.49,7.35,7.45,0.09,114
2012-09-13,1474,228372,1557851,6.68,6.99,6.68,6.85,0.0,97
2012-09-14,1474,89997,620988,6.88,6.96,6.88,6.9,0.05,45
2012-09-17,1474,188100,1310990,6.9,6.99,6.9,6.95,0.05,62
2012-09-18,1474,192002,1343024,6.99,7.05,6.95,7.05,0.1,43
2012-09-19,1474,312075,2183370,7.0,7.04,6.93,7.0,-0.05,58
2012-09-20,1474,126954,891328,6.95,7.08,6.95,7.05,0.05,49
2012-09-21,1474,149048,1058876,7.05,7.15,7.05,7.15,0.1,54
2012-09-24,1474,176000,1267260,7.15,7.25,7.15,7.23,0.08,69
2012-09-25,1474,409476,3003718,7.25,7.4,7.25,7.38,0.15,143
2012-09-26,1474,89476,651704,7.37,7.37,7.22,7.33,-0.05,42
2012-09-27,1474,169164,1242231,7.22,7.4,7.22,7.38,0.05,45
2012-09-28,1474,29000,213110,7.42,7.42,7.28,7.37,-0.01,17
2012-10-01,1474,33172,239878,7.28,7.28,7.22,7.22,-0.15,14
2012-10-02,1474,73589,532870,7.21,7.27,7.21,7.22,0.0,26
2012-10-03,1474,94000,680250,7.23,7.25,7.21,7.24,0.02,23
2012-10-04,1474,25095,181377,7.26,7.26,7.15,7.25,0.01,11
2012-10-05,1474,68334,489811,7.19,7.24,7.12,7.12,-0.13,34
2012-10-08,1474,57192,405927,7.1,7.12,7.07,7.07,-0.05,22
2012-10-09,1474,64000,450720,7.05,7.1,7.02,7.02,-0.05,18
2012-10-11,1474,71285,496683,7.02,7.02,6.95,6.95,-0.07,21
2012-10-12,1474,20000,138810,6.93,7.0,6.92,6.92,-0.03,12
2012-10-15,1474,86098,589775,6.9,7.0,6.8,6.93,0.01,40
2012-10-16,1474,12040,82666,6.87,6.92,6.85,6.92,-0.01,8
2012-10-17,1474,62031,427931,6.91,6.91,6.89,6.89,-0.03,25
2012-10-18,1474,10521,72379,6.89,6.89,6.83,6.86,-0.03,8
2012-10-19,1474,230358,1603447,6.86,6.98,6.86,6.96,0.1,44
2012-10-22,1474,36000,248550,6.9,6.95,6.85,6.93,-0.03,14
2012-10-23,1474,22000,151680,6.93,6.93,6.87,6.93,0.0,13
2012-10-24,1474,121001,835057,6.85,6.92,6.85,6.88,-0.05,18
2012-10-25,1474,47200,324620,6.9,6.9,6.86,6.86,-0.02,14
2012-10-26,1474,103340,694379,6.86,6.86,6.52,6.53,-0.33,39
2012-10-29,1474,60000,398200,6.59,6.7,6.59,6.7,0.17,22
2012-10-30,1474,246577,1657318,6.7,6.79,6.7,6.79,0.09,44
2012-10-31,1474,32669,221439,6.79,6.85,6.68,6.85,0.06,16
2012-11-01,1474,46185,315464,6.8,6.88,6.69,6.88,0.03,22
2012-11-02,1474,57929,395869,6.87,6.9,6.72,6.9,0.02,28
2012-11-05,1474,41192,280455,6.73,6.89,6.73,6.88,-0.02,20
2012-11-06,1474,93040,635050,6.86,6.88,6.73,6.86,-0.02,32
2012-11-07,1474,30000,204300,6.84,6.84,6.77,6.83,-0.03,10
2012-11-08,1474,29004,197186,6.68,6.84,6.68,6.84,0.01,16
2012-11-09,1474,43006,291639,6.71,6.84,6.71,6.84,0.0,23
2012-11-12,1474,47002,321932,6.84,6.88,6.84,6.88,0.04,17
2012-11-13,1474,54000,365310,6.88,6.88,6.74,6.75,-0.13,18
2012-11-14,1474,144000,965440,6.72,6.72,6.67,6.68,-0.07,18
2012-11-15,1474,70000,473920,6.66,6.84,6.62,6.84,0.16,27
2012-11-16,1474,92075,627060,6.76,6.84,6.75,6.84,0.0,38
2012-11-19,1474,40000,272420,6.75,6.83,6.72,6.83,-0.01,15
2012-11-20,1474,35000,237050,6.83,6.83,6.73,6.73,-0.1,13
2012-11-21,1474,43100,289422,6.7,6.76,6.66,6.66,-0.07,22
2012-11-22,1474,49000,331800,6.78,6.8,6.75,6.8,0.14,12
2012-11-23,1474,78598,534204,6.79,6.85,6.75,6.8,0.0,15
2012-11-26,1474,62000,421490,6.85,6.85,6.77,6.81,0.01,20
2012-11-27,1474,39002,265262,6.76,6.96,6.75,6.84,0.03,30
2012-11-28,1474,62081,425768,6.83,6.93,6.83,6.93,0.09,33
2012-11-29,1474,98002,677202,7.0,7.0,6.86,6.89,-0.04,40
2012-11-30,1474,157627,1093546,6.89,7.0,6.89,7.0,0.11,49
2012-12-03,1474,102374,718567,7.0,7.06,6.99,7.01,0.01,27
2012-12-04,1474,18999,133143,7.01,7.06,6.93,7.05,0.04,12
2012-12-05,1474,30256,212820,7.04,7.04,6.98,7.02,-0.03,17
2012-12-06,1474,21001,146867,7.02,7.05,6.97,7.05,0.03,14
2012-12-07,1474,6038,42242,7.0,7.0,6.98,6.98,-0.07,6
2012-12-10,1474,67000,466950,7.07,7.07,6.87,7.0,0.02,21
2012-12-11,1474,36004,252009,6.98,7.02,6.97,7.02,0.02,18
2012-12-12,1474,68025,477285,7.02,7.05,6.99,7.05,0.03,27
2012-12-13,1474,56150,392740,7.05,7.05,6.92,7.04,-0.01,23
2012-12-14,1474,31010,217780,7.02,7.05,7.0,7.05,0.01,19
2012-12-17,1474,20000,140950,7.05,7.05,7.0,7.05,0.0,10
2012-12-18,1474,54010,378839,7.03,7.07,6.97,6.98,-0.07,26
2012-12-19,1474,54548,382330,7.05,7.05,6.97,6.97,-0.01,23
2012-12-20,1474,22001,153346,6.97,7.0,6.96,7.0,0.03,11
2012-12-21,1474,9100,63341,6.97,6.97,6.93,6.93,-0.07,7
2012-12-22,1474,21164,146845,6.98,6.98,6.92,6.92,-0.01,12
2012-12-24,1474,30912,214122,6.98,6.98,6.91,6.91,-0.01,14
2012-12-25,1474,38080,264507,6.92,6.99,6.91,6.99,0.08,26
2012-12-26,1474,149000,1043860,6.99,7.07,6.95,7.07,0.08,46
2012-12-27,1474,134001,942787,7.0,7.1,6.98,7.1,0.03,43
2012-12-28,1474,50030,354002,7.01,7.12,7.01,7.12,0.02,28
2013-01-02,1474,273508,1982707,7.14,7.34,7.14,7.25,0.13,72
2013-01-03,1474,292100,2146370,7.4,7.4,7.28,7.3,0.05,114
2013-01-04,1474,58080,421645,7.39,7.39,7.21,7.21,-0.09,30
2013-01-07,1474,65156,471936,7.25,7.28,7.2,7.28,0.07,25
2013-01-08,1474,57001,412177,7.24,7.28,7.2,7.2,-0.08,27
2013-01-09,1474,32011,230188,7.22,7.22,7.16,7.18,-0.02,20
2013-01-10,1474,113000,812930,7.21,7.23,7.18,7.2,0.02,37
2013-01-11,1474,97160,698845,7.2,7.2,7.17,7.17,-0.03,26
2013-01-14,1474,23447,167932,7.2,7.2,7.12,7.12,-0.05,17
2013-01-15,1474,137001,973117,7.12,7.16,7.05,7.05,-0.07,43
2013-01-16,1474,75529,534908,7.09,7.1,7.05,7.1,0.05,24
2013-01-17,1474,93785,658735,7.07,7.1,6.96,6.96,-0.14,39
2013-01-18,1474,191100,1323643,6.97,7.01,6.88,6.97,0.01,58
2013-01-21,1474,28649,198688,6.97,6.97,6.92,6.92,-0.05,17
2013-01-22,1474,40082,277484,6.95,6.95,6.92,6.93,0.01,18
2013-01-23,1474,25000,174130,6.95,6.98,6.93,6.98,0.05,12
2013-01-24,1474,78640,544100,6.98,6.98,6.86,6.86,-0.12,37
2013-01-25,1474,91000,624780,6.86,6.91,6.86,6.87,0.01,15
2013-01-28,1474,39000,268330,6.9,6.9,6.86,6.9,0.03,17
2013-01-29,1474,44002,305634,6.9,6.99,6.9,6.99,0.09,19
2013-01-30,1474,67305,469192,6.96,6.99,6.95,6.99,0.0,32
2013-01-31,1474,62001,430837,6.97,6.98,6.92,6.98,-0.01,20
2013-02-01,1474,15000,103960,6.9,6.97,6.9,6.91,-0.07,8
2013-02-04,1474,160000,1110110,6.94,6.96,6.92,6.93,0.02,31
2013-02-05,1474,54001,373337,6.93,6.93,6.9,6.9,-0.03,17
2013-02-06,1474,109195,752639,6.9,6.95,6.85,6.95,0.05,38
2013-02-18,1474,36328,255116,7.09,7.09,6.98,7.04,0.09,16
2013-02-19,1474,49000,343760,7.05,7.05,6.99,6.99,-0.05,29
2013-02-20,1474,23166,162077,7.0,7.0,6.99,6.99,0.0,19
2013-02-21,1474,2001,13937,6.96,6.97,6.96,6.97,-0.02,3
2013-02-22,1474,36008,250952,6.97,7.0,6.96,6.96,-0.01,16
2013-02-23,1474,83003,580931,6.97,7.05,6.96,6.98,0.02,28
2013-02-25,1474,69152,482036,6.99,6.99,6.96,6.97,-0.01,39
2013-02-26,1474,48008,333682,6.95,7.04,6.93,6.93,-0.04,18
2013-02-27,1474,51343,355372,6.93,6.95,6.91,6.95,0.02,24
2013-03-01,1474,81770,568381,6.95,6.98,6.92,6.97,0.02,36
2013-03-04,1474,103022,715210,7.0,7.0,6.86,6.86,-0.11,34
2013-03-05,1474,62178,430406,6.86,6.98,6.86,6.96,0.1,30
2013-03-06,1474,101154,702338,6.96,6.99,6.92,6.92,-0.04,29
2013-03-07,1474,60008,416348,6.95,6.96,6.89,6.95,0.03,30
2013-03-08,1474,84160,587671,6.98,7.0,6.96,7.0,0.05,34
2013-03-11,1474,72013,506541,7.05,7.05,7.0,7.0,0.0,32
2013-03-12,1474,64000,448020,7.0,7.01,7.0,7.0,0.0,18
2013-03-13,1474,32435,226745,7.0,7.0,6.98,6.99,-0.01,16
2013-03-14,1474,30005,209475,6.99,6.99,6.97,6.97,-0.02,18
2013-03-15,1474,45840,319750,6.97,7.0,6.96,6.97,0.0,17
2013-03-18,1474,25160,173764,6.9,6.91,6.9,6.91,-0.06,22
2013-03-19,1474,26002,180914,6.96,6.96,6.94,6.94,0.03,10
2013-03-20,1474,72005,496520,6.94,6.94,6.86,6.87,-0.07,33
2013-03-21,1474,63000,433100,6.87,6.9,6.86,6.9,0.03,17
2013-03-22,1474,34000,234500,6.85,6.99,6.84,6.87,-0.03,20
2013-03-25,1474,28002,191760,6.87,6.94,6.86,6.86,-0.01,21
2013-03-26,1474,94042,642278,6.86,6.92,6.8,6.84,-0.02,30
2013-03-27,1474,96345,660483,6.87,6.9,6.83,6.83,-0.01,39
2013-03-28,1474,451005,3048890,6.83,6.83,6.73,6.74,-0.09,88
2013-03-29,1474,644001,4275006,6.73,6.8,6.62,6.69,-0.05,109
2013-04-01,1474,124008,823968,6.68,6.68,6.6,6.61,-0.08,39
2013-04-02,1474,188002,1230902,6.6,6.6,6.52,6.54,-0.07,53
2013-04-03,1474,189800,1259316,6.63,6.68,6.57,6.68,0.14,58
2013-04-08,1474,56000,369790,6.67,6.67,6.54,6.57,-0.11,22
2013-04-09,1474,32070,211554,6.57,6.63,6.57,6.59,0.02,14
2013-04-10,1474,49006,321989,6.61,6.64,6.54,6.55,-0.04,22
2013-04-11,1474,156000,1050570,6.76,6.76,6.66,6.66,0.11,52
2013-04-12,1474,77070,519314,6.73,6.78,6.69,6.74,0.08,39
2013-04-15,1474,66060,443228,6.74,6.74,6.62,6.7,-0.04,28
2013-04-16,1474,50000,334130,6.7,6.73,6.62,6.73,0.03,18
2013-04-17,1474,40100,269501,6.76,6.77,6.7,6.75,0.02,16
2013-04-18,1474,81963,554909,6.76,6.8,6.72,6.8,0.05,35
2013-04-19,1474,104118,710932,6.8,6.88,6.76,6.85,0.05,33
2013-04-22,1474,64000,435080,6.85,6.85,6.75,6.8,-0.05,19
2013-04-23,1474,83767,565076,6.8,6.8,6.72,6.74,-0.06,27
2013-04-24,1474,77000,522960,6.78,6.81,6.75,6.81,0.07,27
2013-04-25,1474,129000,878960,6.78,6.84,6.78,6.81,0.0,36
2013-04-26,1474,73001,498836,6.84,6.88,6.8,6.8,-0.01,29
2013-04-29,1474,84000,568960,6.8,6.84,6.73,6.73,-0.07,33
2013-04-30,1474,49201,331088,6.73,6.74,6.72,6.74,0.01,25
2013-05-02,1474,68000,459330,6.74,6.77,6.74,6.75,0.01,14
2013-05-03,1474,56529,381412,6.78,6.82,6.72,6.74,-0.01,27
2013-05-06,1474,46019,312586,6.8,6.83,6.74,6.83,0.09,26
2013-05-07,1474,70001,478196,6.83,6.86,6.79,6.84,0.01,26
2013-05-08,1474,193490,1337228,6.86,6.94,6.85,6.93,0.09,67
2013-05-09,1474,86000,595700,6.93,6.95,6.87,6.94,0.01,34
2013-05-10,1474,219900,1546650,6.93,7.09,6.93,7.0,0.06,62
2013-05-13,1474,107000,750430,7.05,7.05,6.98,6.98,-0.02,41
2013-05-14,1474,288111,2027907,7.08,7.08,6.98,7.06,0.08,75
2013-05-15,1474,429001,3052207,7.06,7.18,7.06,7.1,0.04,108
2013-05-16,1474,221000,1576990,7.15,7.19,7.09,7.1,0.0,68
2013-05-17,1474,183772,1311492,7.12,7.18,7.08,7.09,-0.01,61
2013-05-20,1474,345444,2443705,7.1,7.1,7.03,7.09,0.0,68
2013-05-21,1474,257725,1836657,7.09,7.15,7.09,7.13,0.04,61
2013-05-22,1474,177015,1267516,7.18,7.18,7.13,7.17,0.04,49
2013-05-23,1474,191000,1356240,7.17,7.17,7.05,7.06,-0.11,57
2013-05-24,1474,68165,480409,7.01,7.09,7.01,7.08,0.02,22
2013-05-27,1474,108000,762910,7.01,7.09,7.01,7.06,-0.02,28
2013-05-28,1474,68275,482861,7.07,7.09,7.06,7.09,0.03,24
2013-05-29,1474,131000,932270,7.1,7.16,7.08,7.14,0.05,32
2013-05-30,1474,99000,706160,7.1,7.16,7.09,7.16,0.02,40
2013-05-31,1474,231043,1662587,7.16,7.22,7.16,7.19,0.03,59
2013-06-03,1474,290171,2092314,7.16,7.25,7.1,7.25,0.06,95
2013-06-04,1474,203672,1477617,7.29,7.3,7.23,7.23,-0.02,55
2013-06-05,1474,290000,2128630,7.23,7.39,7.23,7.37,0.14,85
2013-06-06,1474,145000,1056330,7.38,7.38,7.26,7.29,-0.08,43
2013-06-07,1474,356334,2636187,7.29,7.48,7.24,7.35,0.06,98
2013-06-10,1474,227251,1680429,7.36,7.43,7.36,7.38,0.03,65
2013-06-11,1474,235357,1742831,7.4,7.42,7.39,7.42,0.04,62
2013-06-13,1474,130125,957862,7.42,7.42,7.32,7.32,-0.1,40
2013-06-14,1474,122876,892447,7.33,7.33,7.24,7.24,-0.08,28
2013-06-17,1474,201000,1467820,7.29,7.35,7.26,7.29,0.05,35
2013-06-18,1474,167179,1220070,7.29,7.4,7.27,7.4,0.11,33
2013-06-19,1474,187000,1380400,7.4,7.42,7.34,7.34,-0.06,44
2013-06-20,1474,159350,1163915,7.27,7.39,7.27,7.34,0.0,33
2013-06-21,1474,101006,727102,7.21,7.29,7.08,7.26,-0.08,31
2013-06-24,1474,67007,484839,7.21,7.26,7.2,7.25,-0.01,17
2013-06-25,1474,74040,534985,7.24,7.24,7.2,7.2,-0.05,23
2013-06-26,1474,126350,912672,7.2,7.25,7.19,7.25,0.05,31
2013-06-27,1474,92342,668342,7.17,7.26,7.17,7.23,-0.02,25
2013-06-28,1474,184004,1336568,7.27,7.28,7.24,7.24,0.01,30
2013-07-01,1474,106002,766984,7.22,7.26,7.22,7.26,0.02,21
2013-07-02,1474,168160,1224402,7.26,7.35,7.26,7.26,0.0,30
2013-07-03,1474,178500,1292769,7.25,7.28,7.18,7.2,-0.06,27
2013-07-04,1474,69220,498633,7.2,7.23,7.2,7.21,0.01,20
2013-07-05,1474,46000,334320,7.25,7.29,7.25,7.29,0.08,14
2013-07-08,1474,78000,565450,7.27,7.28,7.23,7.28,-0.01,14
2013-07-09,1474,100171,728476,7.23,7.29,7.23,7.28,0.0,23
2013-07-10,1474,145160,1062757,7.3,7.39,7.3,7.31,0.03,36
2013-07-11,1474,114000,835490,7.31,7.35,7.31,7.33,0.02,28
2013-07-12,1474,164000,1207560,7.35,7.4,7.29,7.29,-0.04,42
2013-07-15,1474,2188944,17054242,7.8,7.8,7.7,7.8,0.51,319
2013-07-16,1474,2062356,16364982,7.92,8.0,7.85,7.93,0.13,543
2013-07-17,1474,544481,4273681,7.95,7.95,7.8,7.84,-0.09,135
2013-07-18,1474,342167,2639067,7.84,7.89,7.65,7.7,-0.14,106
2013-07-19,1474,341300,2591620,7.7,7.7,7.47,7.47,-0.23,104
2013-07-22,1474,1588665,12646133,7.47,7.99,7.47,7.99,0.52,250
2013-07-23,1474,1441569,12310994,8.54,8.54,8.54,8.54,0.55,344
2013-07-24,1474,1773140,16188767,9.13,9.13,9.13,9.13,0.59,343
2013-07-25,1474,5192026,50518827,9.76,9.76,9.6,9.76,0.63,1229
2013-07-26,1474,8172200,82687553,10.1,10.4,9.72,10.3,0.54,2269
2013-07-29,1474,2127062,21284918,10.35,10.35,9.85,9.96,-0.34,668
2013-07-30,1474,3032603,30245746,9.95,10.15,9.71,9.99,0.03,793
2013-07-31,1474,1973358,19040529,10.1,10.1,9.35,9.35,-0.64,713
2013-08-01,1474,3043118,30163330,9.35,10.0,9.35,10.0,0.65,795
2013-08-02,1474,2871522,29123781,10.3,10.35,9.8,9.94,-0.06,982
2013-08-05,1474,1497555,15071443,9.98,10.3,9.91,9.93,-0.01,445
2013-08-06,1474,933750,9037776,9.93,9.93,9.53,9.65,-0.28,338
2013-08-07,1474,765201,7256405,9.41,9.65,9.41,9.43,-0.22,231
2013-08-08,1474,1162200,11512990,9.76,10.05,9.51,10.05,0.62,440
2013-08-09,1474,1350989,13548999,10.25,10.3,9.76,9.8,-0.25,449
2013-08-12,1474,735120,7029239,9.4,9.91,9.4,9.53,-0.27,257
2013-08-13,1474,464016,4429543,9.53,9.63,9.5,9.53,0.0,146
2013-08-14,1474,614618,5834962,9.53,9.61,9.41,9.45,-0.08,177
2013-08-15,1474,468000,4439000,9.45,9.58,9.4,9.45,0.0,158
2013-08-16,1474,567100,5289126,9.45,9.55,9.23,9.3,-0.15,203
2013-08-19,1474,377001,3483189,9.34,9.34,9.19,9.29,-0.01,158
2013-08-20,1474,743178,6681297,9.26,9.28,8.66,8.7,-0.59,229
2013-08-22,1474,215201,1899767,8.7,9.13,8.5,9.07,0.37,101
2013-08-23,1474,276000,2489970,9.15,9.15,8.97,8.99,-0.08,101
2013-08-26,1474,344017,3134643,9.1,9.2,8.92,9.18,0.19,112
2013-08-27,1474,390038,3478076,8.92,9.07,8.8,8.81,0.0,150
2013-08-28,1474,327001,2803048,8.61,8.68,8.5,8.56,-0.25,128
2013-08-29,1474,174420,1519603,8.57,8.8,8.57,8.69,0.13,81
2013-08-30,1474,210000,1871810,8.82,8.97,8.82,8.96,0.27,86
2013-09-02,1474,249000,2228380,8.99,9.09,8.82,9.0,0.04,98
2013-09-03,1474,252558,2235845,9.07,9.07,8.71,8.88,-0.12,91
2013-09-04,1474,215158,1880513,8.71,8.83,8.66,8.66,-0.22,76
2013-09-05,1474,253101,2199450,8.7,8.75,8.66,8.74,0.08,81
2013-09-06,1474,653600,5577054,8.74,8.74,8.4,8.46,-0.28,207
2013-09-09,1474,243756,2073415,8.46,8.58,8.45,8.53,0.07,87
2013-09-10,1474,322600,2738299,8.5,8.57,8.41,8.41,-0.12,90
2013-09-11,1474,271000,2254600,8.3,8.48,8.26,8.3,-0.11,72
2013-09-12,1474,222980,1857921,8.39,8.48,8.3,8.3,0.0,89
2013-09-13,1474,244658,1999036,8.3,8.3,8.1,8.16,-0.14,77
2013-09-14,1474,150999,1239841,8.3,8.3,8.15,8.25,0.09,68
2013-09-16,1474,236000,1974820,8.34,8.44,8.27,8.34,0.09,77
2013-09-17,1474,252293,2138603,8.35,8.54,8.35,8.46,0.12,103
2013-09-18,1474,132040,1110834,8.52,8.52,8.36,8.38,-0.08,50
2013-09-23,1474,161252,1336905,8.38,8.38,8.26,8.26,-0.12,73
2013-09-24,1474,418000,3413840,8.1,8.26,8.1,8.26,0.0,131
2013-09-25,1474,239120,1989836,8.34,8.4,8.25,8.4,0.14,81
2013-09-26,1474,121000,1008870,8.4,8.45,8.26,8.36,-0.04,57
2013-09-27,1474,167148,1391918,8.36,8.4,8.25,8.34,-0.02,63
2013-09-30,1474,317990,2659500,8.38,8.5,8.25,8.45,0.11,113
2013-10-01,1474,60000,503000,8.48,8.48,8.32,8.38,-0.07,31
2013-10-02,1474,701328,6180228,8.4,8.96,8.4,8.96,0.58,209
2013-10-03,1474,1656568,15438291,9.15,9.55,9.1,9.26,0.3,587
2013-10-04,1474,396742,3669259,9.2,9.34,9.15,9.19,-0.07,158
2013-10-07,1474,1155366,10948760,9.2,9.78,9.19,9.5,0.31,387
2013-10-08,1474,431791,4027788,9.5,9.5,9.26,9.3,-0.2,166
2013-10-09,1474,440066,3980094,9.3,9.3,8.97,9.05,-0.25,146
2013-10-11,1474,343040,3109052,9.05,9.17,8.92,9.1,0.05,113
2013-10-14,1474,260270,2307226,9.02,9.15,8.8,9.15,0.05,122
2013-10-15,1474,311000,2833110,9.12,9.21,9.06,9.06,-0.09,95
2013-10-16,1474,197000,1770540,9.06,9.06,8.94,9.04,-0.02,76
2013-10-17,1474,724389,6737346,9.15,9.5,9.05,9.44,0.4,199
2013-10-18,1474,739608,7033128,9.5,9.62,9.35,9.49,0.05,230
2013-10-21,1474,229713,2150140,9.36,9.45,9.22,9.35,-0.14,85
2013-10-22,1474,484686,4586023,9.45,9.57,9.36,9.37,0.02,150
2013-10-23,1474,175000,1636910,9.37,9.4,9.27,9.27,-0.1,52
2013-10-24,1474,302119,2770228,9.2,9.28,9.13,9.13,-0.14,75
2013-10-25,1474,356200,3270077,9.15,9.35,9.13,9.27,0.14,112
2013-10-28,1474,479200,4493314,9.35,9.48,9.29,9.45,0.18,128
2013-10-29,1474,323000,3014710,9.5,9.5,9.28,9.32,-0.13,77
2013-10-30,1474,216477,2021728,9.34,9.39,9.27,9.27,-0.05,59
2013-10-31,1474,99161,919861,9.28,9.3,9.26,9.27,0.0,48
2013-11-01,1474,285057,2656764,9.3,9.44,9.27,9.27,0.0,102
2013-11-04,1474,268005,2459535,9.21,9.26,9.11,9.13,-0.14,90
2013-11-05,1474,160286,1440926,9.13,9.13,8.9,8.9,-0.23,78
2013-11-06,1474,196290,1717634,8.91,8.92,8.7,8.7,-0.2,70
2013-11-07,1474,176000,1547980,8.8,8.88,8.73,8.75,0.05,53
2013-11-08,1474,91000,790940,8.81,8.81,8.62,8.63,-0.12,46
2013-11-11,1474,156000,1375090,9.0,9.05,8.72,8.75,0.12,53
2013-11-12,1474,240468,2077526,8.79,8.83,8.55,8.61,-0.14,81
2013-11-13,1474,422687,3811773,9.11,9.11,8.83,9.06,0.45,184
2013-11-14,1474,370157,3446235,9.55,9.55,9.17,9.2,0.14,137
2013-11-15,1474,282000,2538100,9.2,9.2,8.81,9.01,-0.19,118
2013-11-18,1474,160573,1432148,9.01,9.1,8.82,8.82,-0.19,81
2013-11-19,1474,88900,792751,8.83,8.99,8.83,8.94,0.12,39
2013-11-20,1474,287000,2623070,8.98,9.24,8.98,9.12,0.18,132
2013-11-21,1474,200400,1810308,9.15,9.15,8.96,9.0,-0.12,75
2013-11-22,1474,116482,1047659,9.08,9.08,8.86,8.96,-0.04,48
2013-11-25,1474,238000,2159970,9.08,9.13,9.02,9.1,0.14,85
2013-11-26,1474,484832,4523715,9.13,9.5,9.13,9.3,0.2,195
2013-11-27,1474,2736250,26680767,9.3,9.95,9.3,9.81,0.51,807
2013-11-28,1474,1708300,16983945,9.94,10.2,9.78,9.78,-0.03,506
2013-11-29,1474,760000,7406130,9.78,9.9,9.56,9.66,-0.12,278
2013-12-02,1474,385000,3753420,9.7,9.85,9.64,9.69,0.03,145
2013-12-03,1474,347208,3357533,9.69,9.74,9.58,9.72,0.03,126
2013-12-04,1474,224000,2178630,9.72,9.8,9.63,9.67,-0.05,93
2013-12-05,1474,456001,4427499,9.67,9.8,9.56,9.6,-0.07,147
2013-12-06,1474,254000,2430140,9.63,9.65,9.51,9.51,-0.09,95
2013-12-09,1474,227371,2182865,9.7,9.7,9.46,9.46,-0.05,106
2013-12-10,1474,143341,1357275,9.46,9.55,9.41,9.46,0.0,59
2013-12-11,1474,234676,2210295,9.5,9.57,9.3,9.33,-0.13,100
2013-12-12,1474,165000,1539000,9.33,9.39,9.3,9.38,0.05,79
2013-12-13,1474,323751,3125824,9.95,9.95,9.52,9.55,0.17,117
2013-12-16,1474,156253,1477373,9.5,9.54,9.38,9.38,-0.17,72
2013-12-17,1474,150248,1411190,9.42,9.46,9.35,9.36,-0.02,61
2013-12-18,1474,125200,1175410,9.41,9.46,9.36,9.36,0.0,57
2013-12-19,1474,405616,3798290,9.4,9.45,9.29,9.37,0.01,131
2013-12-20,1474,318385,2927834,9.37,9.37,9.15,9.2,-0.17,138
2013-12-23,1474,243002,2230718,9.15,9.28,9.15,9.15,-0.05,102
2013-12-24,1474,339941,3123990,9.16,9.24,9.15,9.17,0.02,105
2013-12-25,1474,229240,2108458,9.22,9.24,9.14,9.24,0.07,76
2013-12-26,1474,312000,2903600,9.24,9.39,9.24,9.25,0.01,103
2013-12-27,1474,191070,1776264,9.36,9.36,9.26,9.3,0.05,63
2013-12-30,1474,316001,2945019,9.34,9.35,9.29,9.32,0.02,83
2013-12-31,1474,102001,950229,9.32,9.35,9.3,9.3,-0.02,35
2014-01-02,1474,162002,1514978,9.38,9.4,9.32,9.35,0.05,52
2014-01-03,1474,191002,1781888,9.32,9.39,9.31,9.35,0.0,64
2014-01-06,1474,351593,3300938,9.35,9.46,9.35,9.39,0.04,111
2014-01-07,1474,311407,2928731,9.39,9.44,9.39,9.4,0.01,92
2014-01-08,1474,425000,3989510,9.41,9.46,9.36,9.4,0.0,103
2014-01-09,1474,422000,3970540,9.4,9.54,9.31,9.33,-0.07,127
2014-01-10,1474,187696,1760630,9.35,9.44,9.34,9.4,0.07,65
2014-01-13,1474,285000,2663100,9.45,9.45,9.31,9.31,-0.09,74
2014-01-14,1474,82999,769150,9.3,9.39,9.22,9.24,-0.07,41
2014-01-15,1474,256200,2361334,9.33,9.33,9.17,9.17,-0.07,98
2014-01-16,1474,155000,1417810,9.18,9.18,9.13,9.13,-0.04,71
2014-01-17,1474,430002,3883096,9.1,9.11,8.97,9.0,-0.13,125
2014-01-20,1474,109400,977030,8.9,8.98,8.9,8.93,-0.07,40
2014-01-21,1474,155800,1388660,8.93,8.99,8.87,8.9,-0.03,53
2014-01-22,1474,206642,1825598,8.8,8.9,8.8,8.8,-0.1,98
2014-01-23,1474,158002,1407836,8.84,8.99,8.8,8.9,0.1,64
2014-01-24,1474,83401,736847,8.85,8.87,8.81,8.82,-0.08,40
2014-01-27,1474,77120,667793,8.51,8.78,8.51,8.74,-0.08,29
2014-02-05,1474,97002,842106,8.71,8.74,8.61,8.69,-0.05,53
2014-02-06,1474,63003,549874,8.69,8.81,8.63,8.78,0.09,42
2014-02-07,1474,87435,773634,8.79,8.88,8.78,8.85,0.07,54
2014-02-10,1474,32000,284110,8.9,8.9,8.86,8.86,0.01,20
2014-02-11,1474,132001,1182968,8.86,9.03,8.86,8.91,0.05,38
2014-02-12,1474,178897,1602822,9.0,9.02,8.95,8.95,0.04,69
2014-02-13,1474,106756,959343,8.95,9.0,8.92,8.95,0.0,31
2014-02-14,1474,162000,1451790,8.96,9.0,8.9,8.95,0.0,33
2014-02-17,1474,72002,640636,8.98,8.99,8.86,8.87,-0.08,27
2014-02-18,1474,108001,950888,8.88,8.88,8.74,8.74,-0.13,37
2014-02-19,1474,144000,1262440,8.76,8.87,8.74,8.85,0.11,64
2014-02-20,1474,29008,255344,8.84,8.84,8.79,8.79,-0.06,23
2014-02-21,1474,171840,1511420,8.8,8.85,8.75,8.77,-0.02,54
2014-02-24,1474,198179,1738433,8.77,8.83,8.75,8.83,0.06,62
2014-02-25,1474,159113,1417670,8.85,8.95,8.85,8.95,0.12,73
2014-02-26,1474,220010,1978150,8.9,9.11,8.86,9.09,0.14,87
2014-02-27,1474,201440,1819406,9.09,9.16,8.92,8.92,-0.17,65
2014-03-03,1474,189610,1704193,8.92,9.04,8.88,8.99,0.07,56
2014-03-04,1474,121128,1086513,9.05,9.05,8.89,8.97,-0.02,41
2014-03-05,1474,98001,880098,8.97,9.05,8.88,9.02,0.05,32
2014-03-06,1474,61001,550469,9.02,9.05,9.0,9.0,-0.02,28
2014-03-07,1474,77001,693799,9.0,9.05,8.97,9.0,0.0,32
2014-03-10,1474,89018,797608,8.92,9.04,8.91,8.91,-0.09,42
2014-03-11,1474,98033,871134,8.95,8.96,8.85,8.85,-0.06,70
2014-03-12,1474,67002,591076,8.85,8.9,8.8,8.81,-0.04,31
2014-03-13,1474,98004,867532,8.91,8.91,8.82,8.83,0.02,34
2014-03-14,1474,262001,2307258,8.79,8.9,8.79,8.8,-0.03,39
2014-03-17,1474,91008,809058,8.9,8.92,8.81,8.81,0.01,29
2014-03-18,1474,174043,1549318,8.85,8.92,8.82,8.86,0.05,58
2014-03-19,1474,71001,631628,8.86,8.95,8.83,8.88,0.02,28
2014-03-20,1474,167001,1470588,8.9,8.9,8.71,8.88,0.0,51
2014-03-21,1474,115682,1030601,8.88,8.98,8.84,8.84,-0.04,30
2014-03-24,1474,2132259,19908004,9.16,9.45,8.94,9.45,0.61,545
2014-03-25,1474,2939003,28348187,9.65,9.78,9.5,9.5,0.05,854
2014-03-26,1474,599226,5672513,9.45,9.55,9.36,9.45,-0.05,213
2014-03-27,1474,696177,6497465,9.37,9.54,9.21,9.33,-0.12,224
2014-03-28,1474,660000,6106889,9.16,9.34,9.16,9.26,-0.07,138
2014-03-31,1474,341485,3183279,9.25,9.37,9.25,9.31,0.05,106
2014-04-01,1474,1718920,16361586,9.35,9.73,9.33,9.55,0.24,391
2014-04-02,1474,328237,3110520,9.65,9.65,9.41,9.41,-0.14,139
2014-04-03,1474,276001,2590499,9.41,9.45,9.35,9.37,-0.04,84
2014-04-07,1474,174335,1614431,9.28,9.35,9.22,9.23,-0.14,67
2014-04-08,1474,196591,1823522,9.22,9.35,9.22,9.34,0.11,96
2014-04-09,1474,284338,2642518,9.34,9.35,9.25,9.29,-0.05,71
2014-04-10,1474,159248,1480656,9.29,9.34,9.27,9.34,0.05,48
2014-04-11,1474,224996,2075799,9.25,9.3,9.2,9.21,-0.13,62
2014-04-14,1474,213000,1939640,9.2,9.2,9.05,9.05,-0.16,78
2014-04-15,1474,327000,2949830,9.05,9.07,8.98,9.0,-0.05,76
2014-04-16,1474,108000,975640,9.09,9.09,9.0,9.09,0.09,56
2014-04-17,1474,40765,369866,9.05,9.1,9.04,9.09,0.0,17
2014-04-18,1474,218000,1968830,9.1,9.11,9.0,9.0,-0.09,67
2014-04-21,1474,168000,1511290,9.02,9.07,8.95,9.01,0.01,45
2014-04-22,1474,202000,1818130,8.95,9.06,8.95,9.06,0.05,57
2014-04-23,1474,69269,625614,9.06,9.07,9.0,9.01,-0.05,30
2014-04-24,1474,119000,1071870,9.01,9.06,8.99,9.01,0.0,39
2014-04-25,1474,535002,4694447,9.01,9.01,8.6,8.65,-0.36,120
2014-04-28,1474,214001,1831888,8.6,8.65,8.38,8.62,-0.03,76
2014-04-29,1474,61080,530676,8.56,8.74,8.56,8.73,0.11,19
2014-04-30,1474,129001,1120688,8.8,8.8,8.5,8.55,-0.18,46
2014-05-02,1474,113444,1004707,8.6,8.9,8.6,8.77,0.22,45
2014-05-05,1474,94709,838359,8.77,8.9,8.77,8.88,0.11,35
2014-05-06,1474,341171,3098457,9.0,9.14,9.0,9.1,0.22,105
2014-05-07,1474,787538,7388153,9.19,9.57,9.1,9.52,0.42,264
2014-05-08,1474,1668154,16184519,9.6,9.82,9.52,9.8,0.28,503
2014-05-09,1474,822550,7931310,9.8,9.9,9.41,9.65,-0.15,231
2014-05-12,1474,1001497,9160713,9.5,9.5,9.0,9.01,-0.64,368
2014-05-13,1474,342525,3069629,9.01,9.06,8.9,8.9,-0.11,150
2014-05-14,1474,226484,2031789,9.2,9.2,8.85,8.9,0.0,60
2014-05-15,1474,198000,1760480,8.9,8.96,8.83,8.9,0.0,38
2014-05-16,1474,35683,317699,8.9,8.91,8.9,8.91,0.01,12
2014-05-19,1474,181500,1615460,8.94,8.94,8.86,8.88,-0.03,48
2014-05-20,1474,224992,1992663,8.83,8.88,8.83,8.83,-0.05,76
2014-05-21,1474,97000,854480,8.76,8.85,8.76,8.8,-0.03,32
2014-05-22,1474,213200,1875612,8.8,8.85,8.79,8.85,0.05,57
2014-05-23,1474,95000,845520,8.9,8.94,8.89,8.9,0.05,30
2014-05-26,1474,83999,753950,8.85,9.09,8.85,9.03,0.13,48
2014-05-27,1474,38717,345974,9.0,9.0,8.9,8.95,-0.08,19
2014-05-28,1474,116064,1032473,8.92,8.97,8.87,8.89,-0.06,45
2014-05-29,1474,261000,2323120,9.0,9.01,8.86,8.91,0.02,63
2014-05-30,1474,44080,392495,8.93,8.96,8.88,8.88,-0.03,23
2014-06-03,1474,110381,978802,8.88,8.93,8.8,8.88,0.0,54
2014-06-04,1474,137995,1220830,8.81,8.9,8.81,8.86,-0.02,52
2014-06-05,1474,193000,1707420,8.86,8.9,8.8,8.8,-0.06,56
2014-06-06,1474,269047,2368352,8.83,8.9,8.76,8.78,-0.02,91
2014-06-09,1474,114290,1009306,8.85,8.85,8.81,8.83,0.05,32
2014-06-10,1474,60550,537461,8.88,8.89,8.85,8.86,0.03,25
2014-06-11,1474,306598,2704809,8.86,8.86,8.8,8.81,-0.05,66
2014-06-12,1474,207000,1823800,8.81,8.85,8.8,8.8,-0.01,29
2014-06-13,1474,168000,1479370,8.88,8.88,8.8,8.88,0.08,37
2014-06-16,1474,57000,508110,8.9,8.95,8.88,8.94,0.06,32
2014-06-17,1474,82550,735995,8.9,8.97,8.88,8.93,-0.01,31
2014-06-18,1474,112000,995050,8.82,8.98,8.82,8.97,0.04,64
2014-06-19,1474,46001,413098,8.97,9.02,8.91,9.0,0.03,26
2014-06-20,1474,102852,924392,9.05,9.05,8.92,8.95,-0.05,19
2014-06-23,1474,321001,2926329,9.0,9.27,9.0,9.11,0.16,102
2014-06-24,1474,208001,1901469,9.19,9.19,9.02,9.08,-0.03,70
2014-06-25,1474,222000,2030030,9.08,9.2,9.07,9.07,-0.01,47
2014-06-26,1474,49205,447944,9.1,9.17,9.08,9.15,0.08,24
2014-06-27,1474,160555,1467327,9.15,9.18,9.1,9.1,-0.05,40
2014-06-30,1474,263001,2393489,9.1,9.18,9.0,9.0,-0.1,65
2014-07-01,1474,94001,854589,9.18,9.18,9.04,9.04,0.04,33
2014-07-02,1474,180002,1631028,9.05,9.09,9.02,9.07,0.03,68
2014-07-03,1474,175247,1586075,9.05,9.1,9.03,9.05,-0.02,61
2014-07-04,1474,197301,1778104,9.05,9.05,9.0,9.05,0.0,43
2014-07-07,1474,80001,722619,9.04,9.09,9.0,9.08,0.03,28
2014-07-08,1474,226002,2069208,9.08,9.23,9.08,9.2,0.12,79
2014-07-09,1474,138165,1262606,9.21,9.21,9.12,9.12,-0.08,49
2014-07-10,1474,110600,1013669,9.11,9.22,9.11,9.2,0.08,44
2014-07-11,1474,272001,2465479,9.15,9.15,9.0,9.0,-0.2,93
2014-07-14,1474,79002,712788,9.01,9.1,9.01,9.1,0.1,36
2014-07-15,1474,76001,693359,9.19,9.19,9.1,9.11,0.01,32
2014-07-16,1474,212000,1920230,9.11,9.11,9.03,9.09,-0.02,44
2014-07-17,1474,192832,1759680,9.09,9.17,9.09,9.16,0.07,54
2014-07-18,1474,82706,751667,9.16,9.16,9.05,9.12,-0.04,29
2014-07-21,1474,78335,712035,9.16,9.17,9.08,9.12,0.0,18
2014-07-22,1474,74001,675579,9.12,9.16,9.1,9.11,-0.01,37
2014-07-24,1474,65001,589939,9.08,9.1,9.06,9.1,-0.01,22
2014-07-25,1474,65608,595315,9.08,9.08,9.04,9.08,-0.02,24
2014-07-28,1474,155000,1407340,9.17,9.17,9.03,9.1,0.02,52
2014-07-29,1474,269001,2429299,9.08,9.08,8.97,8.98,-0.12,95
2014-07-30,1474,144002,1299048,9.0,9.09,9.0,9.09,0.11,54
2014-07-31,1474,154002,1390368,9.09,9.11,9.0,9.09,0.0,52
2014-08-01,1474,140000,1260770,9.05,9.06,9.0,9.04,-0.05,53
2014-08-04,1474,38000,342570,9.04,9.04,8.95,9.03,-0.01,17
2014-08-05,1474,86000,771490,9.05,9.05,8.93,8.93,-0.1,35
2014-08-06,1474,112001,993988,8.9,8.93,8.84,8.9,-0.03,41
2014-08-07,1474,27196,241844,8.9,8.9,8.88,8.9,0.0,16
2014-08-08,1474,80000,704850,8.89,8.89,8.8,8.85,-0.05,18
2014-08-11,1474,120404,1074825,8.92,8.95,8.91,8.94,0.09,54
2014-08-12,1474,135000,1214940,9.0,9.08,8.93,9.03,0.09,43
2014-08-13,1474,53607,485919,9.07,9.1,9.03,9.08,0.05,33
2014-08-14,1474,227592,2057116,9.1,9.1,9.0,9.06,-0.02,50
2014-08-15,1474,156026,1408795,9.06,9.1,9.01,9.03,-0.03,42
2014-08-18,1474,87000,783860,9.09,9.09,9.0,9.02,-0.01,27
2014-08-19,1474,107401,974059,9.2,9.2,9.0,9.02,0.0,38
2014-08-20,1474,83913,757117,9.0,9.08,9.0,9.08,0.06,35
2014-08-21,1474,50578,458101,9.1,9.1,9.03,9.07,-0.01,27
2014-08-22,1474,220900,2000200,9.07,9.1,9.02,9.07,0.0,73
2014-08-25,1474,427724,3866722,9.04,9.1,9.0,9.01,-0.06,102
2014-08-26,1474,254976,2329568,9.2,9.2,9.04,9.15,0.14,112
2014-08-27,1474,209100,1818195,8.5,8.95,8.5,8.83,0.0,112
2014-08-28,1474,88699,776318,8.7,8.8,8.7,8.75,-0.08,49
2014-08-29,1474,63001,553818,8.75,8.83,8.73,8.83,0.08,43
2014-09-01,1474,63833,564827,8.89,8.9,8.81,8.81,-0.02,31
2014-09-02,1474,54237,479982,8.84,8.89,8.8,8.88,0.07,33
2014-09-03,1474,47001,419048,8.9,8.92,8.9,8.92,0.04,12
2014-09-04,1474,64000,571280,8.92,8.95,8.88,8.94,0.02,19
2014-09-05,1474,31000,275880,8.94,8.94,8.86,8.94,0.0,13
2014-09-09,1474,48690,433619,8.94,8.95,8.86,8.95,0.01,24
2014-09-10,1474,58001,517398,8.95,8.95,8.89,8.95,0.0,33
2014-09-11,1474,228902,2041999,8.95,8.95,8.9,8.9,-0.05,45
2014-09-12,1474,107055,950734,8.9,8.9,8.82,8.88,-0.02,33
2014-09-15,1474,25000,221260,8.85,8.88,8.84,8.88,0.0,6
2014-09-16,1474,49000,433570,8.83,8.9,8.83,8.9,0.02,18
2014-09-17,1474,177000,1579050,8.9,8.95,8.83,8.94,0.04,54
2014-09-18,1474,47000,420030,8.94,8.94,8.91,8.94,0.0,13
2014-09-19,1474,57000,508230,8.94,8.94,8.89,8.9,-0.04,15
2014-09-22,1474,123000,1092700,8.84,8.92,8.84,8.92,0.02,25
2014-09-23,1474,94055,836121,8.91,8.91,8.86,8.9,-0.02,16
2014-09-24,1474,35407,314976,8.9,8.9,8.87,8.89,-0.01,40
2014-09-25,1474,175008,1546442,8.89,8.89,8.8,8.8,-0.09,43
2014-09-26,1474,102006,898374,8.8,8.97,8.77,8.8,0.0,29
2014-09-29,1474,15003,132427,8.85,8.85,8.8,8.8,0.0,10
2014-09-30,1474,66236,581203,8.8,8.8,8.74,8.79,-0.01,47
2014-10-01,1474,41270,360503,8.76,8.79,8.71,8.79,0.0,26
2014-10-02,1474,38000,331760,8.71,8.79,8.67,8.76,-0.03,20
2014-10-03,1474,113332,994456,8.77,8.8,8.71,8.78,0.02,34
2014-10-06,1474,56897,497599,8.78,8.85,8.71,8.75,-0.03,40
2014-10-07,1474,96000,834350,8.73,8.73,8.66,8.68,-0.07,37
2014-10-08,1474,92000,793980,8.66,8.66,8.61,8.66,-0.02,27
2014-10-09,1474,58000,501620,8.7,8.71,8.6,8.6,-0.06,24
2014-10-13,1474,189000,1574240,8.52,8.52,8.23,8.38,-0.22,55
2014-10-14,1474,59000,492070,8.31,8.4,8.3,8.31,-0.07,21
2014-10-15,1474,97000,799400,8.38,8.38,8.18,8.3,-0.01,35
2014-10-16,1474,73001,598638,8.21,8.21,8.14,8.2,-0.1,27
2014-10-17,1474,45000,367890,8.23,8.23,8.15,8.18,-0.02,35
2014-10-20,1474,90428,736906,8.18,8.18,8.12,8.13,-0.05,29
2014-10-21,1474,48484,392692,8.1,8.18,8.08,8.1,-0.03,21
2014-10-22,1474,58001,473988,8.39,8.39,8.13,8.18,0.08,38
2014-10-23,1474,10000,81250,8.1,8.2,8.08,8.2,0.02,9
2014-10-24,1474,94030,754223,8.2,8.2,7.93,8.03,-0.17,54
2014-10-27,1474,135929,1074560,7.98,7.99,7.86,7.94,-0.09,78
2014-10-28,1474,31001,247418,8.01,8.01,7.95,8.0,0.06,15
2014-10-29,1474,46251,370343,8.09,8.09,8.0,8.02,0.02,12
2014-10-30,1474,21000,171890,8.05,8.23,8.05,8.22,0.2,12
2014-10-31,1474,15005,122620,8.2,8.2,8.15,8.17,-0.05,12
2014-11-03,1474,36000,293400,8.17,8.2,8.12,8.2,0.03,29
2014-11-04,1474,28724,235014,8.2,8.2,8.13,8.19,-0.01,13
2014-11-05,1474,14010,113562,8.09,8.18,8.08,8.18,-0.01,9
2014-11-06,1474,21000,170400,8.18,8.18,8.09,8.15,-0.03,10
2014-11-07,1474,22001,178288,8.09,8.14,8.05,8.14,-0.01,16
2014-11-10,1474,930000,7119110,7.61,8.13,7.58,7.8,-0.34,266
2014-11-11,1474,171002,1327124,7.8,7.84,7.72,7.8,0.0,56
2014-11-12,1474,30145,234004,7.82,7.82,7.74,7.76,-0.04,17
2014-11-13,1474,58001,448857,7.76,7.77,7.72,7.77,0.01,25
2014-11-14,1474,39001,298257,7.52,7.77,7.52,7.63,-0.14,26
2014-11-17,1474,104001,793667,7.65,7.65,7.62,7.63,0.0,32
2014-11-18,1474,125005,943165,7.63,7.63,7.49,7.56,-0.07,39
2014-11-19,1474,190000,1444840,7.56,7.68,7.56,7.67,0.11,43
2014-11-20,1474,27000,207330,7.68,7.71,7.61,7.68,0.01,15
2014-11-21,1474,132250,1017002,7.68,7.7,7.68,7.7,0.02,28
2014-11-24,1474,32001,246757,7.73,7.73,7.7,7.7,0.0,13
2014-11-25,1474,48002,369564,7.71,7.73,7.62,7.73,0.03,17
2014-11-26,1474,12005,92055,7.66,7.73,7.66,7.73,0.0,11
2014-11-27,1474,16001,123617,7.73,7.78,7.7,7.78,0.05,11
2014-11-28,1474,23164,179402,7.76,7.77,7.68,7.74,-0.04,11
2014-12-01,1474,38992,302954,7.7,8.03,7.66,8.0,0.26,29
2014-12-02,1474,67557,528422,7.76,8.0,7.76,7.9,-0.1,42
2014-12-03,1474,73002,577066,7.76,8.0,7.67,8.0,0.1,45
2014-12-04,1474,35002,277594,7.97,7.97,7.9,7.92,-0.08,18
2014-12-05,1474,92334,738412,7.98,8.01,7.96,8.01,0.09,46
2014-12-08,1474,43001,343588,8.01,8.01,7.97,8.01,0.0,19
2014-12-09,1474,5002,39766,7.92,7.99,7.92,7.94,-0.07,7
2014-12-10,1474,75002,587654,7.99,7.99,7.8,7.88,-0.06,33
2014-12-11,1474,20000,153620,7.62,7.89,7.62,7.89,0.01,13
2014-12-12,1474,59000,464750,7.81,7.92,7.81,7.92,0.03,20
2014-12-15,1474,48905,387025,7.63,7.97,7.63,7.97,0.05,29
2014-12-16,1474,55360,442243,7.98,8.01,7.97,8.0,0.03,35
2014-12-17,1474,50005,399850,8.0,8.01,7.95,8.0,0.0,17
2014-12-18,1474,22053,176588,8.0,8.01,8.0,8.0,0.0,10
2014-12-19,1474,26003,208224,7.99,8.04,7.99,8.03,0.03,15
2014-12-22,1474,52007,415626,8.03,8.03,7.96,8.0,-0.03,21
2014-12-23,1474,34000,272230,8.0,8.05,8.0,8.0,0.0,14
2014-12-24,1474,78089,638700,8.09,8.25,8.09,8.15,0.15,32
2014-12-25,1474,82645,677123,8.2,8.2,8.15,8.15,0.0,30
2014-12-26,1474,152003,1259694,8.33,8.33,8.19,8.3,0.15,50
2014-12-27,1474,57771,480748,8.35,8.35,8.21,8.35,0.05,32
2014-12-29,1474,39011,325148,8.22,8.37,8.22,8.37,0.02,25
2014-12-30,1474,39002,322536,8.28,8.36,8.18,8.18,-0.19,24
2014-12-31,1474,94156,780283,8.15,8.34,8.15,8.3,0.12,41
2015-01-05,1474,39000,323320,8.32,8.35,8.22,8.35,0.05,24
2015-01-06,1474,152000,1261610,8.31,8.36,8.25,8.33,-0.02,33
2015-01-07,1474,77511,647399,8.33,8.39,8.3,8.37,0.04,25
2015-01-08,1474,169051,1421453,8.37,8.54,8.32,8.52,0.15,28
2015-01-09,1474,50003,424114,8.45,8.57,8.43,8.5,-0.02,23
2015-01-12,1474,112000,962740,8.5,8.65,8.5,8.65,0.15,35
2015-01-13,1474,127009,1110152,8.7,8.8,8.69,8.79,0.14,50
2015-01-14,1474,96004,841352,8.79,8.8,8.7,8.75,-0.04,48
2015-01-15,1474,57001,499128,8.75,8.8,8.61,8.75,0.0,28
2015-01-16,1474,48000,419050,8.8,8.8,8.68,8.72,-0.03,27
2015-01-19,1474,51003,442454,8.79,8.79,8.61,8.72,0.0,21
2015-01-20,1474,61001,532738,8.72,8.79,8.65,8.79,0.07,37
2015-01-21,1474,53080,462370,8.78,8.78,8.65,8.75,-0.04,30
2015-01-22,1474,128356,1124741,8.79,8.88,8.7,8.88,0.13,35
2015-01-23,1474,44002,391246,8.9,8.9,8.88,8.89,0.01,19
2015-01-26,1474,118006,1044888,8.85,8.88,8.8,8.8,-0.09,29
2015-01-27,1474,113004,988802,8.88,8.88,8.7,8.75,-0.05,27
2015-01-28,1474,137340,1186555,8.7,8.74,8.5,8.74,-0.01,44
2015-01-29,1474,91011,789108,8.7,8.77,8.6,8.65,-0.09,45
2015-01-30,1474,35023,302514,8.76,8.76,8.6,8.6,-0.05,42
2015-02-02,1474,105000,911360,8.6,8.84,8.6,8.6,0.0,38
2015-02-03,1474,28501,247907,8.6,8.78,8.6,8.7,0.1,18
2015-02-04,1474,26040,228118,8.71,8.79,8.71,8.79,0.09,22
2015-02-05,1474,262854,2321225,8.75,8.9,8.75,8.85,0.06,57
2015-02-06,1474,38002,336186,8.89,8.94,8.8,8.89,0.04,32
2015-02-09,1474,52002,459646,8.76,8.89,8.76,8.76,-0.13,27
2015-02-10,1474,43000,379580,8.85,8.88,8.72,8.75,-0.01,25
2015-02-11,1474,48007,423176,8.75,8.88,8.75,8.77,0.02,30
2015-02-12,1474,49148,434694,8.77,8.88,8.77,8.78,0.01,44
2015-02-13,1474,39000,344270,8.85,8.85,8.73,8.75,-0.03,21
2015-02-24,1474,57004,508506,8.88,8.95,8.8,8.94,0.19,33
2015-02-25,1474,120002,1076218,8.64,9.05,8.64,8.92,-0.02,56
2015-02-26,1474,73002,654828,8.9,9.02,8.9,9.0,0.08,38
2015-03-02,1474,55245,496305,9.0,9.03,8.95,9.03,0.03,33
2015-03-03,1474,127442,1150958,9.0,9.05,9.0,9.05,0.02,55
2015-03-04,1474,127002,1149738,9.05,9.1,9.02,9.05,0.0,44
2015-03-05,1474,43005,387525,9.05,9.06,8.98,9.0,-0.05,24
2015-03-06,1474,44900,406313,8.91,9.08,8.91,9.07,0.07,26
2015-03-09,1474,28019,252501,9.06,9.06,8.96,9.0,-0.07,24
2015-03-10,1474,124274,1123426,9.0,9.07,8.95,9.05,0.05,40
2015-03-11,1474,129007,1154506,9.0,9.03,8.88,8.95,-0.1,77
2015-03-12,1474,79002,710978,8.96,9.02,8.96,9.0,0.05,45
2015-03-13,1474,39338,356792,9.05,9.08,9.03,9.03,0.03,37
2015-03-16,1474,24006,216304,9.03,9.03,8.95,8.95,-0.08,28
2015-03-17,1474,111160,999083,8.95,9.03,8.93,9.0,0.05,61
2015-03-18,1474,97274,874506,9.0,9.04,8.95,9.0,0.0,47
2015-03-19,1474,62218,560302,9.0,9.02,9.0,9.02,0.02,24
2015-03-20,1474,487402,4463205,9.1,9.23,9.02,9.15,0.13,98
2015-03-23,1474,135347,1233363,9.1,9.17,9.04,9.08,-0.07,80
2015-03-24,1474,157013,1418707,9.05,9.09,9.0,9.09,0.01,46
2015-03-25,1474,292360,2625150,9.07,9.07,8.92,9.03,-0.06,74
2015-03-26,1474,72013,648987,9.0,9.07,8.96,9.07,0.04,36
2015-03-27,1474,84677,764280,9.07,9.07,9.0,9.0,-0.07,59
2015-03-30,1474,60015,542305,9.01,9.07,9.0,9.06,0.06,44
2015-03-31,1474,94008,848222,9.01,9.06,9.0,9.0,-0.06,29
2015-04-01,1474,123001,1107288,9.0,9.01,9.0,9.0,0.0,32
2015-04-02,1474,177008,1597202,9.0,9.07,9.0,9.0,0.0,52
2015-04-07,1474,129009,1177221,9.05,9.17,9.05,9.11,0.11,61
2015-04-08,1474,843625,7933755,9.15,9.66,9.15,9.62,0.51,310
2015-04-09,1474,682011,6591939,9.74,9.75,9.56,9.65,0.03,210
2015-04-10,1474,417036,3975966,9.7,9.7,9.4,9.53,-0.12,124
2015-04-13,1474,282337,2671971,9.64,9.64,9.39,9.44,-0.09,196
2015-04-14,1474,130021,1224957,9.44,9.49,9.37,9.49,0.05,327
2015-04-15,1474,310216,2983343,9.49,9.7,9.49,9.56,0.07,237
2015-04-16,1474,275722,2646690,9.6,9.64,9.53,9.58,0.02,146
2015-04-17,1474,204074,1957451,9.56,9.63,9.52,9.59,0.01,145
2015-04-20,1474,255180,2429281,9.59,9.59,9.48,9.52,-0.07,256
2015-04-21,1474,167067,1574484,9.52,9.52,9.38,9.43,-0.09,136
2015-04-22,1474,227031,2123919,9.43,9.43,9.25,9.4,-0.03,92
2015-04-23,1474,168838,1598891,9.41,9.5,9.4,9.45,0.05,109
2015-04-24,1474,287300,2740790,9.41,9.61,9.41,9.52,0.07,148
2015-04-27,1474,180154,1717702,9.53,9.58,9.49,9.49,-0.03,124
2015-04-28,1474,255607,2442351,9.5,9.58,9.49,9.56,0.07,139
2015-04-29,1474,1612212,15875160,9.56,9.99,9.48,9.97,0.41,485
2015-04-30,1474,2465504,24928499,10.0,10.3,9.92,10.0,0.03,766
2015-05-04,1474,893421,8758501,10.05,10.05,9.7,9.71,-0.29,275
2015-05-05,1474,358584,3488590,9.8,9.88,9.58,9.58,-0.13,128
2015-05-06,1474,348004,3338216,9.58,9.7,9.52,9.52,-0.06,117
2015-05-07,1474,451111,4224481,9.52,9.52,9.25,9.27,-0.25,180
2015-05-08,1474,358005,3296845,9.32,9.32,9.11,9.13,-0.14,92
2015-05-11,1474,218003,2007547,9.32,9.32,9.15,9.24,0.11,97
2015-05-12,1474,171015,1587565,9.24,9.35,9.24,9.26,0.02,88
2015-05-13,1474,228001,2148907,9.5,9.5,9.37,9.37,0.11,92
2015-05-14,1474,263681,2446030,9.35,9.4,9.2,9.24,-0.13,117
2015-05-15,1474,196950,1848050,9.31,9.44,9.31,9.4,0.16,98
2015-05-18,1474,461272,4453657,9.44,9.8,9.41,9.75,0.35,192
2015-05-19,1474,552891,5470127,9.8,9.99,9.67,9.75,0.0,257
2015-05-20,1474,1592914,16068310,9.8,10.3,9.8,10.2,0.45,430
2015-05-21,1474,1840863,18960880,10.25,10.5,10.05,10.05,-0.15,507
2015-05-22,1474,644607,6464428,10.15,10.15,9.92,10.0,-0.05,178
2015-05-25,1474,472203,4765709,10.0,10.2,10.0,10.0,0.0,133
2015-05-26,1474,445215,4410736,10.0,10.1,9.81,9.81,-0.19,128
2015-05-27,1474,313060,3063848,9.81,9.85,9.71,9.71,-0.1,75
2015-05-28,1474,439000,4304540,9.78,9.9,9.75,9.81,0.1,103
2015-05-29,1474,260002,2554298,9.85,9.9,9.76,9.9,0.09,69
2015-06-01,1474,254000,2527300,9.95,10.0,9.81,9.95,0.05,99
2015-06-02,1474,426006,4267694,9.95,10.1,9.95,10.0,0.05,146
2015-06-03,1474,3841274,40866614,10.05,11.0,10.05,11.0,1.0,878
2015-06-04,1474,11126665,130008603,11.4,12.05,11.2,12.0,1.0,2807
2015-06-05,1474,7174646,84968498,12.0,12.35,11.0,11.35,-0.65,2141
2015-06-08,1474,5222547,60018730,11.7,11.8,11.25,11.35,0.0,1431
2015-06-09,1474,6571998,77322378,11.4,12.3,11.05,11.05,-0.3,2199
2015-06-10,1474,4933586,52775081,11.2,11.45,10.2,10.6,-0.45,1515
2015-06-11,1474,6715400,76628310,10.7,11.65,10.7,11.65,1.05,1856
2015-06-12,1474,9780670,119362984,11.75,12.5,11.75,12.4,0.75,2885
2015-06-15,1474,7298691,91194079,12.4,12.9,11.9,12.4,0.0,2525
2015-06-16,1474,3869142,46950456,12.4,12.6,11.75,12.1,-0.3,1469
2015-06-17,1474,3501037,43347146,12.2,12.7,12.1,12.15,0.05,1280
2015-06-18,1474,3221192,38118984,12.4,12.4,11.55,11.9,-0.25,1044
2015-06-22,1474,8368247,106387713,12.0,13.05,11.8,13.05,1.15,2540
2015-06-23,1474,4826509,61928861,13.25,13.3,12.6,12.6,-0.45,1693
2015-06-24,1474,3925822,50767656,12.6,13.3,12.6,12.95,0.35,1459
2015-06-25,1474,2571491,32512211,12.95,13.05,12.4,12.55,-0.4,841
2015-06-26,1474,2183038,27190612,12.5,12.85,12.2,12.3,-0.25,766
2015-06-29,1474,2667648,31371134,12.0,12.2,11.35,11.45,-0.85,825
2015-06-30,1474,1873350,21089471,11.45,11.65,11.05,11.35,-0.1,636
2015-07-01,1474,2375766,27461570,11.55,11.85,11.3,11.65,0.3,796
2015-07-02,1474,1326000,15544000,11.95,12.1,11.55,11.55,-0.1,473
2015-07-03,1474,1829291,20966695,11.55,11.75,11.1,11.1,-0.45,565
2015-07-06,1474,2093111,22800604,10.95,11.25,10.5,11.1,0.0,649
2015-07-07,1474,1400172,15072809,11.1,11.2,10.5,10.6,-0.5,577
2015-07-08,1474,2762036,27265960,10.6,10.65,9.58,9.6,-1.0,880
2015-07-09,1474,2575243,24322327,9.3,10.05,8.81,10.0,0.4,843
2015-07-13,1474,1915295,19699738,10.1,10.45,10.05,10.35,0.35,594
2015-07-14,1474,977050,9835759,10.3,10.3,9.81,9.81,-0.54,337
2015-07-15,1474,1054001,10507039,10.05,10.15,9.8,9.83,0.02,364
2015-07-16,1474,669001,6578709,9.99,9.99,9.79,9.8,-0.03,230
2015-07-17,1474,545640,5358100,9.81,9.95,9.68,9.68,-0.12,256
2015-07-20,1474,906000,8675430,9.81,9.93,9.33,9.35,-0.33,326
2015-07-21,1474,967101,8799078,9.55,9.55,8.96,9.1,-0.25,319
2015-07-22,1474,319001,2904839,9.1,9.18,9.03,9.12,0.02,123
2015-07-23,1474,519993,4702777,9.1,9.23,8.94,8.98,-0.14,215
2015-07-24,1474,262501,2367098,9.15,9.15,8.94,8.94,-0.04,120
2015-07-27,1474,1209700,11276470,9.1,9.69,8.94,8.94,0.0,506
2015-07-28,1474,604000,5400980,8.81,9.12,8.74,9.1,0.16,275
2015-07-29,1474,440000,4069470,9.13,9.42,9.1,9.25,0.15,214
2015-07-30,1474,537000,5078550,9.35,9.59,9.32,9.35,0.1,226
2015-07-31,1474,343001,3173319,9.37,9.37,9.13,9.16,-0.19,116
2015-08-03,1474,183087,1674673,9.16,9.23,9.08,9.09,-0.07,85
2015-08-04,1474,1479003,12712964,9.09,9.15,8.34,8.36,-0.73,478
2015-08-05,1474,543634,4666887,8.5,8.69,8.5,8.52,0.16,210
2015-08-06,1474,283973,2432837,8.68,8.7,8.51,8.59,0.07,125
2015-08-07,1474,252244,2198446,8.55,8.82,8.55,8.76,0.17,94
2015-08-10,1474,617003,5541567,8.74,9.13,8.72,9.13,0.37,243
2015-08-11,1474,527002,4774336,9.2,9.26,8.92,8.92,-0.21,201
2015-08-12,1474,448023,4066701,9.04,9.25,8.98,9.21,0.29,191
2015-08-13,1474,454000,4215220,9.21,9.36,9.17,9.34,0.13,178
2015-08-14,1474,373220,3490288,9.32,9.44,9.17,9.43,0.09,157
2015-08-17,1474,541000,5114500,9.43,9.56,9.34,9.34,-0.09,188
2015-08-18,1474,348000,3231560,9.37,9.37,9.22,9.22,-0.12,108
2015-08-19,1474,270008,2451372,9.26,9.26,9.01,9.05,-0.17,116
2015-08-20,1474,212000,1945980,9.05,9.29,9.05,9.22,0.17,116
2015-08-21,1474,303600,2730085,9.17,9.17,8.86,9.03,-0.19,138
2015-08-24,1474,1149015,9529751,8.76,8.99,8.13,8.14,-0.89,388
2015-08-25,1474,603121,4769036,7.4,8.28,7.4,8.08,-0.06,220
2015-08-26,1474,464423,3878113,8.2,8.53,8.2,8.5,0.42,181
2015-08-27,1474,496477,4299363,8.62,8.77,8.58,8.7,0.2,222
2015-08-28,1474,336240,2877427,8.5,8.61,8.4,8.55,0.0,146
2015-08-31,1474,357013,3124851,8.55,8.84,8.55,8.74,0.19,183
2015-09-01,1474,439165,3929260,8.74,9.04,8.74,8.9,0.16,172
2015-09-02,1474,597000,5372470,8.8,9.1,8.8,9.0,0.1,175
2015-09-03,1474,227001,2050989,9.0,9.1,8.89,8.97,-0.03,96
2015-09-04,1474,294276,2615180,9.0,9.06,8.75,8.78,-0.19,132
2015-09-07,1474,164452,1443896,8.78,8.9,8.7,8.85,0.07,70
2015-09-08,1474,153000,1361870,8.95,8.97,8.85,8.86,0.01,62
2015-09-09,1474,366851,3294378,8.88,9.03,8.88,8.97,0.11,136
2015-09-10,1474,904000,8393750,8.95,9.6,8.95,9.26,0.29,303
2015-09-11,1474,886002,8404398,9.22,9.6,9.22,9.39,0.13,313
2015-09-14,1474,2781432,27759770,9.5,10.25,9.5,10.1,0.71,847
2015-09-15,1474,953011,9559237,10.15,10.2,9.91,9.94,-0.16,350
2015-09-16,1474,1301000,13206200,10.0,10.3,10.0,10.0,0.06,355
2015-09-17,1474,1092500,11020970,10.1,10.25,10.0,10.0,0.0,287
2015-09-18,1474,1922912,20064981,10.05,10.7,10.05,10.4,0.4,495
2015-09-21,1474,4508049,49190191,10.4,11.3,10.3,11.05,0.65,1269
2015-09-22,1474,2085051,22981844,11.05,11.25,10.75,10.85,-0.2,689
2015-09-23,1474,1865002,20417321,10.7,11.3,10.65,10.65,-0.2,622
2015-09-24,1474,1548894,16043090,10.7,10.85,10.05,10.1,-0.55,564
2015-09-25,1474,1208001,12187960,10.15,10.25,10.0,10.0,-0.1,361
2015-09-30,1474,1471000,14673100,10.0,10.15,9.86,10.15,0.15,427
2015-10-01,1474,2579001,27301360,10.4,10.8,10.35,10.45,0.3,756
2015-10-02,1474,2636003,28396080,10.45,11.1,10.45,10.7,0.25,786
2015-10-05,1474,2989231,33105541,10.95,11.25,10.85,10.95,0.25,840
2015-10-06,1474,1299015,14129061,11.1,11.15,10.75,10.75,-0.2,418
2015-10-07,1474,869633,9395059,10.8,10.9,10.7,10.7,-0.05,239
2015-10-08,1474,1050222,10962130,10.7,10.8,10.3,10.4,-0.3,367
2015-10-12,1474,871012,8961222,10.2,10.5,10.15,10.2,-0.2,259
2015-10-13,1474,234000,2404850,10.35,10.35,10.2,10.25,0.05,93
2015-10-14,1474,683009,7142341,10.35,10.6,10.2,10.55,0.3,245
2015-10-15,1474,515248,5427828,10.55,10.7,10.4,10.45,-0.1,209
2015-10-16,1474,352005,3691750,10.6,10.6,10.4,10.4,-0.05,134
2015-10-19,1474,541088,5563355,10.55,10.55,10.2,10.2,-0.2,219
2015-10-20,1474,623001,6435010,10.2,10.45,10.2,10.25,0.05,187
2015-10-21,1474,302040,3096910,10.3,10.35,10.2,10.25,0.0,119
2015-10-22,1474,943002,9542570,10.3,10.35,10.0,10.0,-0.25,267
2015-10-23,1474,531184,5354085,10.2,10.2,10.0,10.1,0.1,175
2015-10-26,1474,529004,5394440,10.15,10.3,10.1,10.15,0.05,166
2015-10-27,1474,527246,5378571,10.2,10.25,10.15,10.25,0.1,175
2015-10-28,1474,382310,3888945,10.25,10.25,10.1,10.1,-0.15,152
2015-10-29,1474,1562769,16310145,10.2,10.6,10.2,10.4,0.3,499
2015-10-30,1474,524003,5428080,10.45,10.45,10.3,10.35,-0.05,171
2015-11-02,1474,421500,4406149,10.35,10.5,10.35,10.5,0.15,182
2015-11-03,1474,640090,6785795,10.6,10.7,10.5,10.55,0.05,235
2015-11-04,1474,1713464,18574108,10.65,10.95,10.65,10.85,0.3,472
2015-11-05,1474,990248,10736151,10.9,10.9,10.7,10.9,0.05,210
2015-11-06,1474,784001,8453160,10.85,10.9,10.6,10.7,-0.2,172
2015-11-09,1474,519206,5536727,10.8,10.8,10.5,10.65,-0.05,145
2015-11-10,1474,638180,6777214,10.7,10.75,10.5,10.55,-0.1,167
2015-11-11,1474,332002,3482470,10.7,10.7,10.35,10.35,-0.2,143
2015-11-12,1474,550003,5710630,10.35,10.5,10.2,10.45,0.1,172
2015-11-13,1474,280007,2923870,10.4,10.5,10.4,10.45,0.0,99
2015-11-16,1474,394002,4090870,10.3,10.45,10.3,10.45,0.0,102
2015-11-17,1474,634400,6722328,10.5,10.7,10.5,10.7,0.25,181
2015-11-18,1474,384002,4108720,10.75,10.85,10.6,10.65,-0.05,135
2015-11-19,1474,651283,6882248,10.65,10.75,10.5,10.5,-0.15,179
2015-11-20,1474,247005,2604700,10.6,10.7,10.45,10.5,0.0,82
2015-11-23,1474,1337264,14564648,10.6,11.05,10.6,11.0,0.5,472
2015-11-24,1474,884388,9673705,11.1,11.1,10.8,10.8,-0.2,315
2015-11-25,1474,632264,6719844,10.8,10.8,10.5,10.5,-0.3,205
2015-11-26,1474,424004,4481490,10.5,10.65,10.5,10.55,0.05,96
2015-11-27,1474,293010,3058453,10.5,10.65,10.3,10.35,-0.2,112
2015-11-30,1474,508257,5196694,10.2,10.35,10.15,10.2,-0.15,156
2015-12-01,1474,250006,2569010,10.2,10.4,10.2,10.3,0.1,93
2015-12-02,1474,271008,2815480,10.3,10.5,10.3,10.35,0.05,86
2015-12-03,1474,160250,1655047,10.45,10.45,10.25,10.25,-0.1,82
2015-12-04,1474,738703,7454380,10.2,10.2,10.0,10.05,-0.2,227
2015-12-07,1474,478004,4807720,10.1,10.2,9.98,10.0,-0.05,174
2015-12-08,1474,370500,3652742,10.0,10.0,9.8,9.8,-0.2,179
2015-12-09,1474,557012,5343853,9.8,9.81,9.5,9.53,-0.27,194
2015-12-10,1474,197024,1843696,9.49,9.49,9.32,9.44,-0.09,93
2015-12-11,1474,1354304,12308139,9.44,9.44,8.95,9.0,-0.44,323
2015-12-14,1474,359311,3184783,8.85,9.0,8.78,8.87,-0.13,130
2015-12-15,1474,223000,2021590,8.9,9.11,8.9,8.99,0.12,71
2015-12-16,1474,209499,1911118,9.06,9.17,9.02,9.16,0.17,87
2015-12-17,1474,292001,2674889,9.17,9.2,9.1,9.13,-0.03,83
2015-12-18,1474,378014,3424726,9.14,9.15,9.01,9.03,-0.1,91
2015-12-21,1474,301006,2718164,9.0,9.14,8.93,9.12,0.09,72
2015-12-22,1474,178001,1612929,9.13,9.16,9.02,9.05,-0.07,53
2015-12-23,1474,484011,4449000,9.15,9.27,9.07,9.2,0.15,120
2015-12-24,1474,414344,3747106,9.2,9.2,9.0,9.0,-0.2,136
2015-12-25,1474,67000,605160,9.0,9.07,9.0,9.07,0.07,42
2015-12-28,1474,220035,1982325,9.08,9.08,8.98,9.01,-0.06,76
2015-12-29,1474,806956,7421970,9.01,9.3,9.01,9.11,0.1,164
2015-12-30,1474,543071,5074413,9.19,9.45,9.16,9.4,0.29,213
2015-12-31,1474,292003,2721997,9.4,9.4,9.25,9.29,-0.11,88
2016-01-04,1474,389011,3567110,9.36,9.38,9.12,9.12,-0.17,120
2016-01-05,1474,134616,1225044,9.1,9.18,9.02,9.06,-0.06,58
2016-01-06,1474,384001,3440239,9.1,9.1,8.92,8.97,-0.09,116
2016-01-07,1474,407075,3548096,8.96,8.96,8.51,8.72,-0.25,141
2016-01-08,1474,185008,1628624,8.7,8.94,8.67,8.91,0.19,83
2016-01-11,1474,697792,6443984,9.05,9.37,8.96,9.11,0.2,261
2016-01-12,1474,177674,1623461,9.15,9.27,9.01,9.1,-0.01,97
2016-01-13,1474,178102,1627843,9.08,9.21,9.04,9.15,0.05,79
2016-01-14,1474,182000,1642080,9.06,9.14,8.93,9.14,-0.01,95
2016-01-15,1474,131006,1195904,9.22,9.22,9.05,9.2,0.06,83
2016-01-18,1474,808037,7526873,9.3,9.4,9.21,9.26,0.06,298
2016-01-19,1474,300002,2773318,9.3,9.3,9.17,9.25,-0.01,117
2016-01-20,1474,897002,8450568,9.3,9.56,9.23,9.26,0.01,319
2016-01-21,1474,327017,3009755,9.25,9.39,9.1,9.1,-0.16,113
2016-01-22,1474,203005,1852995,9.2,9.21,9.07,9.08,-0.02,95
2016-01-25,1474,162119,1492246,9.25,9.27,9.17,9.18,0.1,85
2016-01-26,1474,126005,1152285,9.21,9.21,9.11,9.19,0.01,41
2016-01-27,1474,403598,3727964,9.2,9.31,9.19,9.19,0.0,131
2016-01-28,1474,119012,1094955,9.19,9.26,9.17,9.17,-0.02,57
2016-01-29,1474,292372,2725103,9.2,9.42,9.2,9.36,0.19,109
2016-01-30,1474,197004,1837396,9.41,9.41,9.29,9.3,-0.06,59
2016-02-01,1474,309004,2897326,9.24,9.45,9.24,9.3,0.0,121
2016-02-02,1474,57003,530767,9.3,9.35,9.26,9.3,0.0,22
2016-02-03,1474,148002,1368270,9.25,9.32,9.2,9.21,-0.09,45
2016-02-15,1474,174080,1615674,9.15,9.36,9.15,9.3,0.09,66
2016-02-16,1474,540001,5158810,9.31,9.68,9.31,9.65,0.35,207
2016-02-17,1474,401162,3870217,9.65,9.74,9.52,9.62,-0.03,146
2016-02-18,1474,387801,3754905,9.7,9.73,9.6,9.73,0.11,118
2016-02-19,1474,886113,8939476,9.85,10.2,9.85,10.2,0.47,361
2016-02-22,1474,782537,8035004,10.3,10.4,10.05,10.35,0.15,252
2016-02-23,1474,706104,7312840,10.4,10.45,10.25,10.4,0.05,209
2016-02-24,1474,1643678,17055796,10.55,10.65,10.1,10.1,-0.3,575
2016-02-25,1474,670005,6837750,10.2,10.3,10.05,10.2,0.1,230
2016-02-26,1474,649000,6738050,10.3,10.5,10.25,10.45,0.25,259
2016-03-01,1474,4019046,43982373,10.65,11.1,10.6,11.1,0.65,1148
2016-03-02,1474,1034100,11398553,11.1,11.2,10.9,11.0,-0.1,368
2016-03-03,1474,956202,10393128,11.0,11.1,10.75,10.85,-0.15,277
2016-03-04,1474,539016,5787419,10.75,10.85,10.7,10.7,-0.15,238
2016-03-07,1474,512021,5532608,10.9,10.9,10.7,10.7,0.0,173
2016-03-08,1474,764111,8094831,10.7,10.7,10.5,10.7,0.0,227
2016-03-09,1474,343080,3663346,10.7,10.75,10.55,10.7,0.0,113
2016-03-10,1474,413428,4452075,10.7,10.85,10.65,10.75,0.05,145
2016-03-11,1474,467318,4977361,10.75,10.75,10.55,10.65,-0.1,160
2016-03-14,1474,351019,3726996,10.75,10.75,10.5,10.6,-0.05,139
2016-03-15,1474,418016,4373265,10.55,10.6,10.3,10.3,-0.3,179
2016-03-16,1474,416002,4302120,10.3,10.5,10.25,10.5,0.2,152
2016-03-17,1474,503080,5302631,10.55,10.65,10.4,10.4,-0.1,149
2016-03-18,1474,301277,3156079,10.4,10.55,10.4,10.45,0.05,93
2016-03-21,1474,768584,8301595,10.6,10.95,10.6,10.8,0.35,325
2016-03-22,1474,421335,4510479,10.8,10.85,10.6,10.65,-0.15,154
2016-03-23,1474,185628,1968039,10.6,10.7,10.5,10.6,-0.05,87
2016-03-24,1474,320200,3418045,10.65,10.8,10.55,10.6,0.0,134
2016-03-25,1474,337191,3523066,10.6,10.6,10.4,10.4,-0.2,157
2016-03-28,1474,233308,2425064,10.5,10.5,10.35,10.35,-0.05,96
2016-03-29,1474,453605,4626250,10.3,10.35,10.1,10.1,-0.25,147
2016-03-30,1474,287001,2938210,10.1,10.3,10.1,10.25,0.15,76
2016-03-31,1474,114230,1167532,10.3,10.3,10.15,10.15,-0.1,52
2016-04-01,1474,154004,1565890,10.2,10.25,10.05,10.2,0.05,73
2016-04-06,1474,327019,3374740,10.25,10.5,10.2,10.3,0.1,138
2016-04-07,1474,319027,3300778,10.35,10.45,10.2,10.2,-0.1,100
2016-04-08,1474,210009,2155340,10.2,10.4,10.2,10.25,0.05,81
2016-04-11,1474,113303,1165999,10.25,10.35,10.2,10.3,0.05,62
2016-04-12,1474,197011,2013960,10.3,10.3,10.1,10.1,-0.2,100
2016-04-13,1474,517005,5375250,10.1,10.55,10.1,10.3,0.2,217
2016-04-14,1474,142225,1461066,10.3,10.35,10.2,10.3,0.0,74
2016-04-15,1474,326002,3399070,10.4,10.5,10.25,10.5,0.2,120
2016-04-18,1474,470008,4968134,10.5,10.7,10.5,10.6,0.1,169
2016-04-19,1474,486130,5153439,10.6,10.7,10.6,10.6,0.0,90
2016-04-20,1474,428182,4544909,10.65,10.7,10.5,10.55,-0.05,120
2016-04-21,1474,266000,2817650,10.65,10.65,10.5,10.65,0.1,55
2016-04-22,1474,254002,2686020,10.6,10.65,10.5,10.55,-0.1,74
2016-04-25,1474,174748,1846678,10.55,10.6,10.5,10.5,-0.05,68
2016-04-26,1474,216278,2290069,10.55,10.65,10.5,10.6,0.1,69
2016-04-27,1474,170002,1807070,10.6,10.7,10.55,10.6,0.0,52
2016-04-28,1474,485130,5188090,10.6,10.8,10.6,10.7,0.1,165
2016-04-29,1474,1083201,11760840,10.75,10.95,10.7,10.95,0.25,294
2016-05-03,1474,840098,9197132,10.95,11.1,10.8,10.95,0.0,248
2016-05-04,1474,772000,8431850,10.95,11.05,10.7,10.75,-0.2,230
2016-05-05,1474,288016,3071669,10.75,10.75,10.6,10.7,-0.05,97
2016-05-06,1474,509789,5509021,10.8,10.95,10.7,10.9,0.2,162
2016-05-09,1474,322042,3490453,10.9,10.9,10.7,10.85,-0.05,128
2016-05-10,1474,428005,4544053,10.7,10.8,10.5,10.8,-0.05,141
2016-05-11,1474,319002,3375170,10.7,10.7,10.5,10.6,-0.2,115
2016-05-12,1474,230000,2436600,10.5,10.7,10.5,10.55,-0.05,82
2016-05-13,1474,622000,6581100,10.6,10.7,10.5,10.55,0.0,120
2016-05-16,1474,328078,3457625,10.5,10.65,10.5,10.6,0.05,86
2016-05-17,1474,147011,1569516,10.6,10.75,10.6,10.65,0.05,44
2016-05-18,1474,112000,1190650,10.7,10.7,10.6,10.6,-0.05,44
2016-05-19,1474,213200,2265930,10.65,10.65,10.6,10.65,0.05,65
2016-05-20,1474,150894,1599637,10.65,10.7,10.55,10.6,-0.05,59
2016-05-23,1474,233050,2495330,10.6,10.75,10.6,10.7,0.1,68
2016-05-24,1474,249633,2679623,10.7,10.8,10.65,10.75,0.05,74
2016-05-25,1474,788000,8583650,10.75,11.05,10.75,10.85,0.1,187
2016-05-26,1474,209000,2255250,10.85,10.9,10.7,10.7,-0.15,58
2016-05-27,1474,390900,4183524,10.8,10.8,10.65,10.7,0.0,80
2016-05-30,1474,170001,1833110,10.75,10.85,10.7,10.7,0.0,55
2016-05-31,1474,88000,944450,10.75,10.8,10.7,10.7,0.0,41
2016-06-01,1474,179188,1923661,10.7,10.8,10.7,10.75,0.05,54
2016-06-02,1474,264000,2816200,10.75,10.75,10.55,10.6,-0.15,72
2016-06-03,1474,68001,722110,10.75,10.75,10.55,10.6,0.0,33
2016-06-04,1474,57508,607234,10.65,10.7,10.55,10.55,-0.05,27
2016-06-06,1474,225160,2354698,10.45,10.55,10.4,10.4,-0.15,93
2016-06-07,1474,123248,1283529,10.35,10.45,10.35,10.45,0.05,51
2016-06-08,1474,131108,1365078,10.4,10.45,10.35,10.45,0.0,31
2016-06-13,1474,306005,3137550,10.4,10.4,10.2,10.2,-0.25,91
2016-06-14,1474,109196,1119999,10.2,10.35,10.2,10.25,0.05,41
2016-06-15,1474,89001,918510,10.4,10.4,10.25,10.4,0.15,49
2016-06-16,1474,106005,1097101,10.4,10.45,10.25,10.25,-0.15,60
2016-06-17,1474,183200,1880270,10.25,10.35,10.2,10.25,0.0,57
2016-06-20,1474,88001,908610,10.2,10.4,10.2,10.3,0.05,32
2016-06-21,1474,202000,2076700,10.3,10.35,10.25,10.35,0.05,40
2016-06-22,1474,741751,7711134,10.35,10.5,10.3,10.4,0.05,61
2016-06-23,1474,60000,627750,10.4,10.55,10.4,10.4,0.0,32
2016-06-24,1474,295320,3027063,10.4,10.4,10.15,10.25,-0.15,100
2016-06-27,1474,83000,858200,10.2,10.4,10.2,10.35,0.1,37
2016-06-28,1474,117000,1200750,10.25,10.3,10.2,10.3,-0.05,45
2016-06-29,1474,74001,768310,10.4,10.45,10.35,10.35,0.05,30
2016-06-30,1474,69004,720540,10.4,10.5,10.4,10.4,0.05,32
2016-07-01,1474,210121,2208920,10.4,10.55,10.4,10.55,0.15,71
2016-07-04,1474,699001,7375160,10.55,10.65,10.5,10.55,0.0,119
2016-07-05,1474,529020,5647428,10.65,10.75,10.6,10.75,0.2,167
2016-07-06,1474,430192,4578634,10.75,10.75,10.6,10.65,-0.1,149
2016-07-07,1474,439010,4449150,10.1,10.2,10.1,10.1,0.0,127
2016-07-11,1474,185000,1880450,10.2,10.25,10.1,10.1,0.0,53
2016-07-12,1474,152530,1554556,10.2,10.25,10.15,10.25,0.15,63
2016-07-13,1474,182000,1860000,10.25,10.25,10.15,10.2,-0.05,64
2016-07-14,1474,203000,2086650,10.2,10.3,10.2,10.3,0.1,99
2016-07-15,1474,139001,1433160,10.4,10.4,10.2,10.25,-0.05,54
2016-07-18,1474,394001,4078510,10.3,10.45,10.25,10.3,0.05,95
2016-07-19,1474,243000,2504850,10.3,10.4,10.25,10.35,0.05,61
2016-07-20,1474,193000,1983550,10.3,10.35,10.25,10.25,-0.1,81
2016-07-21,1474,300696,3124668,10.35,10.45,10.35,10.35,0.1,83
2016-07-22,1474,100001,1038710,10.4,10.4,10.35,10.35,0.0,42
2016-07-25,1474,96494,997088,10.4,10.4,10.3,10.3,-0.05,33
2016-07-26,1474,81001,837310,10.3,10.35,10.3,10.35,0.05,27
2016-07-27,1474,254011,2607161,10.35,10.35,10.2,10.25,-0.1,52
2016-07-28,1474,126002,1296170,10.2,10.3,10.2,10.3,0.05,33
2016-07-29,1474,40311,414772,10.35,10.35,10.25,10.25,-0.05,18
2016-08-01,1474,75003,770583,10.25,10.3,10.2,10.3,0.05,28
2016-08-02,1474,206500,2126896,10.3,10.35,10.25,10.35,0.05,46
2016-08-03,1474,72060,745267,10.35,10.4,10.3,10.4,0.05,34
2016-08-04,1474,84416,877034,10.4,10.4,10.35,10.4,0.0,34
2016-08-05,1474,172328,1803658,10.4,10.55,10.4,10.4,0.0,61
2016-08-08,1474,101385,1052313,10.45,10.45,10.35,10.35,-0.05,43
2016-08-09,1474,63003,649880,10.35,10.35,10.3,10.35,0.0,28
2016-08-10,1474,57003,590280,10.35,10.4,10.3,10.3,-0.05,26
2016-08-11,1474,526700,5364829,10.3,10.4,10.05,10.25,-0.05,115
2016-08-12,1474,444001,4633560,10.45,10.5,10.3,10.3,0.05,133
2016-08-15,1474,110371,1145871,10.35,10.4,10.3,10.4,0.1,56
2016-08-16,1474,27002,280670,10.4,10.45,10.35,10.35,-0.05,23
2016-08-17,1474,50974,527903,10.35,10.35,10.3,10.35,0.0,43
2016-08-18,1474,65000,672800,10.35,10.4,10.3,10.4,0.05,32
2016-08-19,1474,118973,1233271,10.45,10.45,10.3,10.3,-0.1,41
2016-08-22,1474,195146,1998686,10.3,10.3,10.2,10.25,-0.05,82
2016-08-23,1474,86009,881741,10.25,10.3,10.2,10.3,0.05,37
2016-08-24,1474,93006,960960,10.3,10.4,10.25,10.3,0.0,34
2016-08-25,1474,113003,1159130,10.25,10.35,10.2,10.3,0.0,45
2016-08-26,1474,70300,723238,10.3,10.35,10.25,10.35,0.05,33
2016-08-29,1474,73400,756976,10.35,10.35,10.25,10.35,0.0,58
2016-08-30,1474,91100,940631,10.35,10.35,10.3,10.3,-0.05,43
2016-08-31,1474,115004,1186390,10.35,10.35,10.3,10.35,0.05,44
2016-09-01,1474,235000,2448200,10.4,10.45,10.35,10.4,0.05,81
2016-09-02,1474,129003,1329980,10.4,10.4,10.25,10.25,-0.15,54
2016-09-05,1474,96010,992351,10.35,10.35,10.3,10.3,0.05,47
2016-09-06,1474,137005,1423800,10.35,10.4,10.35,10.4,0.1,61
2016-09-07,1474,174002,1807770,10.4,10.45,10.35,10.4,0.0,59
2016-09-08,1474,173002,1790270,10.4,10.4,10.3,10.35,-0.05,34
2016-09-09,1474,91304,943960,10.35,10.35,10.3,10.3,-0.05,36
2016-09-10,1474,140003,1435330,10.3,10.3,10.2,10.3,0.0,37
2016-09-12,1474,217245,2245061,10.3,10.4,10.3,10.3,0.0,72
2016-09-13,1474,411000,4237000,10.35,10.4,10.25,10.3,0.0,103
2016-09-14,1474,176338,1812597,10.3,10.35,10.25,10.3,0.0,65
2016-09-19,1474,190014,1955043,10.3,10.35,10.25,10.25,-0.05,50
2016-09-20,1474,283350,2923490,10.35,10.4,10.25,10.3,0.05,67
2016-09-21,1474,170000,1754150,10.3,10.4,10.25,10.3,0.0,70
2016-09-22,1474,61000,631050,10.3,10.35,10.3,10.3,0.0,31
2016-09-23,1474,101000,1042950,10.35,10.4,10.3,10.3,0.0,40
2016-09-26,1474,132000,1360900,10.3,10.35,10.25,10.25,-0.05,24
2016-09-29,1474,109000,1133400,10.4,10.4,10.35,10.35,0.1,35
2016-09-30,1474,145000,1490100,10.3,10.35,10.25,10.3,-0.05,30
2016-10-03,1474,79120,820385,10.35,10.4,10.35,10.35,0.05,24
2016-10-04,1474,314395,3290068,10.4,10.55,10.4,10.4,0.05,89
2016-10-05,1474,90001,940210,10.45,10.5,10.4,10.45,0.05,33
2016-10-06,1474,6725327,76642388,10.85,11.45,10.85,11.45,1.0,1306
2016-10-07,1474,6759749,78369135,11.4,11.95,11.25,11.7,0.25,1979
2016-10-11,1474,2536771,28289684,11.65,11.75,10.7,11.2,-0.5,702
2016-10-12,1474,955459,10691039,11.0,11.35,10.95,11.3,0.1,287
2016-10-13,1474,1138227,12990941,11.3,11.6,11.15,11.3,0.0,341
2016-10-14,1474,1048220,11737903,11.2,11.4,11.05,11.1,-0.2,214
2016-10-17,1474,2357875,27235713,11.35,11.8,11.3,11.5,0.4,674
2016-10-18,1474,9200992,113250042,11.65,12.65,11.6,12.65,1.15,2599
2016-10-19,1474,7661138,97758993,12.85,13.1,12.2,12.3,-0.35,2275
2016-10-20,1474,14700367,193967299,12.3,13.5,12.25,13.5,1.2,2861
2016-10-21,1474,7920122,102840226,13.0,13.2,12.7,12.95,-0.55,2430
2016-10-24,1474,2782614,35457724,13.0,13.15,12.55,12.6,-0.35,929
2016-10-25,1474,2276240,28724514,12.6,12.9,12.4,12.4,-0.2,783
2016-10-26,1474,5948773,72009256,12.5,12.75,11.7,11.85,-0.55,1838
2016-10-27,1474,1900800,22255019,11.95,11.95,11.6,11.7,-0.15,565
2016-10-28,1474,1304290,15244191,11.7,11.85,11.55,11.65,-0.05,394
2016-10-31,1474,799006,9308220,11.7,11.75,11.55,11.7,0.05,228
2016-11-01,1474,2633550,29658754,11.7,11.7,11.05,11.15,-0.55,865
2016-11-02,1474,1580334,17679139,11.0,11.4,11.0,11.0,-0.15,536
2016-11-03,1474,1153960,12480214,11.05,11.15,10.65,10.75,-0.25,409
2016-11-04,1474,607579,6548371,10.7,10.9,10.65,10.7,-0.05,206
2016-11-07,1474,756000,8074250,10.8,10.85,10.55,10.7,0.0,241
2016-11-08,1474,808461,8541336,10.7,10.75,10.45,10.55,-0.15,277
2016-11-09,1474,1589000,16273050,10.65,10.7,9.95,10.0,-0.55,520
2016-11-10,1474,668000,6859750,10.3,10.35,10.2,10.3,0.3,222
2016-11-11,1474,574000,5802400,10.15,10.2,10.0,10.2,-0.1,198
2016-11-14,1474,597000,6051450,10.1,10.25,10.1,10.1,-0.1,174
2016-11-15,1474,369013,3767932,10.2,10.3,10.1,10.2,0.1,156
2016-11-16,1474,1553192,16411475,10.3,10.7,10.3,10.5,0.3,468
2016-11-17,1474,841221,8821748,10.6,10.6,10.35,10.45,-0.05,219
2016-11-18,1474,495001,5220010,10.45,10.65,10.4,10.55,0.1,194
2016-11-21,1474,365001,3841810,10.6,10.6,10.45,10.55,0.0,104
2016-11-22,1474,1243164,13320737,10.6,10.85,10.6,10.6,0.05,355
2016-11-23,1474,684333,7220512,10.65,10.65,10.5,10.55,-0.05,157
2016-11-24,1474,321088,3364114,10.6,10.6,10.4,10.4,-0.15,131
2016-11-25,1474,1454012,15621729,10.45,11.0,10.4,10.8,0.4,446
2016-11-28,1474,2003000,22050150,10.9,11.1,10.8,11.0,0.2,663
2016-11-29,1474,596001,6515410,11.1,11.1,10.85,10.85,-0.15,200
2016-11-30,1474,439300,4788684,10.9,11.0,10.85,10.85,0.0,113
2016-12-01,1474,740001,8138611,10.85,11.1,10.85,10.95,0.1,252
2016-12-02,1474,976551,10860092,10.95,11.25,10.95,11.0,0.05,363
2016-12-05,1474,558200,6030458,11.1,11.1,10.7,10.7,-0.3,218
2016-12-06,1474,473000,5056350,10.75,10.8,10.6,10.65,-0.05,197
2016-12-07,1474,269000,2896250,10.7,10.85,10.7,10.85,0.2,86
2016-12-08,1474,396000,4283550,10.9,10.9,10.7,10.75,-0.1,150
2016-12-09,1474,164009,1764946,10.8,10.85,10.7,10.75,0.0,80
2016-12-12,1474,486000,5227400,10.85,10.95,10.65,10.65,-0.1,171
2016-12-13,1474,292000,3133800,10.65,10.8,10.65,10.75,0.1,138
2016-12-14,1474,346000,3743400,10.8,10.85,10.75,10.8,0.05,145
2016-12-15,1474,429000,4644200,10.8,10.9,10.75,10.85,0.05,148
2016-12-16,1474,3414095,38598629,10.9,11.5,10.9,11.35,0.5,1074
2016-12-19,1474,1556166,17688792,11.4,11.45,11.2,11.45,0.1,505
2016-12-20,1474,1148003,13083983,11.5,11.5,11.3,11.45,0.0,290
2016-12-21,1474,693284,7922159,11.45,11.5,11.35,11.35,-0.1,207
2016-12-22,1474,2213570,25380133,11.4,11.65,11.25,11.25,-0.1,551
2016-12-23,1474,436004,4877294,11.25,11.25,11.15,11.2,-0.05,156
2016-12-26,1474,311141,3479879,11.2,11.2,11.15,11.2,0.0,96
2016-12-27,1474,541543,6163089,11.25,11.5,11.25,11.4,0.2,210
2016-12-28,1474,532001,6043211,11.45,11.45,11.25,11.25,-0.15,143
2016-12-29,1474,338001,3791261,11.3,11.35,11.1,11.2,-0.05,125
2016-12-30,1474,263206,2960367,11.2,11.35,11.2,11.25,0.05,97
2017-01-03,1474,518007,5845578,11.25,11.4,11.15,11.4,0.15,192
2017-01-04,1474,378840,4316142,11.45,11.5,11.3,11.35,-0.05,122
2017-01-05,1474,489000,5506050,11.35,11.35,11.15,11.25,-0.1,143
2017-01-06,1474,408001,4600561,11.3,11.35,11.25,11.25,0.0,109
2017-01-09,1474,375002,4241322,11.25,11.35,11.25,11.3,0.05,101
2017-01-10,1474,543169,6196309,11.35,11.45,11.3,11.4,0.1,180
2017-01-11,1474,421060,4794233,11.3,11.45,11.3,11.4,0.0,129
2017-01-12,1474,301000,3435350,11.45,11.45,11.35,11.45,0.05,100
2017-01-13,1474,195196,2222033,11.4,11.45,11.35,11.45,0.0,81
2017-01-16,1474,666165,7485038,11.35,11.35,11.2,11.2,-0.25,144
2017-01-17,1474,172202,1934982,11.2,11.25,11.2,11.25,0.05,56
2017-01-18,1474,193002,2181022,11.3,11.35,11.25,11.35,0.1,106
2017-01-19,1474,222000,2501950,11.3,11.3,11.2,11.25,-0.1,70
2017-01-20,1474,292094,3287393,11.25,11.3,11.2,11.2,-0.05,79
2017-01-23,1474,399004,4460944,11.3,11.3,11.1,11.15,-0.05,102
2017-01-24,1474,154003,1731833,11.25,11.3,11.2,11.2,0.05,60
2017-02-02,1474,869040,9806896,11.3,11.4,11.25,11.25,0.05,183
2017-02-03,1474,606782,6925002,11.35,11.5,11.35,11.35,0.1,188
2017-02-06,1474,618080,7080069,11.4,11.5,11.4,11.5,0.15,195
2017-02-07,1474,483166,5519366,11.5,11.5,11.4,11.45,-0.05,136
2017-02-08,1474,1367181,15948072,11.5,11.8,11.5,11.6,0.15,495
2017-02-09,1474,727007,8413284,11.65,11.7,11.55,11.55,-0.05,170
2017-02-10,1474,606002,7027724,11.6,11.7,11.5,11.5,-0.05,198
2017-02-13,1474,1120399,12686787,11.5,11.5,11.25,11.25,-0.25,273
2017-02-14,1474,396315,4468108,11.25,11.35,11.2,11.25,0.0,148
2017-02-15,1474,386781,4363045,11.3,11.35,11.2,11.25,0.0,172
2017-02-16,1474,396400,4467959,11.3,11.35,11.25,11.3,0.05,101
2017-02-17,1474,433268,4945828,11.3,11.5,11.3,11.4,0.1,138
2017-02-18,1474,192000,2197300,11.4,11.5,11.4,11.45,0.05,77
2017-02-20,1474,341660,3901250,11.5,11.5,11.3,11.3,-0.15,153
2017-02-21,1474,185400,2109769,11.35,11.45,11.3,11.4,0.1,81
2017-02-22,1474,441975,5032963,11.4,11.45,11.35,11.45,0.05,140
2017-02-23,1474,370600,4252236,11.35,11.55,11.35,11.45,0.0,125
2017-02-24,1474,202004,2322794,11.45,11.55,11.45,11.45,0.0,77
2017-03-01,1474,216053,2464136,11.45,11.5,11.3,11.35,-0.1,141
2017-03-02,1474,415748,4747887,11.35,11.55,11.3,11.4,0.05,104
2017-03-03,1474,159009,1809001,11.4,11.45,11.3,11.35,-0.05,64
2017-03-06,1474,249012,2829532,11.35,11.4,11.3,11.4,0.05,91
2017-03-07,1474,190006,2162216,11.4,11.45,11.35,11.35,-0.05,78
2017-03-08,1474,299038,3397574,11.35,11.45,11.3,11.4,0.05,91
2017-03-09,1474,334006,3772366,11.4,11.4,11.25,11.3,-0.1,96
2017-03-10,1474,218169,2452541,11.3,11.3,11.2,11.3,0.0,77
2017-03-13,1474,246505,2781653,11.3,11.35,11.25,11.35,0.05,93
2017-03-14,1474,190246,2154429,11.25,11.4,11.25,11.35,0.0,85
2017-03-15,1474,787095,9053000,11.35,11.6,11.35,11.55,0.2,243
2017-03-16,1474,819501,9545434,11.6,11.75,11.55,11.65,0.1,278
2017-03-17,1474,400121,4652794,11.7,11.7,11.55,11.55,-0.1,156
2017-03-20,1474,338002,3919072,11.55,11.7,11.5,11.6,0.05,103
2017-03-21,1474,485585,5559618,11.6,11.6,11.3,11.4,-0.2,162
2017-03-22,1474,202002,2304472,11.4,11.45,11.35,11.45,0.05,73
2017-03-23,1474,194110,2223457,11.5,11.5,11.4,11.45,0.0,82
2017-03-24,1474,461494,5328853,11.5,11.6,11.45,11.5,0.05,161
2017-03-27,1474,616095,7159247,11.5,11.75,11.5,11.6,0.1,225
2017-03-28,1474,671555,7769574,11.6,11.75,11.4,11.45,-0.15,201
2017-03-29,1474,238000,2728350,11.4,11.5,11.4,11.5,0.05,55
2017-03-30,1474,174002,1997972,11.5,11.5,11.45,11.5,0.0,47
2017-03-31,1474,201000,2307000,11.5,11.55,11.45,11.45,-0.05,66
2017-04-05,1474,382300,4412548,11.45,11.6,11.45,11.55,0.1,119
2017-04-06,1474,263005,3032005,11.55,11.55,11.5,11.5,-0.05,90
2017-04-07,1474,161143,1851479,11.55,11.55,11.45,11.5,0.0,80
2017-04-10,1474,481105,5490455,11.5,11.5,11.35,11.4,-0.1,130
2017-04-11,1474,354000,4032600,11.4,11.45,11.35,11.4,0.0,129
2017-04-12,1474,558030,6312089,11.4,11.45,11.25,11.35,-0.05,147
2017-04-13,1474,811021,9181285,11.4,11.4,11.3,11.3,-0.05,160
2017-04-14,1474,872000,9715150,11.3,11.3,11.1,11.1,-0.2,196
2017-04-17,1474,186004,2083594,11.1,11.3,11.1,11.2,0.1,74
2017-04-18,1474,220000,2476000,11.2,11.35,11.2,11.35,0.15,67
2017-04-19,1474,116001,1302911,11.3,11.3,11.2,11.25,-0.1,60
2017-04-20,1474,78064,876169,11.2,11.25,11.2,11.25,0.0,44
2017-04-21,1474,167002,1877222,11.35,11.35,11.2,11.25,0.0,52
2017-04-24,1474,54000,607500,11.25,11.25,11.25,11.25,0.0,36
2017-04-25,1474,237120,2659132,11.25,11.3,11.15,11.2,-0.05,68
2017-04-26,1474,230280,2567935,11.15,11.2,11.1,11.2,0.0,62
2017-04-27,1474,86298,966501,11.25,11.25,11.15,11.15,-0.05,30
2017-04-28,1474,232002,2582322,11.2,11.2,11.05,11.15,0.0,65
2017-05-02,1474,76137,846777,11.2,11.2,11.05,11.1,-0.05,39
2017-05-03,1474,138672,1540458,11.1,11.15,11.05,11.15,0.05,56
2017-05-04,1474,122169,1353091,11.15,11.15,11.05,11.1,-0.05,45
2017-05-05,1474,286001,3222061,11.1,11.35,11.1,11.25,0.15,82
2017-05-08,1474,176000,1973450,11.15,11.3,11.15,11.2,-0.05,37
2017-05-09,1474,125001,1388861,11.1,11.15,11.05,11.05,-0.15,62
2017-05-10,1474,76698,850178,11.05,11.15,11.0,11.1,0.05,39
2017-05-11,1474,142000,1589200,11.15,11.25,11.05,11.2,0.1,64
2017-05-12,1474,64065,719277,11.3,11.3,11.2,11.25,0.05,42
2017-05-15,1474,280001,3195111,11.3,11.45,11.3,11.4,0.15,124
2017-05-16,1474,263040,2989852,11.45,11.45,11.3,11.4,0.0,80
2017-05-17,1474,231298,2630817,11.4,11.45,11.3,11.4,0.0,70
2017-05-18,1474,265000,3014300,11.3,11.45,11.3,11.4,0.0,66
2017-05-19,1474,109282,1240985,11.4,11.4,11.3,11.35,-0.05,51
2017-05-22,1474,668240,7693822,11.35,11.6,11.3,11.55,0.2,139
2017-05-23,1474,354000,4083700,11.55,11.6,11.45,11.55,0.0,89
2017-05-24,1474,105000,1206200,11.6,11.6,11.45,11.5,-0.05,40
2017-05-25,1474,156001,1787611,11.45,11.55,11.45,11.45,-0.05,62
2017-05-26,1474,70089,805927,11.5,11.55,11.45,11.55,0.1,37
2017-05-31,1474,200000,2305050,11.5,11.6,11.45,11.45,-0.1,55
2017-06-01,1474,94349,1086562,11.5,11.55,11.5,11.5,0.05,42
2017-06-02,1474,128002,1476272,11.5,11.55,11.5,11.55,0.05,47
2017-06-03,1474,107000,1233300,11.55,11.55,11.5,11.55,0.0,40
2017-06-05,1474,193248,2231752,11.55,11.6,11.5,11.55,0.0,74
2017-06-06,1474,151000,1741100,11.5,11.6,11.5,11.5,-0.05,56
2017-06-07,1474,276001,3192511,11.5,11.65,11.5,11.5,0.0,79
2017-06-08,1474,283000,3277250,11.5,11.65,11.5,11.55,0.05,97
2017-06-09,1474,164320,1897179,11.55,11.6,11.5,11.5,-0.05,59
2017-06-12,1474,164002,1883273,11.5,11.55,11.45,11.55,0.05,61
2017-06-13,1474,223402,2584393,11.55,11.6,11.5,11.6,0.05,69
2017-06-14,1474,161000,1854650,11.55,11.6,11.45,11.5,-0.1,63
2017-06-15,1474,125000,1434250,11.5,11.5,11.45,11.45,-0.05,53
2017-06-16,1474,88000,1010400,11.45,11.5,11.45,11.45,0.0,40
2017-06-19,1474,187414,2151618,11.5,11.6,11.45,11.45,0.0,57
2017-06-20,1474,117290,1341955,11.45,11.5,11.4,11.45,0.0,36
2017-06-21,1474,222000,2549350,11.45,11.55,11.45,11.5,0.05,46
2017-06-22,1474,77000,882800,11.5,11.5,11.45,11.45,-0.05,33
2017-06-23,1474,188097,2168305,11.5,11.6,11.5,11.5,0.05,61
2017-06-26,1474,145001,1668361,11.5,11.55,11.45,11.5,0.0,66
2017-06-27,1474,152662,1750163,11.45,11.5,11.45,11.5,0.0,44
2017-06-28,1474,218000,2505150,11.5,11.55,11.45,11.5,0.0,68
2017-06-29,1474,198090,2286239,11.5,11.6,11.5,11.5,0.0,66
2017-06-30,1474,197795,2283741,11.5,11.6,11.5,11.55,0.05,71
2017-07-03,1474,349000,4054700,11.65,11.65,11.55,11.65,0.1,117
2017-07-04,1474,903240,10660220,11.65,11.95,11.65,11.75,0.1,258
2017-07-05,1474,314421,3695638,11.85,11.85,11.7,11.8,0.05,89
2017-07-06,1474,1669200,20035170,11.9,12.15,11.8,12.05,0.25,411
2017-07-07,1474,812747,9748338,11.95,12.05,11.95,12.0,-0.05,231
2017-07-10,1474,514416,6180199,12.05,12.1,11.9,11.95,-0.05,150
2017-07-11,1474,547000,6529700,11.95,12.0,11.9,12.0,0.05,108
2017-07-12,1474,782892,9452554,12.05,12.15,12.05,12.05,0.05,160
2017-07-13,1474,527100,6330350,12.1,12.1,11.95,12.05,0.0,142
2017-07-14,1474,519000,6234900,12.05,12.15,11.9,12.15,0.1,149
2017-07-17,1474,554050,6745612,12.2,12.3,12.1,12.15,0.0,147
2017-07-18,1474,735750,8907324,12.2,12.2,12.05,12.15,0.0,119
2017-07-19,1474,794313,9653736,12.2,12.2,12.05,12.15,0.0,232
2017-07-20,1474,852090,9780375,11.5,11.55,11.4,11.5,0.0,190
2017-07-21,1474,265678,3025294,11.55,11.55,11.3,11.35,-0.15,100
2017-07-24,1474,393574,4483686,11.45,11.45,11.3,11.35,0.0,78
2017-07-25,1474,56676,643038,11.35,11.4,11.3,11.35,0.0,33
2017-07-26,1474,149327,1696261,11.35,11.45,11.3,11.35,0.0,59
2017-07-27,1474,168270,1909673,11.4,11.4,11.3,11.3,-0.05,42
2017-07-28,1474,152000,1720150,11.3,11.35,11.3,11.3,0.0,43
2017-07-31,1474,67400,761669,11.3,11.35,11.3,11.35,0.05,29
2017-08-01,1474,95001,1076661,11.3,11.4,11.3,11.4,0.05,32
2017-08-02,1474,146001,1658411,11.4,11.4,11.35,11.35,-0.05,45
2017-08-03,1474,130000,1474650,11.35,11.35,11.3,11.35,0.0,44
2017-08-04,1474,95001,1078261,11.35,11.35,11.35,11.35,0.0,32
2017-08-07,1474,320000,3673050,11.35,11.55,11.35,11.55,0.2,92
2017-08-08,1474,394000,4572750,11.65,11.7,11.5,11.55,0.0,83
2017-08-09,1474,307777,3516279,11.6,11.6,11.4,11.45,-0.1,70
2017-08-10,1474,229006,2592567,11.5,11.5,11.3,11.35,-0.1,79
2017-08-11,1474,778998,9026676,11.4,11.75,11.4,11.65,0.3,167
2017-08-14,1474,594132,6685028,11.4,11.4,11.05,11.1,-0.55,204
2017-08-15,1474,298426,3282243,11.15,11.15,10.95,11.0,-0.1,118
2017-08-16,1474,89000,987700,11.1,11.15,11.05,11.05,0.05,46
2017-08-17,1474,42655,476670,11.1,11.2,11.1,11.2,0.15,21
2017-08-18,1474,67695,749895,11.1,11.15,11.05,11.1,-0.1,24
2017-08-21,1474,396000,4328050,11.1,11.1,10.9,11.0,-0.1,94
2017-08-22,1474,216102,2359866,10.95,11.0,10.9,10.9,-0.1,83
2017-08-23,1474,85000,937000,11.0,11.15,10.95,11.0,0.1,40
2017-08-24,1474,75664,832554,11.0,11.05,11.0,11.0,0.0,32
2017-08-25,1474,157881,1764129,11.15,11.25,11.15,11.15,0.15,68
2017-08-28,1474,85000,954050,11.2,11.25,11.2,11.2,0.05,32
2017-08-29,1474,94000,1051550,11.2,11.25,11.15,11.2,0.0,27
2017-08-30,1474,101200,1136060,11.35,11.35,11.2,11.2,0.0,39
2017-08-31,1474,116000,1302300,11.35,11.35,11.2,11.25,0.05,36
2017-09-01,1474,98167,1115795,11.35,11.45,11.3,11.35,0.1,51
2017-09-04,1474,391000,4442850,11.35,11.45,11.35,11.35,0.0,43
2017-09-05,1474,134772,1534022,11.4,11.4,11.35,11.4,0.05,56
2017-09-06,1474,147000,1668400,11.45,11.45,11.3,11.3,-0.1,53
2017-09-07,1474,206002,2343323,11.3,11.5,11.3,11.4,0.1,61
2017-09-08,1474,196000,2252700,11.5,11.55,11.45,11.45,0.05,59
2017-09-11,1474,227138,2611572,11.5,11.55,11.45,11.5,0.05,101
2017-09-12,1474,127000,1463450,11.55,11.6,11.5,11.55,0.05,60
2017-09-13,1474,125000,1442900,11.55,11.6,11.45,11.6,0.05,68
2017-09-14,1474,385232,4473979,11.6,11.7,11.6,11.6,0.0,132
2017-09-15,1474,272000,3155700,11.7,11.7,11.55,11.55,-0.05,79
2017-09-18,1474,194274,2251501,11.55,11.65,11.55,11.55,0.0,62
2017-09-19,1474,221197,2550345,11.6,11.6,11.45,11.45,-0.1,63
2017-09-20,1474,132380,1514732,11.5,11.5,11.4,11.45,0.0,35
2017-09-21,1474,129055,1480326,11.4,11.55,11.4,11.4,-0.05,43
2017-09-22,1474,313990,3554087,11.45,11.45,11.25,11.35,-0.05,68
2017-09-25,1474,237001,2704461,11.5,11.5,11.35,11.45,0.1,92
2017-09-26,1474,1462000,17276900,11.5,12.2,11.5,11.5,0.05,561
2017-09-27,1474,302000,3486950,11.45,11.65,11.45,11.6,0.1,131
2017-09-28,1474,181000,2085500,11.6,11.65,11.45,11.55,-0.05,72
2017-09-29,1474,159002,1814422,11.5,11.5,11.3,11.45,-0.1,70
2017-09-30,1474,144070,1667505,11.55,11.65,11.5,11.6,0.15,54
2017-10-02,1474,281000,3263250,11.65,11.7,11.55,11.6,0.0,95
2017-10-03,1474,67091,778246,11.6,11.65,11.55,11.6,0.0,30
2017-10-05,1474,2515120,29526442,11.6,11.9,11.45,11.7,0.1,375
2017-10-06,1474,503004,5934547,11.8,11.85,11.7,11.85,0.15,190
2017-10-11,1474,630528,7456275,11.8,11.9,11.7,11.8,-0.05,142
2017-10-12,1474,448650,5312386,11.9,11.95,11.75,11.75,-0.05,143
2017-10-13,1474,615069,7174993,11.8,11.85,11.6,11.6,-0.15,144
2017-10-16,1474,244365,2848083,11.6,11.75,11.6,11.7,0.1,78
2017-10-17,1474,233000,2705650,11.75,11.75,11.55,11.6,-0.1,73
2017-10-18,1474,1136094,13424259,11.7,11.95,11.7,11.75,0.15,312
2017-10-19,1474,356517,4162196,11.8,11.8,11.6,11.65,-0.1,101
2017-10-20,1474,207094,2398030,11.65,11.65,11.55,11.55,-0.1,73
2017-10-23,1474,207919,2431860,11.6,11.75,11.6,11.65,0.1,62
2017-10-24,1474,295000,3408150,11.6,11.65,11.5,11.65,0.0,57
2017-10-25,1474,228000,2652550,11.75,11.75,11.6,11.65,0.0,57
2017-10-26,1474,135744,1579106,11.6,11.65,11.6,11.6,-0.05,40
2017-10-27,1474,179001,2080711,11.75,11.75,11.6,11.6,0.0,49
2017-10-30,1474,238847,2782524,11.6,11.7,11.6,11.65,0.05,70
2017-10-31,1474,249136,2918811,11.7,11.8,11.65,11.75,0.1,69
2017-11-01,1474,264005,3085207,11.8,11.8,11.65,11.65,-0.1,63
2017-11-02,1474,127880,1486588,11.65,11.7,11.6,11.6,-0.05,33
2017-11-03,1474,155919,1817005,11.6,11.7,11.6,11.65,0.05,31
2017-11-06,1474,294221,3414824,11.65,11.65,11.6,11.65,0.0,53
2017-11-07,1474,44000,512400,11.65,11.7,11.6,11.6,-0.05,18
2017-11-08,1474,139000,1612800,11.6,11.65,11.6,11.6,0.0,29
2017-11-09,1474,367400,4264950,11.65,11.7,11.55,11.6,0.0,91
2017-11-10,1474,241402,2792072,11.6,11.6,11.5,11.6,0.0,50
2017-11-13,1474,2679200,30100429,11.5,11.5,11.0,11.05,-0.55,436
2017-11-14,1474,272000,3035300,11.0,11.3,11.0,11.15,0.1,100
2017-11-15,1474,123840,1385274,11.1,11.2,11.1,11.2,0.05,50
2017-11-16,1474,161000,1807250,11.2,11.25,11.15,11.2,0.0,35
2017-11-17,1474,365560,4076471,11.15,11.2,11.1,11.2,0.0,95
2017-11-20,1474,226000,2521150,11.2,11.2,11.15,11.15,-0.05,54
2017-11-21,1474,425001,4766411,11.15,11.3,11.15,11.15,0.0,55
2017-11-22,1474,144293,1614081,11.2,11.2,11.15,11.2,0.05,41
2017-11-23,1474,208000,2322400,11.2,11.25,11.15,11.25,0.05,33
2017-11-24,1474,243000,2712100,11.15,11.2,11.15,11.15,-0.1,45
2017-11-27,1474,397200,4402209,11.15,11.15,11.05,11.05,-0.1,77
2017-11-28,1474,446000,4924050,11.1,11.2,10.9,11.0,-0.05,93
2017-11-29,1474,242000,2666100,11.0,11.1,11.0,11.05,0.05,62
2017-11-30,1474,252001,2803561,11.1,11.15,11.05,11.05,0.0,50
2017-12-01,1474,193000,2119350,11.05,11.05,10.95,10.95,-0.1,48
2017-12-04,1474,148600,1638140,11.0,11.1,10.95,11.0,0.05,52
2017-12-05,1474,187000,2077400,11.1,11.15,11.05,11.1,0.1,55
2017-12-06,1474,139000,1548500,11.05,11.2,11.05,11.1,0.0,57
2017-12-07,1474,112000,1245650,11.2,11.2,11.1,11.1,0.0,30
2017-12-08,1474,156601,1731510,11.05,11.1,11.05,11.1,0.0,48
2017-12-11,1474,175000,1958800,11.2,11.25,11.15,11.15,0.05,49
2017-12-12,1474,149416,1669617,11.2,11.25,11.15,11.2,0.05,57
2017-12-13,1474,235002,2617072,11.2,11.2,11.1,11.2,0.0,77
2017-12-14,1474,119000,1329850,11.2,11.2,11.15,11.15,-0.05,32
2017-12-15,1474,2772001,31478961,11.2,11.5,11.15,11.2,0.05,372
2017-12-18,1474,337800,3831109,11.2,11.45,11.2,11.25,0.05,116
2017-12-19,1474,222000,2502050,11.35,11.35,11.25,11.3,0.05,43
2017-12-20,1474,146000,1643300,11.3,11.3,11.25,11.25,-0.05,38
2017-12-21,1474,153000,1721950,11.3,11.3,11.25,11.25,0.0,47
2017-12-22,1474,330509,3736929,11.25,11.35,11.25,11.3,0.05,76
2017-12-25,1474,230014,2597171,11.3,11.3,11.25,11.3,0.0,52
2017-12-26,1474,286539,3237536,11.3,11.35,11.25,11.25,-0.05,60
2017-12-27,1474,337667,3816152,11.3,11.35,11.25,11.3,0.05,80
2017-12-28,1474,429242,4860434,11.35,11.4,11.3,11.3,0.0,83
2017-12-29,1474,302001,3427011,11.35,11.4,11.3,11.4,0.1,96
2018-01-02,1474,116000,1318100,11.4,11.4,11.3,11.35,-0.05,47
2018-01-03,1474,148500,1692650,11.35,11.45,11.35,11.4,0.05,54
2018-01-04,1474,131122,1494128,11.4,11.45,11.35,11.4,0.0,49
2018-01-05,1474,352000,4020850,11.4,11.5,11.35,11.45,0.05,68
2018-01-08,1474,208100,2387195,11.45,11.55,11.4,11.45,0.0,87
2018-01-09,1474,251100,2883260,11.5,11.55,11.4,11.5,0.05,91
2018-01-10,1474,475833,5543684,11.55,11.75,11.55,11.6,0.1,129
2018-01-11,1474,298100,3459899,11.6,11.65,11.55,11.55,-0.05,99
2018-01-12,1474,179100,2073969,11.55,11.65,11.55,11.65,0.1,61
2018-01-15,1474,110441,1285846,11.7,11.7,11.6,11.65,0.0,46
2018-01-16,1474,83493,968991,11.65,11.65,11.55,11.65,0.0,36
2018-01-17,1474,147002,1705922,11.6,11.65,11.55,11.6,-0.05,57
2018-01-18,1474,106001,1230761,11.65,11.7,11.6,11.65,0.05,45
2018-01-19,1474,108836,1261663,11.65,11.65,11.55,11.6,-0.05,34
2018-01-22,1474,201691,2317495,11.6,11.6,11.45,11.55,-0.05,65
2018-01-23,1474,162315,1861690,11.55,11.55,11.45,11.45,-0.1,35
2018-01-24,1474,141386,1612949,11.45,11.45,11.35,11.45,0.0,51
2018-01-25,1474,75001,862411,11.5,11.55,11.45,11.5,0.05,27
2018-01-26,1474,145120,1665774,11.55,11.55,11.4,11.45,-0.05,34
2018-01-29,1474,396649,4600375,11.45,11.65,11.45,11.6,0.15,102
2018-01-30,1474,87001,1002261,11.6,11.6,11.5,11.6,0.0,42
2018-01-31,1474,209000,2379950,11.55,11.55,11.25,11.45,-0.15,55
2018-02-01,1474,31080,357161,11.5,11.55,11.45,11.5,0.05,15
2018-02-02,1474,96001,1102511,11.5,11.55,11.45,11.5,0.0,35
2018-02-05,1474,228114,2581635,11.4,11.4,11.3,11.35,-0.15,60
2018-02-06,1474,565000,6214400,11.2,11.3,10.8,10.9,-0.45,160
2018-02-07,1474,149002,1649722,10.9,11.15,10.9,11.0,0.1,50
2018-02-08,1474,239000,2631700,11.1,11.1,10.95,10.95,-0.05,51
2018-02-09,1474,118816,1302293,10.9,11.1,10.8,11.0,0.05,40
2018-02-12,1474,224000,2502700,11.1,11.25,11.1,11.15,0.15,124
2018-02-21,1474,94002,1057822,11.2,11.3,11.15,11.3,0.15,33
2018-02-22,1474,25000,282050,11.25,11.3,11.25,11.25,-0.05,14
2018-02-23,1474,203023,2294457,11.2,11.35,11.2,11.3,0.05,60
2018-02-26,1474,109147,1239495,11.4,11.4,11.3,11.35,0.05,36
2018-02-27,1474,2213000,25954450,11.35,11.95,11.35,11.55,0.2,341
2018-03-01,1474,151003,1729036,11.3,11.55,11.3,11.5,-0.05,50
2018-03-02,1474,250002,2892523,11.4,11.7,11.4,11.5,0.0,64
2018-03-05,1474,139000,1595550,11.55,11.55,11.35,11.5,0.0,47
2018-03-06,1474,58057,668155,11.5,11.55,11.45,11.55,0.05,26
2018-03-07,1474,68003,782783,11.5,11.55,11.45,11.5,-0.05,20
2018-03-08,1474,60733,699029,11.6,11.6,11.5,11.55,0.05,21
2018-03-09,1474,117002,1351572,11.55,11.6,11.5,11.55,0.0,51
2018-03-12,1474,257561,2954128,11.5,11.6,11.4,11.45,-0.1,111
2018-03-13,1474,139000,1606350,11.6,11.6,11.5,11.5,0.05,64
2018-03-14,1474,137250,1581236,11.45,11.6,11.45,11.55,0.05,50
2018-03-15,1474,148867,1722019,11.55,11.6,11.55,11.55,0.0,40
2018-03-16,1474,100000,1160550,11.55,11.65,11.55,11.6,0.05,29
2018-03-19,1474,149000,1727450,11.6,11.6,11.55,11.6,0.0,56
2018-03-20,1474,136200,1568180,11.55,11.55,11.5,11.5,-0.1,38
2018-03-21,1474,315179,3648775,11.5,11.65,11.5,11.65,0.15,73
2018-03-22,1474,308000,3567850,11.6,11.65,11.5,11.5,-0.15,60
2018-03-23,1474,326300,3720880,11.4,11.5,11.3,11.5,0.0,81
2018-03-26,1474,326435,3785363,11.55,11.8,11.45,11.55,0.05,112
2018-03-27,1474,851520,10004382,11.65,11.85,11.6,11.8,0.25,199
2018-03-28,1474,414026,4847100,11.8,11.8,11.65,11.7,-0.1,90
2018-03-29,1474,580002,6807172,11.85,11.9,11.65,11.8,0.1,115
2018-03-30,1474,278002,3273472,11.85,11.85,11.7,11.75,-0.05,65
2018-03-31,1474,335508,3943945,11.75,11.85,11.7,11.8,0.05,69
2018-04-02,1474,119015,1402416,11.85,11.85,11.7,11.85,0.05,58
2018-04-03,1474,158867,1871723,11.75,11.85,11.75,11.85,0.0,64
2018-04-09,1474,195824,2321209,11.85,11.9,11.8,11.9,0.05,135
2018-04-10,1474,737371,8781214,11.9,12.05,11.7,11.8,-0.1,412
2018-04-11,1474,230720,2737790,11.85,11.9,11.8,11.9,0.1,240
2018-04-12,1474,314145,3720481,11.9,11.9,11.8,11.8,-0.1,218
2018-04-13,1474,2011750,24135533,11.8,12.2,11.8,12.0,0.2,348
2018-04-16,1474,392313,4708113,12.05,12.1,11.95,12.0,0.0,246
2018-04-17,1474,694000,8284550,11.95,12.0,11.9,11.9,-0.1,115
2018-04-18,1474,846677,10022034,12.0,12.0,11.65,11.75,-0.15,200
2018-04-19,1474,230102,2708308,11.75,11.85,11.75,11.75,0.0,129
2018-04-20,1474,121296,1425499,11.75,11.8,11.75,11.8,0.05,81
2018-04-23,1474,87167,1030322,11.9,11.9,11.8,11.8,0.0,182
2018-04-24,1474,194270,2281294,11.8,11.85,11.7,11.7,-0.1,139
2018-04-25,1474,117197,1376855,11.7,11.85,11.65,11.85,0.15,133
2018-04-26,1474,103023,1208492,11.85,11.85,11.7,11.75,-0.1,61
2018-04-27,1474,85213,999734,11.75,11.75,11.7,11.7,-0.05,52
2018-04-30,1474,51932,612188,11.85,11.85,11.75,11.75,0.05,52
2018-05-02,1474,51003,599383,11.75,11.8,11.7,11.75,0.0,26
2018-05-03,1474,24909,292867,11.8,11.8,11.75,11.75,0.0,15
2018-05-04,1474,37004,434394,11.75,11.75,11.7,11.7,-0.05,31
2018-05-07,1474,61067,716383,11.7,11.8,11.7,11.75,0.05,28
2018-05-08,1474,23001,270861,11.8,11.8,11.75,11.75,0.0,15
2018-05-09,1474,45000,528500,11.7,11.75,11.7,11.75,0.0,21
2018-05-10,1474,106067,1255498,11.75,11.9,11.75,11.75,0.0,48
2018-05-11,1474,94000,1109150,11.8,11.85,11.75,11.75,0.0,49
2018-05-14,1474,2426184,28596052,11.8,11.85,11.7,11.7,-0.05,120
2018-05-15,1474,1979005,23591310,12.05,12.25,11.75,11.8,0.1,419
2018-05-16,1474,729338,8813723,11.95,12.2,11.9,12.2,0.4,238
2018-05-17,1474,929305,11228160,12.2,12.25,11.95,12.05,-0.15,237
2018-05-18,1474,406001,4906312,12.05,12.15,12.05,12.05,0.0,93
2018-05-21,1474,558001,6674161,12.05,12.1,11.9,11.95,-0.1,123
2018-05-22,1474,253201,3028631,12.0,12.0,11.9,11.9,-0.05,89
2018-05-23,1474,235096,2795836,11.9,12.0,11.85,11.9,0.0,80
2018-05-24,1474,123401,1478917,11.95,12.0,11.95,12.0,0.1,55
2018-05-25,1474,198003,2376085,12.0,12.05,11.95,12.0,0.0,53
2018-05-28,1474,1071049,13019642,12.05,12.2,12.0,12.2,0.2,263
2018-05-29,1474,1274000,15710200,12.25,12.45,12.2,12.35,0.15,316
2018-05-30,1474,748625,9242259,12.35,12.45,12.25,12.4,0.05,167
2018-05-31,1474,932272,11558193,12.45,12.45,12.35,12.4,0.0,171
2018-06-01,1474,554186,6852387,12.4,12.45,12.3,12.35,-0.05,167
2018-06-04,1474,843100,10364709,12.4,12.4,12.2,12.2,-0.15,194
2018-06-05,1474,221099,2700552,12.25,12.3,12.15,12.15,-0.05,81
2018-06-06,1474,390160,4753202,12.15,12.25,12.15,12.2,0.05,123
2018-06-07,1474,429000,5246900,12.3,12.35,12.15,12.2,0.0,108
2018-06-08,1474,240582,2933792,12.2,12.25,12.15,12.2,0.0,72
2018-06-11,1474,311186,3827968,12.3,12.35,12.25,12.25,0.05,124
2018-06-12,1474,395010,4827221,12.25,12.3,12.15,12.2,-0.05,122
2018-06-13,1474,216277,2649043,12.3,12.3,12.2,12.25,0.05,115
2018-06-14,1474,490347,6047483,12.3,12.4,12.25,12.25,0.0,165
2018-06-15,1474,125098,1536860,12.3,12.35,12.25,12.3,0.05,67
2018-06-19,1474,294158,3602776,12.25,12.35,12.2,12.25,-0.05,111
2018-06-20,1474,262617,3199114,12.2,12.25,12.1,12.2,-0.05,97
2018-06-21,1474,110621,1352063,12.2,12.3,12.15,12.2,0.0,47
2018-06-22,1474,132000,1610450,12.2,12.25,12.15,12.2,0.0,36
2018-06-25,1474,153001,1857312,12.25,12.25,12.1,12.15,-0.05,50
2018-06-26,1474,449031,5389724,12.1,12.1,11.95,12.0,-0.15,103
2018-06-27,1474,101000,1220000,12.1,12.15,12.0,12.1,0.1,44
2018-06-28,1474,75120,904078,12.1,12.1,11.95,12.0,-0.1,54
2018-06-29,1474,85453,1026438,12.0,12.05,12.0,12.0,0.0,41
2018-07-02,1474,152100,1810555,12.0,12.05,11.8,11.95,-0.05,67
2018-07-03,1474,207448,2482370,11.95,12.05,11.9,12.0,0.05,69
2018-07-04,1474,65001,779212,11.95,12.0,11.95,12.0,0.0,27
2018-07-05,1474,215288,2566597,11.95,11.95,11.9,11.9,-0.1,67
2018-07-06,1474,243287,2873715,11.9,11.9,11.75,11.8,-0.1,92
2018-07-09,1474,116820,1391355,11.8,12.0,11.8,12.0,0.2,47
2018-07-10,1474,52819,633018,12.05,12.05,11.95,11.95,-0.05,30
2018-07-11,1474,1095046,13654970,12.15,12.75,12.15,12.5,0.55,474
2018-07-12,1474,724240,9045662,12.45,12.6,12.4,12.5,0.0,215
2018-07-13,1474,541229,6772422,12.5,12.6,12.45,12.55,0.05,150
2018-07-16,1474,500324,6266399,12.55,12.65,12.45,12.55,0.0,159
2018-07-17,1474,276501,3463410,12.55,12.6,12.45,12.55,0.0,97
2018-07-18,1474,427250,5345975,12.55,12.6,12.5,12.5,-0.05,89
2018-07-19,1474,220201,2756962,12.5,12.55,12.45,12.55,0.05,69
2018-07-20,1474,290601,3622202,12.55,12.55,12.45,12.45,-0.1,79
2018-07-23,1474,168000,2096150,12.45,12.6,12.4,12.4,-0.05,67
2018-07-24,1474,111887,1388637,12.5,12.5,12.35,12.45,0.05,58
2018-07-25,1474,114005,1414161,12.45,12.45,12.35,12.45,0.0,57
2018-07-26,1474,259640,3222185,12.4,12.45,12.4,12.45,0.0,77
2018-07-27,1474,522515,6511786,12.45,12.5,12.4,12.5,0.05,190
2018-07-30,1474,331500,3966975,11.95,12.05,11.9,11.95,0.0,111
2018-07-31,1474,74000,883600,12.0,12.0,11.9,11.9,-0.05,32
2018-08-01,1474,215001,2567311,11.95,12.0,11.9,11.95,0.05,65
2018-08-02,1474,160001,1900361,11.9,11.95,11.85,11.85,-0.1,65
2018-08-03,1474,108000,1280250,11.85,11.9,11.8,11.8,-0.05,46
2018-08-06,1474,277001,3255261,11.8,11.85,11.7,11.85,0.05,54
2018-08-07,1474,157075,1870086,11.85,11.95,11.85,11.9,0.05,58
2018-08-08,1474,425121,5086783,11.9,12.05,11.9,11.9,0.0,104
2018-08-09,1474,262000,3123050,11.9,11.95,11.9,11.9,0.0,52
2018-08-10,1474,631002,7522972,11.95,12.0,11.9,11.9,0.0,94
2018-08-13,1474,474000,5547300,11.8,11.8,11.65,11.7,-0.2,163
2018-08-14,1474,792000,9060150,11.65,11.7,11.25,11.4,-0.3,233
2018-08-15,1474,346299,3883113,11.3,11.3,11.15,11.2,-0.2,127
2018-08-16,1474,97642,1090575,11.2,11.2,11.15,11.2,0.0,49
2018-08-17,1474,120043,1350585,11.2,11.3,11.2,11.25,0.05,55
2018-08-20,1474,122600,1391939,11.25,11.4,11.25,11.3,0.05,46
2018-08-21,1474,81700,926330,11.35,11.4,11.3,11.3,0.0,58
2018-08-22,1474,89020,1015228,11.35,11.5,11.35,11.35,0.05,36
2018-08-23,1474,42625,485862,11.4,11.4,11.4,11.4,0.05,18
2018-08-24,1474,116001,1323961,11.4,11.45,11.4,11.45,0.05,36
2018-08-27,1474,150001,1709961,11.45,11.45,11.35,11.35,-0.1,46
2018-08-28,1474,136199,1550578,11.4,11.45,11.35,11.35,0.0,40
2018-08-29,1474,99000,1124500,11.35,11.4,11.35,11.4,0.05,31
2018-08-30,1474,76001,863461,11.4,11.4,11.35,11.35,-0.05,34
2018-08-31,1474,32000,363550,11.35,11.4,11.35,11.4,0.05,12
2018-09-03,1474,99379,1126900,11.4,11.4,11.3,11.35,-0.05,47
2018-09-04,1474,107200,1209130,11.35,11.35,11.2,11.3,-0.05,48
2018-09-05,1474,154058,1734122,11.25,11.3,11.2,11.3,0.0,53
2018-09-06,1474,233001,2601911,11.3,11.3,11.1,11.2,-0.1,75
2018-09-07,1474,41000,455500,11.15,11.15,11.05,11.1,-0.1,25
2018-09-10,1474,150496,1650655,11.1,11.1,10.9,11.0,-0.1,72
2018-09-11,1474,57298,631528,11.0,11.1,10.95,11.1,0.1,34
2018-09-12,1474,91192,1010070,11.1,11.15,11.05,11.05,-0.05,50
2018-09-13,1474,60003,665833,11.05,11.15,11.05,11.1,0.05,36
2018-09-14,1474,35400,397139,11.2,11.25,11.2,11.25,0.15,20
2018-09-17,1474,125000,1389250,11.25,11.25,11.1,11.2,-0.05,45
2018-09-18,1474,113729,1263469,11.2,11.2,11.1,11.1,-0.1,41
2018-09-19,1474,124000,1379100,11.15,11.2,11.1,11.1,0.0,44
2018-09-20,1474,58001,643861,11.15,11.15,11.05,11.1,0.0,19
2018-09-21,1474,127000,1405550,11.1,11.15,11.05,11.15,0.05,40
2018-09-25,1474,230099,2541628,11.1,11.1,11.0,11.05,-0.1,55
2018-09-26,1474,41000,453850,11.05,11.1,11.05,11.1,0.05,21
2018-09-27,1474,48500,537750,11.1,11.1,11.05,11.1,0.0,22
2018-09-28,1474,324575,3574875,11.1,11.1,11.0,11.1,0.0,94
2018-10-01,1474,50000,556650,11.2,11.2,11.05,11.1,0.0,14
2018-10-02,1474,45000,500050,11.15,11.15,11.1,11.1,0.0,16
2018-10-03,1474,89177,989723,11.1,11.15,11.05,11.15,0.05,31
2018-10-04,1474,114413,1270593,11.1,11.15,11.05,11.05,-0.1,43
2018-10-05,1474,392001,4331411,11.1,11.15,10.95,11.0,-0.05,101
2018-10-08,1474,171011,1879721,10.95,11.05,10.95,10.95,-0.05,52
2018-10-09,1474,164002,1811072,11.0,11.1,11.0,11.05,0.1,47
2018-10-11,1474,703001,7529410,10.9,10.9,10.55,10.65,-0.4,181
2018-10-12,1474,147200,1567539,10.6,10.8,10.55,10.7,0.05,91
2018-10-15,1474,133006,1425162,10.7,10.8,10.65,10.7,0.0,58
2018-10-16,1474,45015,482509,10.75,10.75,10.7,10.7,0.0,19
2018-10-17,1474,290001,3140460,10.8,10.9,10.8,10.85,0.15,76
2018-10-18,1474,134000,1442550,10.75,10.85,10.7,10.8,-0.05,40
2018-10-19,1474,75000,802300,10.8,10.8,10.6,10.7,-0.1,32
2018-10-22,1474,91009,981347,10.8,10.85,10.75,10.8,0.1,28
2018-10-23,1474,271001,2900160,10.75,10.75,10.7,10.7,-0.1,29
2018-10-24,1474,49300,525725,10.7,10.7,10.65,10.65,-0.05,19
2018-10-25,1474,122250,1284675,10.55,10.6,10.4,10.5,-0.15,52
2018-10-26,1474,152103,1595220,10.5,10.65,10.4,10.45,-0.05,49
2018-10-29,1474,80010,836653,10.45,10.5,10.45,10.45,0.0,35
2018-10-30,1474,407382,4257172,10.5,10.5,10.4,10.45,0.0,61
2018-10-31,1474,71158,751189,10.5,10.6,10.5,10.6,0.15,41
2018-11-01,1474,42000,442600,10.5,10.6,10.5,10.6,0.0,23
2018-11-02,1474,57000,605150,10.6,10.65,10.6,10.6,0.0,28
2018-11-05,1474,89040,942270,10.65,10.65,10.55,10.55,-0.05,26
2018-11-06,1474,58001,611010,10.6,10.6,10.5,10.55,0.0,25
2018-11-07,1474,69102,732090,10.6,10.65,10.55,10.6,0.05,35
2018-11-08,1474,40470,430052,10.6,10.7,10.55,10.65,0.05,23
2018-11-09,1474,78261,828105,10.65,10.65,10.5,10.65,0.0,31
2018-11-12,1474,58001,620460,10.7,10.7,10.6,10.7,0.05,35
2018-11-13,1474,53002,565820,10.6,10.7,10.6,10.65,-0.05,42
2018-11-14,1474,203001,2143210,10.5,10.65,10.5,10.55,-0.1,68
2018-11-15,1474,46001,485110,10.5,10.6,10.5,10.55,0.0,17
2018-11-16,1474,98001,1033260,10.5,10.6,10.5,10.6,0.05,33
2018-11-19,1474,31000,327550,10.6,10.6,10.55,10.55,-0.05,14
2018-11-20,1474,32037,338489,10.55,10.6,10.55,10.55,0.0,14
2018-11-21,1474,10001,105561,10.55,10.6,10.55,10.6,0.05,5
2018-11-22,1474,52000,549700,10.6,10.6,10.55,10.55,-0.05,16
2018-11-23,1474,50747,534840,10.5,10.6,10.5,10.6,0.05,23
2018-11-26,1474,34120,362410,10.6,10.65,10.6,10.6,0.0,19
2018-11-27,1474,60001,633160,10.6,10.6,10.5,10.5,-0.1,26
2018-11-28,1474,17168,181197,10.55,10.6,10.55,10.6,0.1,16
2018-11-29,1474,56680,600689,10.6,10.65,10.55,10.6,0.0,20
2018-11-30,1474,30000,317750,10.55,10.6,10.55,10.6,0.0,9
2018-12-03,1474,74001,786360,10.65,10.65,10.6,10.6,0.0,27
2018-12-04,1474,89001,944910,10.6,10.7,10.55,10.65,0.05,26
2018-12-05,1474,71001,749610,10.6,10.6,10.55,10.55,-0.1,25
2018-12-06,1474,93001,979810,10.55,10.65,10.5,10.5,-0.05,42
2018-12-07,1474,19001,200210,10.55,10.55,10.5,10.5,0.0,9
2018-12-10,1474,79001,837310,10.6,10.6,10.55,10.55,0.05,25
2018-12-11,1474,26000,276000,10.6,10.65,10.6,10.65,0.1,22
2018-12-12,1474,80000,853350,10.65,10.7,10.6,10.65,0.0,51
2018-12-13,1474,65005,691151,10.6,10.7,10.6,10.6,-0.05,44
2018-12-14,1474,22000,234050,10.65,10.65,10.6,10.6,0.0,8
2018-12-17,1474,18307,194079,10.6,10.6,10.6,10.6,0.0,16
2018-12-18,1474,57002,601870,10.55,10.6,10.55,10.55,-0.05,25
2018-12-19,1474,47003,496830,10.55,10.6,10.55,10.55,0.0,24
2018-12-20,1474,68005,716801,10.6,10.6,10.5,10.6,0.05,26
2018-12-21,1474,33004,348841,10.6,10.6,10.55,10.6,0.0,11
2018-12-22,1474,59508,625333,10.55,10.6,10.5,10.6,0.0,20
2018-12-24,1474,44221,466919,10.55,10.6,10.5,10.6,0.0,13
2018-12-25,1474,43021,452220,10.5,10.55,10.5,10.5,-0.1,26
2018-12-26,1474,26001,274310,10.55,10.6,10.5,10.55,0.05,13
2018-12-27,1474,40000,423150,10.6,10.6,10.55,10.55,0.0,18
2018-12-28,1474,37000,389050,10.55,10.55,10.5,10.55,0.0,14
2019-01-02,1474,33002,347070,10.6,10.6,10.5,10.5,-0.05,16
2019-01-03,1474,64000,672550,10.5,10.55,10.5,10.55,0.05,13
2019-01-04,1474,51008,535130,10.5,10.55,10.45,10.5,-0.05,28
2019-01-07,1474,27015,283950,10.5,10.55,10.5,10.55,0.05,28
2019-01-08,1474,43000,451800,10.5,10.55,10.45,10.55,0.0,21
2019-01-09,1474,31000,327050,10.55,10.55,10.55,10.55,0.0,18
2019-01-10,1474,21006,221462,10.55,10.55,10.5,10.5,-0.05,16
2019-01-11,1474,52000,547800,10.55,10.6,10.5,10.6,0.1,22
2019-01-14,1474,48009,504040,10.5,10.55,10.45,10.5,-0.1,26
2019-01-15,1474,49007,514320,10.5,10.55,10.45,10.45,-0.05,29
2019-01-16,1474,35501,372859,10.55,10.55,10.45,10.45,0.0,27
2019-01-17,1474,39005,408000,10.45,10.5,10.45,10.45,0.0,18
2019-01-18,1474,147094,1538386,10.5,10.5,10.45,10.5,0.05,40
2019-01-21,1474,213047,2228170,10.5,10.5,10.45,10.45,-0.05,92
2019-01-22,1474,32003,335030,10.45,10.5,10.45,10.45,0.0,18
2019-01-23,1474,64001,668810,10.45,10.45,10.45,10.45,0.0,20
2019-01-24,1474,75002,782570,10.5,10.5,10.4,10.45,0.0,25
2019-01-25,1474,38002,397370,10.45,10.5,10.45,10.5,0.05,19
2019-01-28,1474,91017,948675,10.5,10.5,10.4,10.45,-0.05,29
2019-01-29,1474,130008,1353580,10.4,10.45,10.4,10.45,0.0,31
2019-01-30,1474,20102,210475,10.45,10.5,10.45,10.5,0.05,15
2019-02-11,1474,41311,432228,10.5,10.5,10.4,10.45,-0.05,32
2019-02-12,1474,36102,377830,10.45,10.5,10.45,10.5,0.05,12
2019-02-13,1474,36003,377830,10.55,10.55,10.45,10.5,0.0,22
2019-02-14,1474,52001,545060,10.5,10.55,10.45,10.5,0.0,21
2019-02-15,1474,68006,723260,10.6,10.7,10.6,10.65,0.15,31
2019-02-18,1474,81007,860771,10.7,10.7,10.55,10.55,-0.1,35
2019-02-19,1474,26147,275714,10.55,10.55,10.5,10.55,0.0,16
2019-02-20,1474,61001,646160,10.65,10.65,10.55,10.55,0.0,28
2019-02-21,1474,67009,708342,10.6,10.6,10.5,10.55,0.0,31
2019-02-22,1474,248027,2662634,10.6,10.9,10.6,10.75,0.2,101
2019-02-25,1474,31039,334140,10.75,10.8,10.7,10.8,0.05,65
2019-02-26,1474,53162,570497,10.7,10.75,10.7,10.75,-0.05,47
2019-02-27,1474,86001,919460,10.75,10.75,10.65,10.7,-0.05,43
2019-03-04,1474,103044,1095807,10.7,10.7,10.6,10.7,0.0,57
2019-03-05,1474,31200,331240,10.7,10.7,10.6,10.7,0.0,27
2019-03-06,1474,37020,395020,10.7,10.75,10.65,10.7,0.0,34
2019-03-07,1474,26005,277355,10.65,10.7,10.6,10.6,-0.1,15
2019-03-08,1474,21000,222450,10.55,10.65,10.55,10.65,0.05,9
2019-03-11,1474,44008,467738,10.65,10.65,10.6,10.6,-0.05,19
2019-03-12,1474,139000,1496600,10.6,10.85,10.6,10.75,0.15,49
2019-03-13,1474,90000,962800,10.8,10.8,10.65,10.75,0.0,27
2019-03-14,1474,116006,1249116,10.75,10.8,10.7,10.8,0.05,62
2019-03-15,1474,58007,625428,10.8,10.8,10.75,10.75,-0.05,34
2019-03-18,1474,83020,895976,10.75,10.8,10.75,10.8,0.05,53
2019-03-19,1474,100100,1073470,10.8,10.8,10.7,10.7,-0.1,60
2019-03-20,1474,106289,1139032,10.75,10.8,10.65,10.75,0.05,58
2019-03-21,1474,70003,752480,10.75,10.8,10.7,10.75,0.0,39
2019-03-22,1474,109012,1182970,10.75,10.95,10.75,10.85,0.1,54
2019-03-25,1474,53040,570423,10.8,10.8,10.7,10.8,-0.05,37
2019-03-26,1474,236032,2510537,10.7,10.7,10.6,10.65,-0.15,87
2019-03-27,1474,114328,1212720,10.6,10.65,10.55,10.65,0.0,44
2019-03-28,1474,131000,1385500,10.6,10.65,10.55,10.55,-0.1,45
2019-03-29,1474,249830,2623251,10.55,10.65,10.45,10.55,0.0,81
2019-04-01,1474,190019,1991665,10.55,10.65,10.35,10.65,0.1,55
2019-04-02,1474,60148,633052,10.55,10.55,10.5,10.55,-0.1,30
2019-04-03,1474,62001,654260,10.55,10.6,10.5,10.55,0.0,21
2019-04-08,1474,97849,1031812,10.6,10.6,10.5,10.55,0.0,43
2019-04-09,1474,167010,1757803,10.5,10.6,10.5,10.55,0.0,48
2019-04-10,1474,90557,960932,10.55,10.65,10.55,10.65,0.1,37
2019-04-11,1474,38084,404739,10.65,10.65,10.6,10.65,0.0,25
2019-04-12,1474,34002,360220,10.65,10.65,10.55,10.55,-0.1,19
2019-04-15,1474,63018,670830,10.6,10.65,10.6,10.65,0.1,43
2019-04-16,1474,51002,541070,10.7,10.7,10.55,10.6,-0.05,25
2019-04-17,1474,61309,650625,10.6,10.7,10.55,10.7,0.1,48
2019-04-18,1474,123000,1300300,10.7,10.7,10.5,10.5,-0.2,52
2019-04-19,1474,32440,343567,10.5,10.65,10.5,10.6,0.1,25
2019-04-22,1474,6010,63856,10.65,10.65,10.6,10.65,0.05,7
2019-04-23,1474,11009,116990,10.65,10.65,10.6,10.65,0.0,16
2019-04-24,1474,22001,232760,10.65,10.65,10.55,10.6,-0.05,14
2019-04-25,1474,17001,180160,10.6,10.65,10.55,10.65,0.05,12
2019-04-26,1474,60000,631900,10.6,10.6,10.5,10.55,-0.1,27
2019-04-29,1474,200442,2092791,10.5,10.55,10.4,10.55,0.0,61
2019-04-30,1474,6000,63100,10.55,10.55,10.5,10.5,-0.05,5
2019-05-02,1474,37005,387300,10.45,10.5,10.45,10.5,0.0,21
2019-05-03,1474,457920,4753967,10.5,10.5,10.3,10.3,-0.2,96
2019-05-06,1474,146000,1512150,10.45,10.45,10.3,10.3,0.0,56
2019-05-07,1474,106000,1096650,10.35,10.4,10.3,10.3,0.0,42
2019-05-08,1474,87249,897239,10.3,10.3,10.25,10.3,0.0,43
2019-05-09,1474,22749,234239,10.3,10.3,10.3,10.3,0.0,15
2019-05-10,1474,55001,566460,10.35,10.4,10.25,10.25,-0.05,30
2019-05-13,1474,51000,526150,10.3,10.35,10.3,10.3,0.05,22
2019-05-14,1474,46003,476780,10.35,10.45,10.3,10.45,0.15,25
2019-05-15,1474,850110,8446611,10.3,10.3,9.72,9.96,-0.49,329
2019-05-16,1474,136350,1358765,10.0,10.0,9.92,9.95,-0.01,70
2019-05-17,1474,86499,865872,10.05,10.05,9.95,10.05,0.1,48
2019-05-20,1474,105004,1046048,10.05,10.05,9.93,9.98,-0.07,42
2019-05-21,1474,65105,651270,10.0,10.05,9.92,10.05,0.07,38
2019-05-22,1474,35000,351550,10.05,10.1,10.0,10.05,0.0,21
2019-05-23,1474,74007,741570,10.05,10.1,9.99,10.05,0.0,36
2019-05-24,1474,27000,270650,10.05,10.05,10.0,10.05,0.0,14
2019-05-27,1474,12021,121010,10.15,10.15,10.0,10.05,0.0,11
2019-05-28,1474,11001,111060,10.1,10.15,10.05,10.1,0.05,7
2019-05-29,1474,25000,250500,10.1,10.1,10.0,10.05,-0.05,12
2019-05-30,1474,12001,120209,10.05,10.05,10.0,10.0,-0.05,11
2019-05-31,1474,53000,530570,10.05,10.05,9.98,10.05,0.05,26
2019-06-03,1474,30002,301419,10.05,10.05,10.0,10.0,-0.05,15
2019-06-04,1474,17117,171670,10.05,10.1,10.0,10.1,0.1,10
2019-06-05,1474,92291,926760,10.1,10.1,9.98,10.05,-0.05,48
2019-06-06,1474,25003,250438,10.0,10.05,9.99,9.99,-0.06,20
2019-06-10,1474,56001,560969,10.0,10.05,9.99,10.0,0.01,28
2019-06-11,1474,37041,370470,10.0,10.05,9.99,10.05,0.05,23
2019-06-12,1474,45003,450010,10.0,10.05,9.99,10.05,0.0,30
2019-06-13,1474,34000,339680,10.0,10.0,9.98,10.0,-0.05,22
2019-06-14,1474,37000,369830,9.99,10.0,9.98,10.0,0.0,16
2019-06-17,1474,24001,240049,10.05,10.05,9.99,10.0,0.0,15
2019-06-18,1474,32227,322030,10.0,10.05,9.97,10.05,0.05,24
2019-06-19,1474,112001,1121520,10.0,10.1,9.98,10.1,0.05,57
2019-06-20,1474,101157,1011110,10.05,10.05,9.98,10.0,-0.1,56
2019-06-21,1474,139001,1388109,10.0,10.05,9.97,10.0,0.0,74
2019-06-24,1474,149000,1489790,9.99,10.05,9.98,10.05,0.05,92
2019-06-25,1474,159125,1594700,10.05,10.1,9.98,10.1,0.05,113
2019-06-26,1474,134000,1352800,10.15,10.15,10.05,10.05,-0.05,49
2019-06-27,1474,118000,1179630,10.0,10.05,9.98,10.0,-0.05,68
2019-06-28,1474,97400,971854,10.0,10.0,9.96,9.96,-0.04,50
2019-07-01,1474,49001,489179,9.96,10.0,9.96,9.98,0.02,33
2019-07-02,1474,75100,749898,9.98,10.0,9.98,9.98,0.0,29
2019-07-03,1474,31001,309299,10.0,10.0,9.97,9.97,-0.01,28
2019-07-04,1474,162100,1616838,9.97,10.0,9.97,9.98,0.01,42
2019-07-05,1474,34000,339450,9.98,9.99,9.98,9.98,0.0,25
2019-07-08,1474,81000,808430,9.98,9.99,9.97,9.99,0.01,51
2019-07-09,1474,64000,638930,9.99,10.0,9.97,9.98,-0.01,43
2019-07-10,1474,90101,895947,9.95,9.98,9.91,9.98,0.0,50
2019-07-11,1474,95201,947939,9.96,9.98,9.93,9.95,-0.03,33
2019-07-12,1474,22000,219140,9.97,9.98,9.94,9.96,0.01,13
2019-07-15,1474,10000,99580,9.95,9.97,9.95,9.96,0.0,7
2019-07-16,1474,30000,299270,9.98,9.99,9.96,9.98,0.02,15
2019-07-17,1474,34000,339190,9.99,9.99,9.95,9.99,0.01,28
2019-07-18,1474,28103,280460,9.99,9.99,9.96,9.99,0.0,20
2019-07-19,1474,30000,299360,10.0,10.0,9.97,9.97,-0.02,26
2019-07-22,1474,40000,398850,9.99,9.99,9.96,9.99,0.02,28
2019-07-23,1474,40000,398590,10.0,10.0,9.95,9.99,0.0,30
2019-07-24,1474,51000,507740,9.99,9.99,9.95,9.96,-0.03,40
2019-07-25,1474,52844,526324,9.98,9.98,9.95,9.95,-0.01,28
2019-07-26,1474,95000,944530,9.95,9.95,9.93,9.95,0.0,50
2019-07-29,1474,27000,268700,9.97,9.97,9.94,9.96,0.01,16
2019-07-30,1474,46166,458652,9.97,9.97,9.91,9.96,0.0,34
2019-07-31,1474,18270,181885,9.96,9.96,9.95,9.96,0.0,16
2019-08-01,1474,11192,111136,9.93,9.93,9.93,9.93,-0.03,7
2019-08-02,1474,83000,821010,9.92,9.92,9.88,9.9,-0.03,49
2019-08-05,1474,69101,682110,9.9,9.9,9.83,9.83,-0.07,38
2019-08-06,1474,70001,684409,9.8,9.8,9.75,9.79,-0.04,39
2019-08-07,1474,18197,178694,9.8,9.87,9.79,9.79,0.0,13
2019-08-08,1474,274339,2686168,9.82,9.82,9.79,9.79,0.0,12
2019-08-12,1474,290000,2869180,9.79,9.94,9.79,9.9,0.11,22
2019-08-13,1474,707011,6963508,9.9,9.9,9.8,9.87,-0.03,17
2019-08-14,1474,573816,5529215,9.8,9.8,9.59,9.59,-0.28,164
2019-08-15,1474,241400,2258842,9.45,9.45,9.3,9.3,-0.29,119
2019-08-16,1474,302000,2829500,9.37,9.39,9.35,9.37,0.07,24
2019-08-19,1474,581003,5448248,9.38,9.4,9.36,9.38,0.01,49
2019-08-20,1474,505205,4785658,9.4,9.5,9.4,9.48,0.1,75
2019-08-21,1474,515000,4890580,9.5,9.5,9.45,9.5,0.02,44
2019-08-22,1474,2492913,23457281,9.5,9.5,9.45,9.45,-0.05,35
2019-08-23,1474,489578,4625341,9.48,9.48,9.4,9.45,0.0,31
2019-08-26,1474,95100,898766,9.45,9.46,9.43,9.46,0.01,52
2019-08-27,1474,145001,1325649,9.25,9.25,9.06,9.1,0.0,66
2019-08-28,1474,88595,802845,9.1,9.1,9.04,9.09,-0.01,50
2019-08-29,1474,42006,379484,9.08,9.08,9.01,9.01,-0.08,38
2019-08-30,1474,53275,479705,9.0,9.03,9.0,9.0,-0.01,32
2019-09-02,1474,34000,306460,9.0,9.04,9.0,9.04,0.04,17
2019-09-03,1474,20000,181260,9.06,9.08,9.04,9.08,0.04,14
2019-09-04,1474,28001,253529,9.08,9.08,9.05,9.05,-0.03,21
2019-09-05,1474,91295,824805,9.05,9.06,8.99,9.06,0.01,37
2019-09-06,1474,8000,72200,9.06,9.06,9.02,9.02,-0.04,6
2019-09-09,1474,101214,910506,9.02,9.02,8.98,9.0,-0.02,48
2019-09-10,1474,83088,747813,9.0,9.04,8.99,9.0,0.0,31
2019-09-11,1474,92000,829080,9.0,9.04,9.0,9.04,0.04,42
2019-09-12,1474,26275,237728,9.05,9.05,9.02,9.05,0.01,16
2019-09-16,1474,53002,478228,8.96,9.05,8.96,9.05,0.0,22
2019-09-17,1474,160100,1441560,9.06,9.06,9.0,9.04,-0.01,26
2019-09-18,1474,23200,209214,9.04,9.04,9.0,9.04,0.0,14
2019-09-19,1474,86000,773930,9.04,9.04,8.98,9.01,-0.03,35
2019-09-20,1474,80183,722733,9.01,9.04,8.99,9.04,0.03,37
2019-09-23,1474,41250,371090,8.99,9.03,8.98,8.98,-0.06,29
2019-09-24,1474,171001,1532918,9.01,9.02,8.93,8.97,-0.01,80
2019-09-25,1474,23115,206586,8.95,8.97,8.93,8.93,-0.04,25
2019-09-26,1474,89081,792015,8.95,8.95,8.87,8.9,-0.03,43
2019-09-27,1474,86000,761410,8.88,8.88,8.83,8.86,-0.04,44
2019-10-01,1474,40101,354938,8.93,8.93,8.83,8.83,-0.03,25
2019-10-02,1474,80000,705700,8.84,8.84,8.8,8.83,0.0,46
2019-10-03,1474,17000,150000,8.86,8.87,8.8,8.87,0.04,16
2019-10-04,1474,38550,341260,8.83,8.88,8.83,8.88,0.01,26
2019-10-07,1474,33500,295940,8.88,8.88,8.82,8.83,-0.05,23
2019-10-08,1474,38750,342545,8.84,8.85,8.83,8.84,0.01,22
2019-10-09,1474,21742,192073,8.85,8.85,8.81,8.84,0.0,21
2019-10-14,1474,42000,371950,8.85,8.87,8.85,8.86,0.02,15
2019-10-15,1474,21230,187880,8.86,8.86,8.82,8.86,0.0,16
2019-10-16,1474,36255,321165,8.86,8.9,8.83,8.88,0.02,25
2019-10-17,1474,33350,296730,8.9,8.91,8.88,8.9,0.02,20
2019-10-18,1474,79511,706392,9.1,9.1,8.85,8.93,0.03,41
2019-10-21,1474,36970,331300,8.95,9.0,8.94,8.94,0.01,26
2019-10-22,1474,65000,584430,9.0,9.06,8.95,9.04,0.1,29
2019-10-23,1474,25000,225830,9.04,9.09,9.01,9.01,-0.03,17
2019-10-24,1474,11220,101645,9.05,9.07,9.05,9.07,0.06,9
2019-10-25,1474,104200,958708,9.12,9.27,9.12,9.24,0.17,60
2019-10-28,1474,71500,662040,9.25,9.3,9.23,9.29,0.05,47
2019-10-29,1474,10002,92818,9.3,9.3,9.26,9.27,-0.02,12
2019-10-30,1474,60422,552560,9.26,9.26,9.1,9.19,-0.08,41
2019-10-31,1474,10000,92010,9.22,9.22,9.19,9.2,0.01,9
2019-11-01,1474,31300,284378,9.09,9.09,9.06,9.07,-0.13,21
2019-11-04,1474,6110,55382,9.08,9.08,9.03,9.03,-0.04,6
2019-11-05,1474,25001,224799,9.02,9.02,8.97,8.98,-0.05,16
2019-11-06,1474,34129,306122,9.0,9.0,8.95,9.0,0.02,16
2019-11-07,1474,56035,499952,9.0,9.0,8.89,8.89,-0.11,29
2019-11-08,1474,36527,325776,8.91,9.0,8.9,8.9,0.01,19
2019-11-11,1474,64000,569960,8.96,8.96,8.9,8.9,0.0,30
2019-11-12,1474,19000,170310,8.97,8.98,8.91,8.98,0.08,13
2019-11-13,1474,87000,775080,9.0,9.0,8.89,8.95,-0.03,27
2019-11-14,1474,339000,3032390,8.95,8.99,8.88,8.96,0.01,42
2019-11-15,1474,36000,322320,8.99,8.99,8.94,8.96,0.0,24
2019-11-18,1474,31100,277010,8.92,8.92,8.89,8.92,-0.04,19
2019-11-19,1474,49375,439898,8.96,8.96,8.9,8.93,0.01,30
2019-11-20,1474,840103,8167709,9.54,9.82,9.53,9.82,0.89,254
2019-11-21,1474,1639500,16659624,10.3,10.35,9.99,9.99,0.17,700
2019-11-22,1474,572000,5559770,9.99,9.99,9.63,9.7,-0.29,197
2019-11-25,1474,126000,1217580,9.72,9.75,9.58,9.68,-0.02,46
2019-11-26,1474,176249,1691019,9.73,9.73,9.52,9.65,-0.03,96
2019-11-27,1474,87002,835809,9.58,9.66,9.54,9.63,-0.02,63
2019-11-28,1474,60000,573440,9.63,9.63,9.53,9.53,-0.1,48
2019-11-29,1474,148000,1402960,9.51,9.58,9.4,9.58,0.05,101
2019-12-02,1474,22002,209698,9.58,9.58,9.45,9.58,0.0,18
2019-12-03,1474,1003,9598,9.57,9.57,9.57,9.57,-0.01,3
2019-12-04,1474,12001,114089,9.57,9.57,9.49,9.54,-0.03,10
2019-12-05,1474,41001,387799,9.54,9.54,9.43,9.49,-0.05,20
2019-12-06,1474,106242,996860,9.46,9.48,9.35,9.35,-0.14,46
2019-12-09,1474,32081,299413,9.32,9.42,9.31,9.4,0.05,19
2019-12-10,1474,49001,461089,9.4,9.42,9.37,9.37,-0.03,20
2019-12-11,1474,23952,228114,9.42,9.62,9.42,9.53,0.16,21
2019-12-12,1474,53001,504009,9.59,9.59,9.46,9.54,0.01,28
2019-12-13,1474,41029,389236,9.5,9.54,9.45,9.52,-0.02,20
2019-12-16,1474,34101,324559,9.52,9.54,9.48,9.48,-0.04,20
2019-12-17,1474,81241,774359,9.5,9.6,9.43,9.59,0.11,47
2019-12-18,1474,168000,1638850,9.65,9.86,9.62,9.8,0.21,73
2019-12-19,1474,115000,1119550,9.8,9.87,9.64,9.78,-0.02,37
2019-12-20,1474,37071,362482,9.78,9.85,9.76,9.82,0.04,16
2019-12-23,1474,83588,809890,9.85,9.85,9.66,9.7,-0.12,36
2019-12-24,1474,18001,173819,9.71,9.72,9.6,9.66,-0.04,12
2019-12-25,1474,6003,58207,9.69,9.7,9.69,9.7,0.04,9
2019-12-26,1474,26015,250047,9.7,9.7,9.58,9.65,-0.05,20
2019-12-27,1474,33001,316089,9.67,9.67,9.56,9.59,-0.06,14
2019-12-30,1474,65087,622747,9.59,9.61,9.56,9.59,0.0,25
2019-12-31,1474,33000,318100,9.63,9.69,9.6,9.69,0.1,31
2020-01-02,1474,34652,335069,9.6,9.7,9.6,9.69,0.0,25
2020-01-03,1474,40080,385992,9.62,9.67,9.62,9.62,-0.07,24
2020-01-06,1474,57001,552599,9.68,9.76,9.62,9.62,0.0,38
2020-01-07,1474,124000,1195430,9.62,9.68,9.61,9.68,0.06,29
2020-01-08,1474,31145,300215,9.68,9.68,9.61,9.67,-0.01,13
2020-01-09,1474,65000,624110,9.61,9.61,9.59,9.6,-0.07,18
2020-01-10,1474,12003,115427,9.62,9.64,9.61,9.64,0.04,10
2020-01-13,1474,58101,564991,9.6,9.84,9.6,9.73,0.09,35
2020-01-14,1474,19957,194235,9.78,9.78,9.66,9.76,0.03,22
2020-01-15,1474,16652,162422,9.8,9.8,9.69,9.78,0.02,16
2020-01-16,1474,79001,762039,9.78,9.78,9.61,9.75,-0.03,36
2020-01-17,1474,40100,388188,9.75,9.75,9.64,9.69,-0.06,23
2020-01-20,1474,74491,718771,9.71,9.71,9.61,9.63,-0.06,46
2020-01-30,1474,88001,829339,9.6,9.6,9.3,9.45,-0.18,60
2020-01-31,1474,26000,246140,9.45,9.5,9.37,9.5,0.05,26
2020-02-03,1474,58177,544968,9.4,9.43,9.31,9.4,-0.1,31
2020-02-04,1474,261001,2515839,9.43,9.8,9.32,9.74,0.34,80
2020-02-05,1474,1144134,12242233,10.7,10.7,10.7,10.7,0.96,249
2020-02-06,1474,4538734,49333794,11.2,11.2,10.3,10.3,-0.4,1535
2020-02-07,1474,2228964,23500355,10.35,10.8,10.2,10.7,0.4,852
2020-02-10,1474,1189100,12613053,10.85,10.9,10.35,10.45,-0.25,444
2020-02-11,1474,448010,4660100,10.6,10.6,10.35,10.35,-0.1,208
2020-02-12,1474,726950,7382096,10.35,10.35,10.05,10.05,-0.3,271
2020-02-13,1474,684002,6851202,10.15,10.2,9.94,10.0,-0.05,245
2020-02-14,1474,178493,1784959,10.05,10.05,9.97,10.0,0.0,95
2020-02-17,1474,457143,4616734,10.05,10.2,10.0,10.05,0.05,190
2020-02-18,1474,357004,3566710,10.1,10.1,9.96,9.99,-0.06,90
2020-02-19,1474,154440,1545330,10.0,10.1,9.98,10.05,0.06,80
2020-02-20,1474,265004,2638460,10.05,10.05,9.92,9.92,-0.13,109
2020-02-21,1474,346275,3432936,9.91,9.98,9.85,9.92,0.0,155
2020-02-24,1474,1957048,20090934,9.98,10.65,9.96,10.4,0.48,726
2020-02-25,1474,872846,8929894,10.4,10.4,10.1,10.2,-0.2,342
2020-02-26,1474,261201,2647430,10.1,10.25,10.1,10.1,-0.1,114
2020-02-27,1474,357150,3579037,10.1,10.1,9.96,9.99,-0.11,146
2020-03-02,1474,369501,3689450,10.0,10.15,9.9,9.99,0.0,179
2020-03-03,1474,234201,2354320,10.05,10.15,9.98,10.0,0.01,92
2020-03-04,1474,376302,3794134,10.15,10.15,10.0,10.05,0.05,120
2020-03-05,1474,323013,3289982,10.15,10.25,10.1,10.1,0.05,139
2020-03-06,1474,257202,2596220,10.1,10.2,10.05,10.15,0.05,107
2020-03-09,1474,2332002,24408020,10.3,10.6,10.2,10.25,0.1,867
2020-03-10,1474,576009,5795880,10.25,10.25,9.98,10.05,-0.2,268
2020-03-11,1474,882101,8772630,10.1,10.1,9.56,9.82,-0.23,271
2020-03-12,1474,816346,7344471,9.7,9.77,8.84,8.85,-0.97,321
2020-03-13,1474,426477,3418784,8.02,8.2,7.97,8.03,-0.82,221
2020-03-16,1474,678000,5856070,8.09,8.83,8.01,8.83,0.8,216
2020-03-17,1474,1588004,14395886,9.0,9.29,8.83,8.83,0.0,650
2020-03-18,1474,436058,3673091,8.33,8.58,8.25,8.25,-0.58,229
2020-03-19,1474,693001,5235339,8.15,8.15,7.43,7.48,-0.77,246
2020-03-20,1474,292501,2238858,7.49,7.8,7.49,7.68,0.2,123
2020-03-23,1474,146000,1121550,7.7,7.72,7.63,7.67,-0.01,46
2020-03-24,1474,302881,2329420,7.67,7.77,7.61,7.63,-0.04,120
2020-03-25,1474,294002,2275916,7.7,7.8,7.69,7.78,0.15,117
2020-03-26,1474,127001,990388,8.0,8.0,7.67,7.78,0.0,57
2020-03-27,1474,91244,713132,7.8,7.93,7.72,7.76,-0.02,44
2020-03-30,1474,128501,1018601,7.8,8.0,7.76,7.95,0.19,84
2020-03-31,1474,83999,672293,8.05,8.1,7.92,8.04,0.09,66
2020-04-01,1474,79134,629550,8.07,8.07,7.86,7.91,-0.13,56
2020-04-06,1474,998413,8533881,8.1,8.7,7.94,8.7,0.79,417
2020-04-07,1474,888089,7896835,8.8,9.2,8.6,8.77,0.07,366
2020-04-08,1474,221377,1935619,8.77,8.8,8.66,8.74,-0.03,105
2020-04-09,1474,215110,1857838,8.75,8.75,8.56,8.58,-0.16,115
2020-04-10,1474,114001,989448,8.58,8.8,8.58,8.79,0.21,67
2020-04-13,1474,1503403,14247812,8.85,9.66,8.8,9.66,0.87,488
2020-04-14,1474,2801421,28623483,10.5,10.5,9.88,9.95,0.29,965
2020-04-15,1474,530150,5245856,10.15,10.15,9.76,9.85,-0.1,254
2020-04-16,1474,493001,4807490,9.85,9.9,9.68,9.69,-0.16,211
2020-04-17,1474,778799,7345198,9.8,9.8,9.15,9.3,-0.39,357
2020-04-20,1474,130401,1216448,9.3,9.4,9.26,9.33,0.03,72
2020-04-21,1474,395073,3553878,9.28,9.29,8.8,8.82,-0.51,188
2020-04-22,1474,265055,2348232,8.66,9.1,8.65,9.0,0.18,132
2020-04-23,1474,181000,1631300,9.01,9.18,8.91,9.08,0.08,88
2020-04-24,1474,180001,1621439,9.05,9.08,8.96,9.0,-0.08,77
2020-04-27,1474,226973,2068693,9.0,9.24,9.0,9.11,0.11,120
2020-04-28,1474,108434,984649,9.11,9.12,9.06,9.12,0.01,58
2020-04-29,1474,1718884,16846250,9.18,10.0,9.12,10.0,0.88,649
2020-04-30,1474,2270227,23052850,10.4,10.4,9.82,9.95,-0.05,849
2020-05-04,1474,9219467,99273654,9.9,10.9,9.54,10.9,0.95,2367
2020-05-05,1474,4331259,46571696,11.0,11.05,10.35,10.7,-0.2,1488
2020-05-06,1474,1766331,18390174,10.55,10.7,10.2,10.2,-0.5,739
2020-05-07,1474,879908,9077851,10.4,10.45,10.2,10.35,0.15,353
2020-05-08,1474,1593325,16221272,10.5,10.5,9.99,10.0,-0.35,445
2020-05-11,1474,1225081,11811225,9.91,9.91,9.53,9.58,-0.42,462
2020-05-12,1474,295000,2829100,9.51,9.74,9.51,9.6,0.02,146
2020-05-13,1474,421000,4061700,9.7,9.7,9.6,9.6,0.0,143
2020-05-14,1474,483000,4620880,9.67,9.68,9.51,9.51,-0.09,176
2020-05-15,1474,491000,4670100,9.76,9.76,9.4,9.53,0.02,192
2020-05-18,1474,320000,3052160,9.53,9.69,9.5,9.5,-0.03,118
2020-05-19,1474,533149,5035749,9.55,9.55,9.39,9.39,-0.11,173
2020-05-20,1474,319000,2983990,9.4,9.42,9.31,9.35,-0.04,111
2020-05-21,1474,465360,4339093,9.36,9.36,9.3,9.31,-0.04,164
2020-05-22,1474,455015,4271511,9.42,9.55,9.31,9.31,0.0,195
2020-05-25,1474,194180,1805072,9.4,9.4,9.25,9.3,-0.01,115
2020-05-26,1474,3830006,38955361,10.1,10.2,10.0,10.2,0.9,798
2020-05-27,1474,14930143,166896098,11.2,11.2,10.9,11.2,1.0,3974
2020-05-28,1474,9936041,109912518,11.1,11.6,10.55,11.6,0.4,3229
2020-05-29,1474,10423679,119638891,11.4,11.7,11.0,11.3,-0.3,3886
2020-06-01,1474,8021247,95084110,11.5,12.15,11.35,11.8,0.5,3229
2020-06-02,1474,4698886,52805286,11.8,11.8,11.0,11.0,-0.8,1978
2020-06-03,1474,2517110,27704119,11.05,11.25,10.8,10.9,-0.1,1122
2020-06-04,1474,1635124,18111814,11.0,11.25,10.95,11.0,0.1,755
2020-06-05,1474,4787499,55424137,11.15,12.0,11.0,12.0,1.0,2041
2020-06-08,1474,12735633,162818297,12.4,13.2,12.2,13.2,1.2,4546
2020-06-09,1474,10705803,139830539,13.1,13.65,12.6,12.65,-0.55,5003
2020-06-10,1474,3528006,43393283,12.5,12.55,12.05,12.35,-0.3,1748
2020-06-11,1474,14053792,186422160,12.55,13.55,12.5,13.15,0.8,5806
2020-06-12,1474,21186545,293152682,12.65,14.45,12.55,14.45,1.3,8087
2020-06-15,1474,6447358,101397756,15.45,15.85,15.2,15.85,1.4,2171
2020-06-16,1474,8084879,140596676,17.4,17.4,17.2,17.4,1.55,2812
2020-06-17,1474,5202905,99284670,19.1,19.1,18.8,19.1,1.7,1869
2020-06-18,1474,22071810,457540410,20.8,21.0,19.8,21.0,1.9,10356
2020-06-19,1474,27271439,576454927,22.0,22.4,19.6,20.85,-0.15,14305
2020-06-22,1474,6534727,128054386,20.8,20.8,19.05,19.05,-1.8,3687
2020-06-23,1474,7968135,139659655,18.5,18.5,17.15,17.15,-1.9,3858
2020-06-24,1474,6488756,106697172,16.95,16.95,16.0,16.45,-0.7,3095
2020-06-29,1474,5743144,95664737,16.65,17.0,16.05,16.25,-0.2,2669
2020-06-30,1474,4176241,66130906,16.4,16.45,15.35,16.1,-0.15,2142
2020-07-01,1474,3508801,57577045,16.35,16.8,16.1,16.1,0.0,1658
2020-07-02,1474,2375491,38489926,16.3,16.35,16.0,16.2,0.1,1150
2020-07-03,1474,3347530,55672397,16.35,16.9,16.35,16.6,0.4,1458
2020-07-06,1474,4278862,72049056,17.2,17.2,16.4,16.5,-0.1,1827
2020-07-07,1474,3805542,58889294,16.75,16.75,15.1,15.25,-1.25,1920
2020-07-08,1474,10264743,147345258,14.9,15.25,13.75,13.9,-1.35,4991
2020-07-09,1474,11613796,153463631,14.0,14.25,12.7,13.2,-0.7,5069
2020-07-10,1474,14611837,205355986,13.6,14.5,13.25,14.5,1.3,4924
2020-07-13,1474,21104310,329939044,14.85,15.95,14.7,15.95,1.45,6229
2020-07-14,1474,18837079,290690122,15.95,16.4,14.4,14.7,-1.25,7514
2020-07-15,1474,7713906,112221339,14.85,15.2,14.1,14.1,-0.6,3158
2020-07-16,1474,3288600,46731979,14.25,14.6,13.9,14.1,0.0,1582
2020-07-17,1474,5022815,67169783,14.2,14.3,12.85,13.0,-1.1,2368
2020-07-20,1474,5057000,66380950,13.0,13.75,12.4,13.35,0.35,2008
2020-07-21,1474,2188051,29041443,13.45,13.6,13.05,13.1,-0.25,952
2020-07-22,1474,2500890,33265015,13.2,13.6,13.05,13.1,0.0,1178
2020-07-23,1474,1537759,20177644,13.15,13.4,13.0,13.05,-0.05,687
2020-07-24,1474,4899284,65323908,13.15,13.75,12.95,13.1,0.05,1988
2020-07-27,1474,2446527,30982739,13.2,13.25,12.35,12.45,-0.65,1158
2020-07-28,1474,3250659,39168370,12.45,12.5,11.7,11.85,-0.6,1393
2020-07-29,1474,3383726,42250645,12.1,12.75,12.0,12.45,0.6,1286
2020-07-30,1474,2537580,32195859,12.65,12.9,12.4,12.65,0.2,962
2020-07-31,1474,1812449,23232691,12.65,13.1,12.6,12.7,0.05,679
2020-08-03,1474,4042156,55457824,12.9,13.95,12.9,13.95,1.25,1372
2020-08-04,1474,8548593,119515180,14.3,14.35,13.6,13.7,-0.25,3485
2020-08-05,1474,2322200,32322800,13.8,14.15,13.75,13.8,0.1,1029
2020-08-06,1474,12874851,188045142,14.0,15.15,13.75,15.15,1.35,4228
2020-08-07,1474,11709800,176360302,15.15,15.5,14.65,14.75,-0.4,4843
2020-08-10,1474,3174502,45881177,14.7,15.1,14.05,14.2,-0.55,1585
2020-08-11,1474,4238685,57425892,14.05,14.15,13.2,13.25,-0.95,1896
2020-08-12,1474,3184600,43095279,13.35,14.0,13.05,13.5,0.25,1346
2020-08-13,1474,1535802,20644954,13.55,13.8,13.25,13.35,-0.15,743
2020-08-14,1474,1487734,20197058,13.45,13.75,13.25,13.5,0.15,695
2020-08-17,1474,3083499,42496836,13.6,14.0,13.4,13.6,0.1,857
2020-08-18,1474,1576000,21103400,13.75,13.75,13.25,13.25,-0.35,666
2020-08-19,1474,2008500,26404800,13.3,13.45,13.0,13.0,-0.25,843
2020-08-20,1474,2632246,32533374,13.0,13.15,11.9,12.25,-0.75,1094
2020-08-21,1474,1620795,20324003,12.4,12.8,12.4,12.6,0.35,616
2020-08-24,1474,2958200,37965209,12.75,13.15,12.45,12.9,0.3,905
2020-08-25,1474,1903025,24749219,13.1,13.2,12.75,12.9,0.0,629
2020-08-26,1474,746631,9634253,13.05,13.05,12.85,12.85,-0.05,367
2020-08-27,1474,863001,11021763,12.95,13.0,12.6,12.65,-0.2,371
2020-08-28,1474,1339100,17174739,12.75,13.0,12.65,12.65,0.0,576
2020-08-31,1474,1346000,17169500,12.7,12.9,12.6,12.6,-0.05,444
2020-09-01,1474,756000,9455000,12.75,12.75,12.45,12.5,-0.1,326
2020-09-02,1474,1368001,17232313,12.65,12.8,12.4,12.45,-0.05,453
2020-09-03,1474,1129401,13970852,12.55,12.55,12.25,12.3,-0.15,573
2020-09-04,1474,1092000,13309600,12.15,12.35,12.05,12.15,-0.15,441
2020-09-07,1474,7948243,103368496,12.15,13.35,12.1,12.55,0.4,1708
2020-09-08,1474,1490215,18764761,12.55,12.7,12.4,12.65,0.1,612
2020-09-09,1474,2080036,26537771,12.55,13.1,12.4,13.1,0.45,773
2020-09-10,1474,9193003,125051192,13.5,13.9,13.3,13.35,0.25,3208
2020-09-11,1474,2362000,30554748,13.15,13.25,12.65,12.85,-0.5,953
2020-09-14,1474,940080,12016723,12.95,13.0,12.65,12.7,-0.15,410
2020-09-15,1474,615060,7789859,12.85,12.85,12.55,12.65,-0.05,329
2020-09-16,1474,1520050,19404985,12.65,13.0,12.55,12.7,0.05,528
2020-09-17,1474,777301,10015881,12.75,13.05,12.75,12.8,0.1,383
2020-09-18,1474,665500,8517300,12.9,12.9,12.7,12.75,-0.05,311
2020-09-21,1474,1068145,13796355,12.8,13.1,12.75,12.8,0.05,486
2020-09-22,1474,710000,9076000,13.0,13.0,12.6,12.7,-0.1,310
2020-09-23,1474,825500,10395572,12.8,12.8,12.45,12.6,-0.1,389
2020-09-24,1474,1373757,16717507,12.5,12.5,11.95,12.0,-0.6,642
2020-09-25,1474,1528191,17896857,12.0,12.2,11.45,11.55,-0.45,524
2020-09-28,1474,474865,5522666,11.6,11.75,11.55,11.6,0.05,241
2020-09-29,1474,675929,7777111,11.8,11.8,11.4,11.4,-0.2,338
2020-09-30,1474,558323,6399524,11.5,11.55,11.35,11.45,0.05,272
2020-10-05,1474,1473576,17589188,11.55,12.15,11.55,12.05,0.6,721
2020-10-06,1474,806542,9643162,12.2,12.25,11.8,11.85,-0.2,359
2020-10-07,1474,1739672,21285347,11.85,12.55,11.8,12.55,0.7,614
2020-10-08,1474,8705357,112569962,12.8,13.15,12.75,12.85,0.3,2820
2020-10-12,1474,1381688,17080499,12.65,12.7,12.1,12.25,-0.6,683
2020-10-13,1474,524609,6380219,12.25,12.35,12.1,12.15,-0.1,291
2020-10-14,1474,478200,5833380,12.25,12.25,12.15,12.15,0.0,251
2020-10-15,1474,496000,6030750,12.2,12.35,12.05,12.1,-0.05,272
2020-10-16,1474,1048627,12932550,12.1,12.7,12.05,12.2,0.1,482
2020-10-19,1474,1796001,22158062,12.25,12.55,12.1,12.35,0.15,542
2020-10-20,1474,1710688,21719967,12.45,12.9,12.45,12.55,0.2,728
2020-10-21,1474,1025451,12709492,12.65,12.65,12.25,12.4,-0.15,360
2020-10-22,1474,7413600,96425030,12.4,13.45,12.3,13.05,0.65,2983
2020-10-23,1474,1921238,24716369,12.85,13.1,12.75,12.8,-0.25,725
2020-10-26,1474,7403605,96539434,12.85,13.3,12.4,12.65,-0.15,1386
2020-10-27,1474,1060515,13388839,12.45,12.8,12.45,12.6,-0.05,396
2020-10-28,1474,914001,11425413,12.5,12.75,12.4,12.45,-0.15,372
2020-10-29,1474,844256,10512320,12.35,12.55,12.35,12.45,0.0,353
2020-10-30,1474,703761,8783135,12.5,12.55,12.4,12.4,-0.05,295
2020-11-02,1474,830077,10403228,12.55,12.7,12.35,12.45,0.05,328
2020-11-03,1474,454516,5717117,12.5,12.7,12.5,12.55,0.1,219
2020-11-04,1474,2219176,28528353,12.65,13.05,12.5,12.95,0.4,687
2020-11-05,1474,8582674,114710597,13.5,13.65,13.0,13.0,0.05,3103
2020-11-06,1474,1777144,22626970,12.9,13.0,12.6,12.6,-0.4,744
2020-11-09,1474,5539710,73027849,12.7,13.5,12.6,13.3,0.7,2222
2020-11-10,1474,2261422,28918536,13.2,13.2,12.65,12.65,-0.65,926
2020-11-11,1474,938119,11899696,12.75,12.8,12.6,12.65,0.0,504
2020-11-12,1474,702001,8855112,12.8,12.8,12.5,12.55,-0.1,304
2020-11-13,1474,452089,5726579,12.5,12.8,12.5,12.7,0.15,238
2020-11-16,1474,1446397,18436891,12.85,13.05,12.55,12.55,-0.15,459
2020-11-17,1474,817551,10256056,12.6,12.65,12.5,12.55,0.0,294
2020-11-18,1474,516521,6513496,12.6,12.75,12.55,12.55,0.0,238
2020-11-19,1474,686209,8692138,12.6,12.75,12.6,12.7,0.15,255
2020-11-20,1474,422360,5357107,12.7,12.75,12.65,12.7,0.0,173
2020-11-23,1474,640786,8130829,12.8,12.8,12.65,12.7,0.0,249
2020-11-24,1474,718820,9120088,12.8,12.8,12.65,12.65,-0.05,292
2020-11-25,1474,900442,11408128,12.7,12.75,12.6,12.6,-0.05,304
2020-11-26,1474,647201,8192182,12.7,12.7,12.6,12.65,0.05,215
2020-11-27,1474,1495656,19167295,12.7,12.9,12.7,12.85,0.2,510
2020-11-30,1474,1851896,23940593,12.95,13.05,12.8,12.95,0.1,645
2020-12-01,1474,1876757,24549073,13.05,13.25,13.0,13.0,0.05,693
2020-12-02,1474,1545371,19678246,13.0,13.0,12.6,12.65,-0.35,646
2020-12-03,1474,991877,12496966,12.65,12.7,12.55,12.6,-0.05,322
2020-12-04,1474,873983,11024385,12.7,12.7,12.55,12.65,0.05,286
2020-12-07,1474,1204828,15094457,12.65,12.7,12.45,12.5,-0.15,387
2020-12-08,1474,470861,5927935,12.65,12.65,12.5,12.6,0.1,236
2020-12-09,1474,652400,8218019,12.7,12.7,12.5,12.55,-0.05,249
2020-12-10,1474,617252,7769949,12.55,12.7,12.5,12.5,-0.05,256
2020-12-11,1474,2959358,37645041,12.65,12.9,12.5,12.55,0.05,737
2020-12-14,1474,516300,6518862,12.55,12.75,12.55,12.65,0.1,269
2020-12-15,1474,535500,6719924,12.65,12.65,12.5,12.55,-0.1,210
2020-12-16,1474,791201,9944221,12.6,12.65,12.5,12.55,0.0,276
2020-12-17,1474,464757,5879076,12.7,12.75,12.6,12.6,0.05,207
2020-12-18,1474,624513,7929740,12.75,12.8,12.6,12.65,0.05,288
2020-12-21,1474,1386172,17830867,12.7,12.95,12.7,12.9,0.25,540
2020-12-22,1474,7169023,94952901,12.95,13.6,12.9,13.5,0.6,2594
2020-12-23,1474,6292851,83043573,13.7,13.95,12.8,12.8,-0.7,2392
2020-12-24,1474,2845047,37334710,13.0,13.4,12.8,13.05,0.25,1112
2020-12-25,1474,1357715,17781795,13.2,13.25,12.95,12.95,-0.1,606
2020-12-28,1474,1077797,13993920,13.05,13.1,12.9,12.95,0.0,445
2020-12-29,1474,2390395,31259233,13.0,13.2,12.8,13.2,0.25,717
2020-12-30,1474,9731468,132830569,13.3,13.95,13.15,13.6,0.4,3426
2020-12-31,1474,2047906,27496570,13.6,13.65,13.3,13.4,-0.2,799
2021-01-04,1474,1372575,18024085,13.4,13.4,13.05,13.1,-0.3,630
2021-01-05,1474,1315404,17128781,13.1,13.25,12.9,13.0,-0.1,459
2021-01-06,1474,2154532,27401262,13.05,13.05,12.6,12.75,-0.25,685
2021-01-07,1474,622096,7898262,12.7,12.85,12.65,12.7,-0.05,233
2021-01-08,1474,697830,8835046,12.65,12.75,12.65,12.65,-0.05,237
2021-01-11,1474,514052,6529265,12.7,12.75,12.65,12.7,0.05,183
2021-01-12,1474,1144242,14557052,12.7,12.9,12.6,12.65,-0.05,454
2021-01-13,1474,755743,9572727,12.7,12.75,12.6,12.65,0.0,270
2021-01-14,1474,478544,6062044,12.65,12.8,12.6,12.6,-0.05,183
2021-01-15,1474,1983856,24587269,12.65,12.65,12.1,12.2,-0.4,575
2021-01-18,1474,592460,7242409,12.25,12.4,12.15,12.35,0.15,247
2021-01-19,1474,557131,6807839,12.35,12.35,12.15,12.15,-0.2,274
2021-01-20,1474,1038660,12383944,12.3,12.3,11.7,11.75,-0.4,456
2021-01-21,1474,851603,9973510,11.8,12.0,11.6,11.75,0.0,323
2021-01-22,1474,536488,6269909,11.6,11.9,11.6,11.6,-0.15,217
2021-01-25,1474,762052,9171239,11.65,12.2,11.65,12.0,0.4,366
2021-01-26,1474,340961,4061583,11.9,12.0,11.8,11.85,-0.15,148
2021-01-27,1474,217317,2587601,12.0,12.05,11.8,11.9,0.05,126
2021-01-28,1474,367945,4313685,11.9,11.9,11.65,11.7,-0.2,214
2021-01-29,1474,517120,6007091,11.85,11.85,11.5,11.5,-0.2,209
2021-02-01,1474,364312,4164892,11.5,11.6,11.35,11.4,-0.1,223
2021-02-02,1474,213620,2453791,11.5,11.55,11.45,11.45,0.05,124
2021-02-03,1474,222198,2573483,11.5,11.65,11.5,11.55,0.1,135
2021-02-04,1474,145841,1682345,11.5,11.6,11.5,11.55,0.0,108
2021-02-05,1474,218140,2526781,11.6,11.7,11.55,11.55,0.0,129
2021-02-17,1474,311247,3625802,11.6,11.75,11.55,11.7,0.15,174
2021-02-18,1474,694298,8252314,11.7,12.05,11.65,11.95,0.25,262
2021-02-19,1474,335652,4038617,11.85,12.15,11.85,12.1,0.15,166
2021-02-22,1474,665117,8110952,12.15,12.35,12.0,12.3,0.2,281
2021-02-23,1474,390796,4775778,12.2,12.3,12.05,12.25,-0.05,231
2021-02-24,1474,316289,3859888,12.25,12.4,12.1,12.1,-0.15,203
2021-02-25,1474,270460,3294857,12.2,12.25,12.1,12.2,0.1,139
2021-02-26,1474,405446,4934185,12.15,12.25,12.05,12.25,0.05,182
2021-03-02,1474,876644,10916447,12.35,12.6,12.3,12.4,0.15,371
2021-03-03,1474,454339,5639103,12.5,12.5,12.3,12.4,0.0,195
2021-03-04,1474,316359,3927366,12.35,12.45,12.35,12.4,0.0,157
2021-03-05,1474,411364,5083523,12.4,12.45,12.25,12.35,-0.05,150
2021-03-08,1474,800394,10022007,12.4,12.65,12.35,12.55,0.2,351
2021-03-09,1474,843408,10713877,12.65,12.75,12.6,12.7,0.15,380
2021-03-10,1474,491051,6226692,12.7,12.8,12.6,12.6,-0.1,212
2021-03-11,1474,460655,5828499,12.7,12.8,12.55,12.65,0.05,221
2021-03-12,1474,377554,4741427,12.75,12.75,12.5,12.55,-0.1,205
2021-03-15,1474,337504,4266852,12.55,12.7,12.55,12.6,0.05,215
2021-03-16,1474,535712,6785751,12.7,12.75,12.6,12.7,0.1,227
2021-03-17,1474,4597493,59239309,12.75,12.95,12.6,12.85,0.15,942
2021-03-18,1474,1190797,15262323,12.9,13.05,12.65,12.65,-0.2,475
2021-03-19,1474,1169156,14529557,12.7,12.7,12.3,12.35,-0.3,470
2021-03-22,1474,854382,10468622,12.35,12.35,12.2,12.3,-0.05,375
2021-03-23,1474,370141,4584311,12.4,12.5,12.3,12.4,0.1,190
2021-03-24,1474,275312,3408428,12.3,12.45,12.3,12.35,-0.05,129
2021-03-25,1474,713579,8990973,12.4,12.7,12.4,12.7,0.35,276
2021-03-26,1474,1332083,17091974,12.8,12.95,12.75,12.75,0.05,517
2021-03-29,1474,1103512,14220121,12.9,13.0,12.75,12.75,0.0,405
2021-03-30,1474,336662,4316761,12.9,12.9,12.75,12.8,0.05,184
2021-03-31,1474,477288,6092075,12.8,12.85,12.6,12.7,-0.1,204
2021-04-01,1474,303579,3867857,12.8,12.85,12.65,12.65,-0.05,140
2021-04-06,1474,461425,5892124,12.7,12.9,12.65,12.85,0.2,271
2021-04-07,1474,3899559,51303977,12.85,13.4,12.85,13.35,0.5,1165
2021-04-08,1474,3103245,41773824,13.35,13.7,13.25,13.4,0.05,1067
2021-04-09,1474,1311592,17334364,13.4,13.4,13.1,13.2,-0.2,501
2021-04-12,1474,2403986,32527771,13.3,13.75,13.3,13.75,0.55,887
2021-04-13,1474,4630669,64443005,14.0,14.4,13.4,13.5,-0.25,1525
2021-04-14,1474,1906884,25128739,13.65,13.65,12.85,13.15,-0.35,619
2021-04-15,1474,1032884,13891195,13.25,13.6,13.2,13.55,0.4,401
2021-04-16,1474,9133014,128174663,13.75,14.25,13.5,14.05,0.5,1721
2021-04-19,1474,4912092,70956336,14.25,14.7,14.15,14.5,0.45,1687
2021-04-20,1474,2161259,30921418,14.5,14.55,14.1,14.25,-0.25,945
2021-04-21,1474,3280417,47769649,14.2,14.85,14.1,14.75,0.5,1134
2021-04-22,1474,5358105,78995381,14.85,15.2,14.0,14.2,-0.55,1957
2021-04-23,1474,6984430,106846345,14.8,15.6,14.55,15.6,1.4,1835
2021-04-26,1474,4604581,78968553,17.15,17.15,17.15,17.15,1.55,1178
2021-04-27,1474,25780205,468551509,18.85,18.85,17.5,17.9,0.75,10900
2021-04-28,1474,7375616,128891374,17.85,17.85,17.1,17.75,-0.15,3217
2021-04-29,1474,25483575,483244977,18.25,19.5,18.0,18.05,0.3,7833
2021-05-03,1474,22500744,437714679,18.2,19.85,18.2,19.85,1.8,7260
2021-05-04,1474,34247498,674991044,20.3,21.25,17.9,18.2,-1.65,13185
2021-05-05,1474,8563254,158126044,18.35,19.1,17.6,18.0,-0.2,3776
2021-05-06,1474,6711896,119179317,18.25,18.65,17.1,17.25,-0.75,2940
2021-05-07,1474,4876556,84391088,17.8,18.0,16.65,17.6,0.35,2141
2021-05-10,1474,4686967,82220041,17.6,18.0,17.15,17.25,-0.35,1988
2021-05-11,1474,9266053,164423498,17.5,18.55,16.5,17.25,0.0,3992
2021-05-12,1474,5043659,82275735,17.25,17.7,15.55,15.55,-1.7,2231
2021-05-13,1474,7348657,104023410,14.05,15.1,14.0,14.0,-1.55,2698
2021-05-14,1474,4431714,62267039,14.6,14.85,13.45,13.95,-0.05,1778
2021-05-17,1474,4574661,60164688,13.2,13.75,12.7,12.75,-1.2,1747
2021-05-18,1474,2362279,32446905,13.3,14.0,13.15,14.0,1.25,922
2021-05-19,1474,3313311,47832439,14.15,14.95,14.0,14.6,0.6,1243
2021-05-20,1474,5085788,75476473,14.8,15.5,14.3,14.3,-0.3,2036
2021-05-21,1474,5041206,76948629,14.8,15.7,14.55,15.7,1.4,1900
2021-05-24,1474,7789572,131034718,15.9,17.25,15.85,17.25,1.55,2880
2021-05-25,1474,21225303,376937089,17.95,18.75,16.45,17.2,-0.05,8770
2021-05-26,1474,11854576,209101820,17.0,18.05,16.75,17.7,0.5,4792
2021-05-27,1474,8501176,150018378,17.7,18.0,17.2,17.85,0.15,3670
2021-05-28,1474,5078481,90224134,17.9,18.2,17.5,17.65,-0.2,2302
2021-05-31,1474,4329515,76237660,17.85,18.0,17.1,17.25,-0.4,2121
2021-06-01,1474,6951914,120148734,17.35,17.65,16.65,17.25,0.0,2220
2021-06-02,1474,2682581,46161701,17.5,17.6,16.95,17.1,-0.15,1298
2021-06-03,1474,15950815,289821826,17.4,18.8,17.3,18.6,1.5,6075
2021-06-04,1474,16883515,309058219,18.45,18.75,17.8,17.9,-0.7,6387
2021-06-07,1474,6527915,115661658,18.15,18.15,17.0,17.3,-0.6,2198
2021-06-08,1474,1290840,22458158,17.5,17.6,17.25,17.3,0.0,566
2021-06-09,1474,2164716,36820288,17.4,17.5,16.7,16.7,-0.6,994
2021-06-10,1474,2365032,39126363,16.7,16.9,16.3,16.5,-0.2,1126
2021-06-11,1474,989120,16341881,16.75,16.75,16.4,16.4,-0.1,503
2021-06-15,1474,1436605,23741053,16.6,16.75,16.4,16.5,0.1,641
2021-06-16,1474,1825574,30092605,16.5,16.8,16.2,16.2,-0.3,736
2021-06-17,1474,1684916,27129124,16.1,16.3,16.0,16.15,-0.05,699
2021-06-18,1474,1195508,19482266,16.3,16.45,16.15,16.15,0.0,542
2021-06-21,1474,2708310,42179084,16.1,16.15,15.2,15.3,-0.85,1123
2021-06-22,1474,1745472,27207933,15.35,15.8,15.35,15.35,0.05,757
2021-06-23,1474,897988,13921900,15.7,15.85,15.35,15.45,0.1,467
2021-06-24,1474,1195708,18826354,15.5,15.95,15.5,15.7,0.25,506
2021-06-25,1474,940850,14830233,15.95,15.95,15.55,15.6,-0.1,453
2021-06-28,1474,1147932,17917539,15.7,15.75,15.4,15.65,0.05,523
2021-06-29,1474,1395805,21558024,15.75,15.75,15.25,15.25,-0.4,670
2021-06-30,1474,2735425,43228701,15.35,16.2,15.25,16.1,0.85,1118
2021-07-01,1474,2780743,44337719,16.35,16.45,15.6,15.65,-0.45,1038
2021-07-02,1474,2290079,36574075,15.8,16.3,15.65,15.65,0.0,1009
2021-07-05,1474,815415,12810803,15.95,15.95,15.6,15.6,-0.05,422
2021-07-06,1474,2203114,35124551,15.8,16.15,15.7,15.9,0.3,1028
2021-07-07,1474,1518174,24251361,16.2,16.3,15.75,15.8,-0.1,643
2021-07-08,1474,1058250,16879225,16.15,16.15,15.75,16.0,0.2,500
2021-07-09,1474,1202319,18833493,15.9,16.0,15.5,15.5,-0.5,608
2021-07-12,1474,1203101,18569511,15.65,15.7,15.35,15.35,-0.15,600
2021-07-13,1474,3441824,52463675,15.45,15.6,14.8,14.8,-0.55,1061
2021-07-14,1474,1292969,18887955,15.0,15.0,14.25,14.6,-0.2,554
2021-07-15,1474,1322100,19988659,14.65,15.4,14.65,15.35,0.75,555
2021-07-16,1474,547850,8351719,15.35,15.4,15.1,15.15,-0.2,300
2021-07-19,1474,1151508,17555794,15.15,15.45,15.05,15.15,0.0,369
2021-07-20,1474,667934,10065381,15.25,15.25,14.9,14.9,-0.25,315
2021-07-21,1474,1573046,22846574,15.05,15.1,14.15,14.25,-0.65,738
2021-07-22,1474,685954,9853036,14.35,14.55,14.2,14.25,0.0,326
2021-07-23,1474,1756879,26393508,14.4,15.3,14.4,15.0,0.75,727
2021-07-26,1474,740145,11100913,15.3,15.35,14.85,14.85,-0.15,338
2021-07-27,1474,769783,11268754,14.85,14.95,14.45,14.45,-0.4,362
2021-07-28,1474,923909,13214218,14.45,14.65,14.0,14.45,0.0,426
2021-07-29,1474,704129,10334604,14.55,14.85,14.45,14.75,0.3,324
2021-07-30,1474,793488,11759627,14.75,15.1,14.45,14.55,-0.2,380
2021-08-02,1474,617698,8984652,14.7,14.7,14.4,14.6,0.05,311
2021-08-03,1474,334195,4855679,14.65,14.65,14.45,14.5,-0.1,149
2021-08-04,1474,284101,4134833,14.75,14.75,14.5,14.55,0.05,174
2021-08-05,1474,690881,10020438,14.55,14.75,14.35,14.35,-0.2,310
2021-08-06,1474,433139,6232438,14.45,14.45,14.3,14.35,0.0,234
2021-08-09,1474,1337240,19364173,14.6,14.6,14.3,14.35,0.0,341
2021-08-10,1474,868758,12653107,14.45,14.75,14.45,14.45,0.1,433
2021-08-11,1474,789202,11314866,14.55,14.6,14.15,14.25,-0.2,379
2021-08-12,1474,332958,4779925,14.45,14.45,14.25,14.3,0.05,180
2021-08-13,1474,486078,6995178,14.55,14.55,14.3,14.35,0.05,219
2021-08-16,1474,836504,11839910,14.4,14.45,14.0,14.15,-0.2,316
2021-08-17,1474,671870,9463067,14.25,14.25,13.95,14.1,-0.05,277
2021-08-18,1474,1006238,14305948,14.0,14.6,13.95,14.5,0.4,367
2021-08-19,1474,682267,9702851,14.4,14.4,14.05,14.2,-0.3,244
2021-08-20,1474,503142,7105493,14.2,14.25,14.05,14.15,-0.05,212
2021-08-23,1474,441136,6354808,14.25,14.5,14.25,14.5,0.35,210
2021-08-24,1474,2296604,34208222,14.45,15.25,14.3,15.1,0.6,909
2021-08-25,1474,1091694,16485175,14.95,15.3,14.95,15.05,-0.05,476
2021-08-26,1474,410118,6121018,15.05,15.15,14.85,14.9,-0.15,228
2021-08-27,1474,1129222,17211378,14.9,15.4,14.8,15.35,0.45,540
2021-08-30,1474,1689016,26392229,15.4,15.9,15.35,15.6,0.25,801
2021-08-31,1474,817827,12605490,15.6,15.7,15.25,15.35,-0.25,414
2021-09-01,1474,845018,13104725,15.35,15.7,15.3,15.55,0.2,391
2021-09-02,1474,663222,10190299,15.6,15.6,15.2,15.2,-0.35,349
2021-09-03,1474,726117,11230317,15.45,15.6,15.35,15.35,0.15,327
2021-09-06,1474,697404,10573214,15.6,15.6,14.9,15.0,-0.35,300
2021-09-07,1474,671660,10000122,15.0,15.1,14.8,14.85,-0.15,320
2021-09-08,1474,306179,4508984,14.85,14.95,14.55,14.55,-0.3,171
2021-09-09,1474,239552,3527339,14.55,14.9,14.5,14.85,0.3,112
2021-09-10,1474,610021,9301972,15.05,15.4,15.05,15.2,0.35,317
2021-09-13,1474,856164,13161252,15.15,15.5,15.1,15.35,0.15,406
2021-09-14,1474,737520,11423215,15.45,15.6,15.35,15.4,0.05,337
2021-09-15,1474,874427,13569459,15.4,15.7,15.25,15.65,0.25,377
2021-09-16,1474,1393127,21889482,15.7,15.95,15.5,15.6,-0.05,609
2021-09-17,1474,554112,8561025,15.6,15.6,15.35,15.45,-0.15,248
2021-09-22,1474,596717,9208497,15.2,15.6,15.05,15.4,-0.05,342
2021-09-23,1474,444634,6904727,15.4,15.7,15.4,15.5,0.1,204
2021-09-24,1474,1066280,16799301,15.65,15.85,15.6,15.7,0.2,455
2021-09-27,1474,2109222,33778346,15.8,16.2,15.8,16.0,0.3,877
2021-09-28,1474,7004719,113934288,16.2,16.85,15.6,15.75,-0.25,3016
2021-09-29,1474,1734953,27233595,15.35,16.05,15.2,15.9,0.15,766
2021-09-30,1474,4073938,66819433,16.05,16.7,15.9,16.25,0.35,1853
2021-10-01,1474,2748005,43984458,16.35,16.65,15.4,15.4,-0.85,1313
2021-10-04,1474,1763748,26990837,15.5,15.8,15.05,15.05,-0.35,659
2021-10-05,1474,1314210,19598980,15.3,15.3,14.7,14.9,-0.15,661
2021-10-06,1474,1471254,21284490,14.7,14.9,14.1,14.15,0.0,705
2021-10-07,1474,720538,10411308,14.45,14.6,14.25,14.5,0.35,346
2021-10-08,1474,2376905,35925298,14.65,15.45,14.65,15.35,0.85,1059
2021-10-12,1474,1621235,24860159,15.4,15.65,15.0,15.3,-0.05,742
2021-10-13,1474,1191063,17750723,15.15,15.25,14.65,14.75,-0.55,603
2021-10-14,1474,902455,13147767,14.95,14.95,14.4,14.45,-0.3,449
2021-10-15,1474,947442,14079218,14.55,15.0,14.55,14.85,0.4,308
2021-10-18,1474,7601472,121883855,15.05,16.3,15.0,16.3,1.45,2669
2021-10-19,1474,7305130,117463201,16.55,16.8,15.65,16.25,-0.05,3042
2021-10-20,1474,6637501,107148386,16.3,16.55,15.6,15.8,-0.45,1896
2021-10-21,1474,1726061,26792134,15.8,15.85,15.35,15.35,-0.45,896
2021-10-22,1474,946768,14421181,15.5,15.55,15.15,15.15,-0.2,495
2021-10-25,1474,742095,11335293,15.2,15.45,15.15,15.3,0.15,363
2021-10-26,1474,2452775,37601956,15.4,15.45,15.2,15.35,0.05,325
2021-10-27,1474,822199,12543548,15.45,15.45,15.1,15.25,-0.1,398
2021-10-28,1474,635341,9643278,15.2,15.3,15.1,15.2,-0.05,264
2021-10-29,1474,522560,7986410,15.2,15.35,15.2,15.25,0.05,247
2021-11-01,1474,771215,11709677,15.35,15.4,15.1,15.1,-0.15,418
2021-11-02,1474,761459,11502531,15.15,15.25,15.0,15.0,-0.1,347
2021-11-03,1474,594051,8971120,15.15,15.2,15.0,15.1,0.1,245
2021-11-04,1474,689709,10562061,15.2,15.4,15.2,15.35,0.25,352
2021-11-05,1474,431107,6581086,15.3,15.4,15.2,15.3,-0.05,226
2021-11-08,1474,646703,9796108,15.3,15.3,15.05,15.05,-0.25,327
2021-11-09,1474,433587,6557516,15.05,15.2,15.05,15.2,0.15,224
2021-11-10,1474,1380603,21243024,15.2,15.55,15.1,15.4,0.2,599
2021-11-11,1474,3987033,62652337,15.4,16.0,15.4,15.7,0.3,1284
2021-11-12,1474,2587570,39771477,15.6,15.8,15.2,15.3,-0.4,791
2021-11-15,1474,1905329,28604633,15.3,15.3,14.9,14.95,-0.35,662
2021-11-16,1474,988834,14747424,15.0,15.05,14.8,14.95,0.0,364
2021-11-17,1474,592928,8839716,15.0,15.05,14.85,14.9,-0.05,271
2021-11-18,1474,452197,6732652,15.05,15.05,14.85,14.85,-0.05,255
2021-11-19,1474,865323,12797489,14.9,14.95,14.7,14.75,-0.1,339
2021-11-22,1474,482932,7185555,14.8,14.95,14.8,14.85,0.1,215
2021-11-23,1474,409000,6070000,14.85,15.0,14.75,14.8,-0.05,206
2021-11-24,1474,433570,6492068,14.85,15.1,14.8,15.0,0.2,230
2021-11-25,1474,335062,5008625,15.05,15.1,14.9,14.9,-0.1,142
2021-11-26,1474,614653,9121931,14.95,14.95,14.8,14.95,0.05,233
2021-11-29,1474,493216,7332972,14.9,15.1,14.8,14.85,-0.1,229
2021-11-30,1474,496278,7448578,14.9,15.1,14.85,15.05,0.2,229
2021-12-01,1474,401318,6013571,15.05,15.1,14.9,15.1,0.05,157
2021-12-02,1474,249424,3720602,15.0,15.1,14.85,14.9,-0.2,166
2021-12-03,1474,455400,6779870,14.95,15.05,14.8,14.9,0.0,216
2021-12-06,1474,553376,8336319,14.9,15.3,14.9,15.05,0.15,261
2021-12-07,1474,242210,3642368,15.1,15.15,15.0,15.05,0.0,138
2021-12-08,1474,371301,5567765,15.1,15.2,14.95,15.0,-0.05,183
2021-12-09,1474,995412,15182904,15.05,15.45,15.0,15.25,0.25,434
2021-12-10,1474,290689,4414267,15.35,15.35,15.1,15.15,-0.1,193
2021-12-13,1474,383112,5781377,15.15,15.25,15.0,15.0,-0.15,193
2021-12-14,1474,387402,5828499,15.0,15.3,14.9,14.95,-0.05,244
2021-12-15,1474,134786,2019525,15.0,15.05,14.95,15.0,0.05,102
2021-12-16,1474,502100,7526959,15.0,15.05,14.9,14.95,-0.05,199
2021-12-17,1474,954423,14524961,15.0,15.4,15.0,15.15,0.2,420
2021-12-20,1474,207300,3135833,15.15,15.2,15.05,15.2,0.05,113
2021-12-21,1474,282184,4288962,15.2,15.3,15.1,15.3,0.1,149
2021-12-22,1474,523110,7955408,15.35,15.4,15.05,15.15,-0.15,237
2021-12-23,1474,1477580,22703916,15.15,15.5,15.15,15.5,0.35,533
2021-12-24,1474,697517,10823290,15.6,15.7,15.4,15.4,-0.1,347
2021-12-27,1474,436335,6730689,15.45,15.5,15.3,15.45,0.05,228
2021-12-28,1474,369100,5679544,15.5,15.5,15.35,15.35,-0.1,205
2021-12-29,1474,763566,11848260,15.5,15.65,15.35,15.55,0.2,331
2021-12-30,1474,551824,8521756,15.55,15.55,15.4,15.5,-0.05,205
2022-01-03,1474,442295,6836201,15.5,15.55,15.35,15.55,0.05,222
2022-01-04,1474,582243,9054827,15.55,15.7,15.5,15.6,0.05,265
2022-01-05,1474,1830123,28984104,15.6,16.0,15.55,15.8,0.2,727
2022-01-06,1474,2255931,35991273,15.85,16.2,15.75,15.85,0.05,901
2022-01-07,1474,986360,15399316,15.8,15.9,15.5,15.6,-0.25,399
2022-01-10,1474,489138,7668289,15.55,15.75,15.55,15.7,0.1,232
2022-01-11,1474,538622,8373675,15.7,15.7,15.45,15.6,-0.1,209
2022-01-12,1474,378002,5883480,15.7,15.7,15.5,15.55,-0.05,144
2022-01-13,1474,620318,9681942,15.6,15.7,15.55,15.7,0.15,195
2022-01-14,1474,548056,8503228,15.7,15.7,15.4,15.4,-0.3,204
2022-01-17,1474,563722,8670381,15.45,15.5,15.3,15.45,0.05,203
2022-01-18,1474,746907,11765193,15.6,15.95,15.55,15.7,0.25,315
2022-01-19,1474,380465,5968601,15.7,15.8,15.55,15.6,-0.1,189
2022-01-20,1474,340002,5280730,15.6,15.65,15.45,15.5,-0.1,159
2022-01-21,1474,513374,7932823,15.5,15.65,15.35,15.35,-0.15,200
2022-01-24,1474,630323,9503489,15.3,15.3,14.95,15.2,-0.15,265
2022-01-25,1474,870849,13006300,15.0,15.1,14.8,14.9,-0.3,328
2022-01-26,1474,829703,12353813,15.0,15.0,14.8,14.9,0.0,250
2022-02-07,1474,292019,4413735,14.95,15.2,14.95,15.15,0.25,134
2022-02-08,1474,423728,6507604,15.25,15.45,15.2,15.4,0.25,173
2022-02-09,1474,286552,4406911,15.4,15.45,15.3,15.45,0.05,129
2022-02-10,1474,292195,4481550,15.45,15.45,15.25,15.35,-0.1,136
2022-02-11,1474,176386,2711889,15.3,15.4,15.3,15.4,0.05,107
2022-02-14,1474,253294,3840966,15.3,15.3,15.1,15.15,-0.25,115
2022-02-15,1474,250329,3791899,15.15,15.25,15.05,15.1,-0.05,121
2022-02-16,1474,355243,5376894,15.2,15.25,15.05,15.2,0.1,126
2022-02-17,1474,338440,5148297,15.2,15.3,15.15,15.2,0.0,127
2022-02-18,1474,254763,3859380,15.2,15.2,15.1,15.2,0.0,116
2022-02-21,1474,166443,2534053,15.1,15.3,15.1,15.3,0.1,80
2022-02-22,1474,465277,7004119,15.25,15.3,14.95,15.15,-0.15,203
2022-02-23,1474,881270,13602090,15.25,15.65,15.2,15.6,0.45,427
2022-02-24,1474,2012067,31389440,15.5,15.8,15.35,15.65,0.05,1024
2022-02-25,1474,4202134,66691233,15.75,16.05,15.6,15.95,0.3,1731
2022-03-01,1474,1264654,20020939,15.95,15.95,15.75,15.85,-0.1,607
2022-03-02,1474,1232202,19662975,15.8,16.05,15.8,15.95,0.1,571
2022-03-03,1474,1208955,19084173,16.05,16.1,15.55,15.55,-0.4,527
2022-03-04,1474,716742,11119086,15.5,15.7,15.4,15.4,-0.15,274
2022-03-07,1474,1340290,20344990,15.4,15.4,15.0,15.05,-0.35,420
2022-03-08,1474,1032971,15481066,15.0,15.2,14.85,14.95,-0.1,319
2022-03-09,1474,390237,5870202,15.05,15.1,15.0,15.1,0.15,136
2022-03-10,1474,287064,4353222,15.15,15.2,15.1,15.15,0.05,131
2022-03-11,1474,224501,3376810,15.1,15.1,15.0,15.1,-0.05,86
2022-03-14,1474,279547,4220747,15.15,15.25,15.05,15.1,0.0,94
2022-03-15,1474,472859,7096472,15.05,15.1,14.95,15.05,-0.05,191
2022-03-16,1474,239333,3605148,15.1,15.15,15.0,15.05,0.0,109
2022-03-17,1474,304428,4599225,15.15,15.2,15.05,15.15,0.1,115
2022-03-18,1474,231043,3493056,15.2,15.2,15.1,15.15,0.0,105
2022-03-21,1474,243106,3685221,15.1,15.2,15.1,15.2,0.05,103
2022-03-22,1474,298591,4524496,15.2,15.25,15.1,15.2,0.0,123
2022-03-23,1474,598595,9080496,15.2,15.3,15.1,15.15,-0.05,211
2022-03-24,1474,495527,7465239,15.25,15.25,15.0,15.0,-0.15,189
2022-03-25,1474,266386,4003333,15.05,15.1,14.95,15.0,0.0,133
2022-03-28,1474,305676,4574362,15.05,15.1,14.9,15.0,0.0,171
2022-03-29,1474,261005,3918178,15.0,15.1,14.95,15.0,0.0,162
2022-03-30,1474,432451,6541426,15.1,15.3,15.05,15.05,0.05,158
2022-03-31,1474,235287,3541018,15.1,15.15,15.0,15.05,0.0,146
2022-04-01,1474,187418,2807241,15.0,15.05,14.95,14.95,-0.1,119
2022-04-06,1474,150471,2249465,14.95,15.05,14.85,15.0,0.05,112
2022-04-07,1474,812101,11986157,14.9,15.0,14.6,14.65,-0.35,292
2022-04-08,1474,333330,4913534,14.7,14.85,14.65,14.7,0.05,166
2022-04-11,1474,363435,5297440,14.7,14.7,14.5,14.5,-0.2,187
2022-04-12,1474,271867,3967274,14.5,14.75,14.4,14.6,0.1,126
2022-04-13,1474,175113,2573321,14.7,14.75,14.65,14.7,0.1,85
2022-04-14,1474,205601,3014440,14.8,14.8,14.55,14.7,0.0,106
2022-04-15,1474,299447,4350520,14.65,14.65,14.45,14.55,-0.15,165
2022-04-18,1474,307096,4424788,14.55,14.55,14.3,14.3,-0.25,176
2022-04-19,1474,207219,2973962,14.4,14.4,14.3,14.35,0.05,132
2022-04-20,1474,439258,6223301,14.35,14.35,14.05,14.2,-0.15,230
2022-04-21,1474,253180,3596067,14.2,14.3,14.1,14.3,0.1,135
2022-04-22,1474,117184,1663924,14.3,14.3,14.15,14.25,-0.05,83
2022-04-25,1474,491003,6824144,14.1,14.1,13.7,13.7,-0.55,242
2022-04-26,1474,262077,3589758,13.75,13.75,13.65,13.75,0.05,133
2022-04-27,1474,608782,8121785,13.3,13.6,13.2,13.5,-0.25,241
2022-04-28,1474,200189,2716242,13.6,13.7,13.5,13.55,0.05,97
2022-04-29,1474,101355,1377141,13.55,13.65,13.55,13.6,0.05,65
2022-05-03,1474,144467,1966469,13.45,13.8,13.45,13.8,0.2,109
2022-05-04,1474,201240,2776481,13.8,13.85,13.75,13.8,0.0,93
2022-05-05,1474,196172,2705183,13.8,13.9,13.7,13.75,-0.05,68
2022-05-06,1474,65722,895265,13.55,13.7,13.55,13.7,-0.05,62
2022-05-09,1474,361880,4822940,13.6,13.6,13.1,13.1,-0.6,135
2022-05-10,1474,438517,5681883,13.15,13.15,12.85,12.9,-0.2,183
2022-05-11,1474,292370,3737953,12.9,12.95,12.7,12.7,-0.2,127
2022-05-12,1474,601133,7443521,12.6,12.7,12.05,12.1,-0.6,272
2022-05-13,1474,218440,2685649,12.4,12.4,12.15,12.4,0.3,115
2022-05-16,1474,287027,3555437,12.5,12.55,12.3,12.4,0.0,109
2022-05-17,1474,153352,1911968,12.5,12.55,12.4,12.55,0.15,79
2022-05-18,1474,100000,1267300,12.5,12.8,12.5,12.7,0.15,75
2022-05-19,1474,96901,1216067,12.5,12.65,12.45,12.65,-0.05,64
2022-05-20,1474,140381,1781808,12.7,12.75,12.65,12.75,0.1,72
2022-05-23,1474,93084,1182281,12.8,12.8,12.65,12.65,-0.1,58
2022-05-24,1474,230030,2966171,12.8,13.05,12.75,12.75,0.1,142
2022-05-25,1474,481935,6369105,12.9,13.5,12.8,13.25,0.5,237
2022-05-26,1474,153970,2028663,13.4,13.4,13.05,13.05,-0.2,112
2022-05-27,1474,128210,1680759,13.35,13.35,13.05,13.15,0.1,74
2022-05-30,1474,102437,1347054,13.35,13.35,13.05,13.15,0.0,76
2022-05-31,1474,49000,642950,13.1,13.2,13.05,13.15,0.0,28
2022-06-01,1474,90193,1185096,13.1,13.2,13.1,13.15,0.0,44
2022-06-02,1474,78385,1023201,13.15,13.15,13.0,13.05,-0.1,54
2022-06-06,1474,316416,4078446,13.05,13.05,12.8,12.85,-0.2,134
2022-06-07,1474,94125,1216730,12.9,12.95,12.85,12.9,0.05,62
2022-06-08,1474,105160,1358234,12.9,13.0,12.85,12.9,0.0,47
2022-06-09,1474,181289,2338474,13.0,13.0,12.85,12.9,0.0,61
2022-06-10,1474,69003,887487,12.85,12.95,12.8,12.9,0.0,41
2022-06-13,1474,123412,1568997,12.75,12.8,12.65,12.7,-0.2,97
2022-06-14,1474,261769,3285730,12.7,12.7,12.45,12.6,-0.1,109
2022-06-15,1474,203886,2651970,12.7,13.35,12.65,13.35,0.75,123
2022-06-16,1474,454341,5874999,13.2,13.2,12.55,12.55,-0.8,221
2022-06-17,1474,322579,4034594,12.5,12.6,12.45,12.6,0.05,131
2022-06-20,1474,344924,4272595,12.55,12.55,12.3,12.35,-0.25,146
2022-06-21,1474,153016,1907149,12.35,12.6,12.35,12.6,0.25,61
2022-06-22,1474,191040,2360354,12.5,12.5,12.15,12.25,-0.35,72
2022-06-23,1474,131391,1615712,12.4,12.5,12.15,12.25,0.0,70
2022-06-24,1474,76050,941779,12.35,12.45,12.3,12.35,0.1,38
2022-06-27,1474,75201,937980,12.4,12.5,12.4,12.45,0.1,42
2022-06-28,1474,58001,723512,12.45,12.55,12.4,12.55,0.1,35
2022-06-29,1474,59045,734913,12.5,12.5,12.4,12.5,-0.05,25
2022-06-30,1474,144872,1759846,12.5,12.5,12.05,12.1,-0.4,84
2022-07-01,1474,483784,5688690,12.05,12.1,11.25,11.25,-0.85,211
2022-07-04,1474,233994,2672212,11.3,11.55,11.25,11.5,0.25,115
2022-07-05,1474,78720,919651,11.75,11.8,11.6,11.8,0.3,61
2022-07-06,1474,192768,2206560,11.75,11.75,11.25,11.3,-0.5,96
2022-07-07,1474,247011,2778606,11.3,11.45,10.9,11.4,0.1,104
2022-07-08,1474,105348,1206741,11.5,11.6,11.4,11.4,0.0,57
2022-07-11,1474,48701,553219,11.4,11.4,11.3,11.4,0.0,35
2022-07-12,1474,164832,1835280,11.35,11.35,11.05,11.05,-0.35,87
2022-07-13,1474,185921,2088982,11.3,11.3,11.2,11.25,0.2,54
2022-07-14,1474,167380,1884304,11.2,11.35,11.2,11.25,0.0,67
2022-07-15,1474,155179,1760631,11.25,11.4,11.2,11.4,0.15,86
2022-07-18,1474,192419,2224803,11.4,11.6,11.4,11.6,0.2,65
2022-07-19,1474,106078,1237925,11.55,11.75,11.55,11.75,0.15,58
2022-07-20,1474,111386,1311792,11.75,11.85,11.7,11.8,0.05,64
2022-07-21,1474,84255,986123,11.8,11.8,11.65,11.75,-0.05,72
2022-07-22,1474,102596,1197643,11.8,11.8,11.6,11.75,0.0,52
2022-07-25,1474,79002,933773,11.75,11.9,11.75,11.9,0.15,38
2022-07-26,1474,181000,2168400,11.95,12.2,11.9,11.9,0.0,100
2022-07-27,1474,79501,946072,11.9,12.0,11.8,12.0,0.1,53
2022-07-28,1474,101699,1210675,12.05,12.05,11.85,11.85,-0.15,92
2022-07-29,1474,198729,2381201,11.9,12.1,11.85,12.1,0.25,155
2022-08-01,1474,65045,756978,11.6,11.7,11.55,11.7,0.0,54
2022-08-02,1474,110902,1271021,11.6,11.6,11.35,11.5,-0.2,92
2022-08-03,1474,132534,1510054,11.55,11.65,11.25,11.45,-0.05,78
2022-08-04,1474,93415,1056564,11.4,11.45,11.2,11.45,0.0,61
2022-08-05,1474,647231,7645926,11.5,11.95,11.5,11.95,0.5,224
2022-08-08,1474,56230,664311,11.9,11.9,11.75,11.9,-0.05,41
2022-08-09,1474,59140,700804,11.9,11.9,11.75,11.9,0.0,35
2022-08-10,1474,35760,422630,11.85,11.85,11.8,11.85,-0.05,31
2022-08-11,1474,256623,3077576,11.9,12.1,11.85,12.05,0.2,101
2022-08-12,1474,427666,5214414,12.1,12.35,12.0,12.15,0.1,193
2022-08-15,1474,206385,2527893,12.25,12.5,12.1,12.1,-0.05,109
2022-08-16,1474,103278,1253272,12.4,12.4,12.0,12.05,-0.05,75
2022-08-17,1474,181311,2173232,12.15,12.15,11.9,12.1,0.05,119
2022-08-18,1474,54282,653518,12.1,12.1,11.95,12.1,0.0,41
2022-08-19,1474,59266,720374,12.2,12.25,12.1,12.1,0.0,105
2022-08-22,1474,46595,563317,12.1,12.2,12.0,12.0,-0.1,49
2022-08-23,1474,46448,557088,12.1,12.1,11.95,11.95,-0.05,43
2022-08-24,1474,55001,662112,12.0,12.1,12.0,12.05,0.1,34
2022-08-25,1474,84309,1019138,12.15,12.15,12.0,12.15,0.1,62
2022-08-26,1474,157090,1920366,12.15,12.3,12.15,12.3,0.15,91
2022-08-29,1474,45852,555547,12.05,12.2,12.0,12.15,-0.15,50
2022-08-30,1474,107376,1306586,12.2,12.3,12.1,12.25,0.1,71
2022-08-31,1474,94200,1150940,12.2,12.3,12.15,12.25,0.0,55
2022-09-01,1474,74237,894802,12.15,12.15,12.0,12.1,-0.15,51
2022-09-02,1474,77050,928763,12.15,12.2,12.0,12.05,-0.05,32
2022-09-05,1474,57550,692143,12.1,12.15,11.95,11.95,-0.1,41
2022-09-06,1474,45086,537432,12.15,12.15,11.85,11.9,-0.05,28
2022-09-07,1474,42627,503484,11.8,11.9,11.75,11.85,-0.05,41
2022-09-08,1474,82552,982457,11.85,12.0,11.8,12.0,0.15,53
2022-09-12,1474,44719,537009,12.05,12.05,11.95,11.95,-0.05,34
2022-09-13,1474,121431,1454357,12.0,12.05,11.95,12.0,0.05,60
2022-09-14,1474,76601,912712,11.75,12.0,11.75,12.0,0.0,50
2022-09-15,1474,2199715,28070403,11.9,13.2,11.85,13.2,1.2,930
2022-09-16,1474,3510556,46935029,13.3,13.75,12.85,13.2,0.0,1751
2022-09-19,1474,932954,12118286,13.25,13.4,12.7,12.7,-0.5,450
2022-09-20,1474,301051,3869554,13.0,13.0,12.7,12.9,0.2,154
2022-09-21,1474,3874837,52567228,12.9,14.05,12.75,12.9,0.0,2002
2022-09-22,1474,1667490,22115492,12.9,13.7,12.75,13.15,0.25,903
2022-09-23,1474,781830,10224117,13.15,13.4,12.8,12.8,-0.35,475
2022-09-26,1474,554757,6894189,12.9,12.9,12.2,12.3,-0.5,344
2022-09-27,1474,301541,3759361,12.65,12.65,12.3,12.35,0.05,171
2022-09-28,1474,476214,5889982,12.55,12.85,12.1,12.1,-0.25,294
2022-09-29,1474,325231,3966069,12.2,12.4,12.1,12.1,0.0,164
2022-09-30,1474,638179,7524223,12.1,12.1,11.4,11.75,-0.35,281
2022-10-03,1474,113051,1336601,11.9,11.9,11.7,11.85,0.1,77
2022-10-04,1474,191945,2285185,11.95,12.15,11.85,11.85,0.0,118
2022-10-05,1474,143813,1711298,11.9,12.0,11.8,11.8,-0.05,86
2022-10-06,1474,146331,1732659,12.0,12.0,11.8,11.8,0.0,66
2022-10-07,1474,119151,1410779,11.85,11.9,11.8,11.85,0.05,51
2022-10-11,1474,204365,2359077,11.75,11.8,11.35,11.45,-0.4,137
2022-10-12,1474,143178,1616996,11.4,11.4,11.2,11.3,-0.15,73
2022-10-13,1474,473377,5123944,11.3,11.35,10.35,10.55,-0.75,257
2022-10-14,1474,115296,1262329,10.75,11.05,10.75,10.9,0.35,97
2022-10-17,1474,67753,726966,10.8,10.8,10.65,10.75,-0.15,53
2022-10-18,1474,57676,623749,10.9,10.9,10.75,10.8,0.05,46
2022-10-19,1474,37104,401356,10.9,10.9,10.75,10.75,-0.05,45
2022-10-20,1474,121807,1301495,10.85,10.85,10.6,10.75,0.0,78
2022-10-21,1474,20431,219374,10.75,10.75,10.7,10.75,0.0,20
2022-10-24,1474,72316,785312,10.75,11.0,10.75,10.85,0.1,64
2022-10-25,1474,58016,623147,10.85,10.85,10.65,10.75,-0.1,62
2022-10-26,1474,53369,579250,10.9,10.9,10.8,10.85,0.1,47
2022-10-27,1474,20752,226107,10.85,10.95,10.85,10.95,0.1,23
2022-10-28,1474,49588,540063,10.85,10.95,10.85,10.85,-0.1,44
2022-10-31,1474,84080,926771,11.0,11.1,10.85,10.9,0.05,68
2022-11-01,1474,55001,605660,11.05,11.05,10.95,11.0,0.1,25
2022-11-02,1474,116730,1274149,11.05,11.05,10.85,10.85,-0.15,74
2022-11-03,1474,79001,857161,10.8,10.9,10.8,10.85,0.0,37
2022-11-04,1474,78418,860498,10.85,11.0,10.85,11.0,0.15,51
2022-11-07,1474,108900,1208580,11.0,11.2,11.0,11.15,0.15,69
2022-11-08,1474,71401,797680,11.1,11.25,11.1,11.15,0.0,50
2022-11-09,1474,115168,1298298,11.2,11.35,11.2,11.3,0.15,59
2022-11-10,1474,16200,181448,11.3,11.3,11.15,11.2,-0.1,19
2022-11-11,1474,82090,922175,11.4,11.4,11.15,11.2,0.0,50
2022-11-14,1474,134581,1528299,11.15,11.45,11.15,11.45,0.25,79
2022-11-15,1474,83234,946677,11.4,11.45,11.3,11.35,-0.1,54
2022-11-16,1474,75704,851489,11.3,11.4,11.15,11.15,-0.2,63
2022-11-17,1474,41009,465054,11.35,11.4,11.25,11.4,0.25,33
2022-11-18,1474,111346,1266042,11.45,11.45,11.25,11.4,0.0,76
2022-11-21,1474,56153,639793,11.35,11.5,11.35,11.4,0.0,39
2022-11-22,1474,109597,1235458,11.35,11.35,11.2,11.25,-0.15,70
2022-11-23,1474,81006,911768,11.25,11.4,11.2,11.25,0.0,54
2022-11-24,1474,57033,643623,11.3,11.35,11.2,11.35,0.1,54
2022-11-25,1474,59504,672093,11.3,11.35,11.2,11.3,-0.05,46
2022-11-28,1474,52027,588020,11.2,11.35,11.2,11.35,0.05,29
2022-11-29,1474,134409,1526574,11.25,11.45,11.25,11.4,0.05,55
2022-11-30,1474,917828,10947690,11.45,12.2,11.4,11.9,0.5,417
2022-12-01,1474,587204,7132686,11.9,12.4,11.9,12.1,0.2,285
2022-12-02,1474,368463,4505893,12.05,12.5,12.05,12.15,0.05,193
2022-12-05,1474,177184,2189612,12.2,12.45,12.2,12.4,0.25,101
2022-12-06,1474,350257,4365250,12.5,12.6,12.4,12.5,0.1,163
2022-12-07,1474,555190,6924820,12.45,12.55,12.35,12.35,-0.15,143
2022-12-08,1474,132140,1646061,12.45,12.55,12.4,12.45,0.1,67
2022-12-09,1474,275021,3410611,12.55,12.55,12.25,12.25,-0.2,141
2022-12-12,1474,35101,427731,12.2,12.2,12.15,12.15,-0.1,29
2022-12-13,1474,129150,1553964,12.15,12.15,11.95,11.95,-0.2,79
2022-12-14,1474,91152,1097424,12.0,12.25,11.95,11.95,0.0,50
2022-12-15,1474,82000,983400,11.95,12.1,11.95,11.95,0.0,34
2022-12-16,1474,56001,675262,11.95,12.3,11.95,11.95,0.0,40
2022-12-19,1474,61151,738407,12.0,12.15,12.0,12.05,0.1,44
2022-12-20,1474,145010,1739769,12.0,12.1,11.9,11.9,-0.15,74
2022-12-21,1474,36149,431322,11.9,11.95,11.9,11.95,0.05,25
2022-12-22,1474,26295,317990,12.05,12.15,12.05,12.05,0.1,25
2022-12-23,1474,56000,671700,12.1,12.1,11.85,12.0,-0.05,37
2022-12-26,1474,103102,1247948,12.0,12.15,12.0,12.05,0.05,40
2022-12-27,1474,94000,1131000,12.2,12.2,12.0,12.05,0.0,41
2022-12-28,1474,85287,1024413,12.05,12.15,11.95,11.95,-0.1,41
2022-12-29,1474,31410,374604,11.85,12.05,11.85,11.95,0.0,26
2022-12-30,1474,20271,243324,12.0,12.1,11.95,11.95,0.0,15
2023-01-03,1474,39134,469791,12.0,12.05,11.95,12.0,0.05,23
2023-01-04,1474,61735,740523,12.0,12.05,11.95,12.05,0.05,35
2023-01-05,1474,83422,1003273,12.0,12.1,12.0,12.1,0.05,41
2023-01-06,1474,39312,474414,12.0,12.1,12.0,12.1,0.0,28
2023-01-09,1474,56072,679515,12.1,12.15,12.05,12.1,0.0,32
2023-01-10,1474,36251,438597,12.1,12.1,12.05,12.1,0.0,19
2023-01-11,1474,56104,675803,12.05,12.15,12.0,12.0,-0.1,28
2023-01-12,1474,12010,144870,12.1,12.1,12.05,12.05,0.05,17
2023-01-13,1474,62008,747946,12.0,12.1,12.0,12.05,0.0,51
2023-01-16,1474,79003,950036,12.05,12.05,12.0,12.05,0.0,41
2023-01-17,1474,39007,470385,12.1,12.1,12.05,12.1,0.05,26
2023-01-30,1474,174053,2111141,12.15,12.15,12.05,12.05,-0.05,102
2023-01-31,1474,82366,990676,12.05,12.1,12.0,12.05,0.0,40
2023-02-01,1474,127457,1533157,12.05,12.1,12.0,12.05,0.0,50
2023-02-02,1474,100441,1217785,12.05,12.25,12.05,12.1,0.05,56
2023-02-03,1474,36007,437337,12.15,12.15,12.1,12.15,0.05,31
2023-02-06,1474,75368,915764,12.15,12.15,12.15,12.15,0.0,47
2023-02-07,1474,73218,889505,12.2,12.2,12.1,12.15,0.0,49
2023-02-08,1474,28005,340359,12.15,12.2,12.15,12.15,0.0,30
2023-02-09,1474,76021,922005,12.15,12.15,12.1,12.1,-0.05,34
2023-02-10,1474,50642,613854,12.1,12.2,12.05,12.1,0.0,36
2023-02-13,1474,84000,1017600,12.1,12.15,12.05,12.1,0.0,61
2023-02-14,1474,105056,1275585,12.15,12.15,12.1,12.15,0.05,65
2023-02-15,1474,102450,1239238,12.15,12.15,12.05,12.05,-0.1,72
2023-02-16,1474,108111,1306349,12.05,12.15,12.05,12.1,0.05,51
2023-02-17,1474,110616,1341260,12.25,12.25,12.05,12.1,0.0,79
2023-02-20,1474,101259,1226162,12.1,12.2,12.05,12.2,0.1,73
2023-02-21,1474,54337,662394,12.15,12.25,12.15,12.2,0.0,50
2023-02-22,1474,87857,1071550,12.15,12.25,12.15,12.2,0.0,183
2023-02-23,1474,474913,5883683,12.25,12.55,12.25,12.3,0.1,243
2023-02-24,1474,91589,1126028,12.3,12.35,12.25,12.3,0.0,216
2023-03-01,1474,60656,740654,12.3,12.3,12.15,12.2,-0.1,55
2023-03-02,1474,165573,2016447,12.15,12.2,12.15,12.2,0.0,59
2023-03-03,1474,214355,2608927,12.25,12.25,12.15,12.15,-0.05,92
2023-03-06,1474,348584,4276645,12.1,12.5,12.1,12.35,0.2,135
2023-03-07,1474,93357,1144412,12.35,12.35,12.2,12.35,0.0,75
2023-03-08,1474,104350,1282771,12.3,12.35,12.25,12.3,-0.05,73
2023-03-09,1474,134472,1645464,12.4,12.4,12.2,12.2,-0.1,113
2023-03-10,1474,757918,9437350,12.25,12.65,12.25,12.35,0.15,400
2023-03-13,1474,114304,1407130,12.25,12.35,12.25,12.3,-0.05,63
2023-03-14,1474,56309,692106,12.4,12.4,12.25,12.3,0.0,52
2023-03-15,1474,181155,2246070,12.3,12.5,12.3,12.35,0.05,117
2023-03-16,1474,209280,2557466,12.35,12.4,12.1,12.2,-0.15,127
2023-03-17,1474,43657,532323,12.2,12.25,12.15,12.2,0.0,50
2023-03-20,1474,63245,770824,12.2,12.25,12.15,12.2,0.0,34
2023-03-21,1474,57620,702802,12.2,12.25,12.15,12.2,0.0,40
2023-03-22,1474,48973,599444,12.25,12.3,12.2,12.25,0.05,100
2023-03-23,1474,29491,361187,12.2,12.25,12.2,12.25,0.0,63
2023-03-24,1474,55445,680012,12.3,12.3,12.2,12.25,0.0,58
2023-03-27,1474,62092,760912,12.3,12.3,12.25,12.25,0.0,71
2023-03-28,1474,87982,1073404,12.25,12.3,12.15,12.2,-0.05,64
