date,stock_id,Trading_Volume,Trading_money,open,max,min,close,spread,Trading_turnover
2001-09-19,2461,425000,10540000,24.8,24.8,24.8,24.8,0.0,69
2001-09-20,2461,618170,14996390,24.3,24.9,24.0,24.7,-0.1,233
2001-09-21,2461,213404,5122820,23.9,24.3,23.9,24.1,-0.6,135
2001-09-24,2461,1257137,29837783,23.0,25.0,23.0,24.7,0.6,423
2001-09-25,2461,2250000,58061600,25.8,26.4,25.0,25.0,0.3,590
2001-09-26,2461,1916375,50166325,25.6,26.7,25.4,26.7,1.7,619
2001-09-27,2461,1370005,36670730,26.7,27.4,26.0,26.7,0.0,404
2001-09-28,2461,657012,17644317,27.2,27.2,26.2,26.4,-0.3,251
2001-10-02,2461,444795,11149476,26.5,26.9,24.6,24.6,-1.8,195
2001-10-03,2461,439310,10915483,24.4,25.2,24.4,25.2,0.6,216
2001-10-04,2461,1335110,35389957,26.8,26.9,25.8,25.9,0.7,447
2001-10-05,2461,804160,21408721,26.0,27.0,26.0,26.5,0.6,309
2001-10-08,2461,558865,14294401,25.2,26.0,25.2,25.9,-0.6,210
2001-10-09,2461,973000,25332100,26.4,26.4,25.4,25.8,-0.1,358
2001-10-11,2461,1871300,50568299,26.1,27.6,26.1,27.6,1.8,584
2001-10-12,2461,2382250,67549322,28.5,28.9,27.7,28.9,1.3,694
2001-10-15,2461,613001,16856728,28.7,28.7,27.0,27.2,-1.7,244
2001-10-16,2461,958400,26114324,27.2,28.0,26.8,28.0,0.8,313
2001-10-17,2461,728060,20342971,28.0,28.4,27.2,27.2,-0.8,310
2001-10-18,2461,262169,7047532,26.8,27.2,26.3,27.0,-0.2,140
2001-10-19,2461,830500,22902286,27.0,28.0,26.5,27.5,0.5,300
2001-10-22,2461,826585,23215212,28.0,28.4,27.6,27.6,0.1,319
2001-10-23,2461,1215762,33329707,28.0,28.2,26.6,27.0,-0.6,491
2001-10-24,2461,965408,26556914,26.8,27.9,26.8,27.7,0.7,342
2001-10-25,2461,2094819,60005214,28.0,29.3,27.9,28.8,1.1,744
2001-10-26,2461,1886701,54989376,29.3,29.9,28.5,28.8,0.0,677
2001-10-29,2461,866655,25341656,28.8,29.7,28.8,29.0,0.2,359
2001-10-30,2461,628247,17797821,28.1,28.7,28.0,28.1,-0.9,212
2001-10-31,2461,863840,24799976,28.2,29.0,28.2,28.7,0.6,294
2001-11-01,2461,2163104,64333767,29.5,30.7,29.2,30.7,2.0,708
2001-11-02,2461,2840708,90512474,31.5,32.8,31.0,32.6,1.9,998
2001-11-05,2461,1341152,43705498,32.5,33.2,31.5,33.2,0.6,592
2001-11-06,2461,1399697,46071177,33.5,34.3,31.8,32.5,-0.7,545
2001-11-07,2461,1215360,40412237,32.7,34.0,32.5,33.3,0.8,498
2001-11-08,2461,2199082,74828071,33.3,34.8,33.0,34.7,1.4,795
2001-11-09,2461,1612632,56458415,34.9,35.9,34.0,35.4,0.7,579
2001-11-12,2461,2256070,81963781,35.8,36.8,35.8,36.3,0.9,712
2001-11-13,2461,970539,35147044,36.0,37.0,35.0,36.0,-0.3,473
2001-11-14,2461,1349884,48016370,36.0,36.8,34.5,34.5,-1.5,579
2001-11-15,2461,1887480,64950907,35.0,35.4,33.8,34.8,0.3,722
2001-11-16,2461,1658779,57010731,35.3,35.4,33.8,33.8,-1.0,756
2001-11-19,2461,2338121,82038221,34.0,35.8,34.0,35.5,1.7,852
2001-11-20,2461,2869005,104176809,36.3,37.4,34.5,35.4,-0.1,1070
2001-11-21,2461,2019440,73690033,35.0,37.5,34.6,37.5,2.1,826
2001-11-22,2461,2070505,75338847,37.4,37.5,35.4,36.0,-1.5,621
2001-11-23,2461,2367985,88462380,36.8,38.2,36.3,37.6,1.6,863
2001-11-26,2461,1291732,51464883,39.1,40.2,39.1,40.2,2.6,332
2001-11-27,2461,4288878,183072508,43.0,43.0,42.0,42.6,2.4,1200
2001-11-28,2461,2384265,102641169,42.6,44.0,42.0,42.2,-0.4,806
2001-11-29,2461,1752621,75389845,40.6,45.1,40.6,45.1,2.9,570
2001-11-30,2461,2026491,92627569,45.3,47.0,44.0,44.6,-0.5,884
2001-12-03,2461,2762184,126066771,45.0,46.9,44.0,44.6,0.0,1058
2001-12-04,2461,2643722,118227199,44.0,45.3,43.7,44.5,-0.1,962
2001-12-05,2461,3493139,155700098,45.1,46.0,41.4,43.7,-0.8,1179
2001-12-06,2461,4556453,195948871,44.2,44.5,41.5,42.9,-0.8,1649
2001-12-07,2461,4328332,180318761,42.5,42.8,41.1,41.2,-1.7,1639
2001-12-10,2461,7080103,304771148,41.2,44.0,41.2,43.1,1.9,2600
2001-12-11,2461,4970117,218179370,43.1,44.8,43.1,43.5,0.4,1752
2001-12-12,2461,6951425,315023936,44.0,46.3,44.0,45.6,2.1,2486
2001-12-13,2461,6081588,272409156,46.1,46.6,42.5,42.5,-3.1,2191
2001-12-14,2461,3348964,139171055,41.2,42.3,41.0,41.3,-1.2,1258
2001-12-17,2461,6106752,268833885,43.9,44.1,43.8,44.1,2.8,1730
2001-12-18,2461,10004888,438215599,47.1,47.1,41.1,41.8,-2.3,3276
2001-12-19,2461,4302322,177565688,42.0,42.5,39.0,39.4,-2.4,1789
2001-12-20,2461,3471569,139355601,39.4,41.0,38.5,40.8,1.4,1477
2001-12-21,2461,2725862,109480885,39.9,41.5,39.0,39.0,-1.8,1121
2001-12-24,2461,2312360,90662668,39.0,39.6,38.3,39.3,0.3,934
2001-12-25,2461,2883756,117736558,40.6,41.8,39.6,41.7,2.4,1216
2001-12-26,2461,3473391,145073719,41.8,42.9,41.0,41.5,-0.2,1471
2001-12-27,2461,3113601,126927864,42.5,42.5,38.8,39.1,-2.4,1226
2001-12-28,2461,1687248,67080444,39.3,40.4,39.0,40.4,1.3,771
2001-12-31,2461,2902563,120292026,41.0,42.1,40.8,41.0,0.6,1172
2002-01-02,2461,4046000,169568200,41.5,42.4,40.7,41.7,0.7,1396
2002-01-03,2461,4907584,209416958,42.6,43.6,41.2,41.7,0.0,1586
2002-01-04,2461,2985664,124329148,42.5,42.8,40.7,41.3,-0.4,1006
2002-01-07,2461,2925932,122736834,41.3,42.4,40.8,42.4,1.1,1020
2002-01-08,2461,5859283,255123836,42.4,44.7,42.4,43.4,1.0,2064
2002-01-09,2461,4539633,198061430,44.0,44.5,42.7,43.2,-0.2,1520
2002-01-10,2461,2850176,121864296,43.0,43.7,42.1,42.2,-1.0,989
2002-01-11,2461,6376842,287586697,45.1,45.1,45.1,45.1,2.9,1472
2002-01-14,2461,14829739,708257901,48.2,48.2,46.0,48.2,3.1,4272
2002-01-15,2461,8437631,403672046,49.0,49.0,46.7,47.6,-0.6,3039
2002-01-16,2461,13869620,688861872,48.0,50.5,47.2,48.1,0.5,4157
2002-01-17,2461,14985323,737072348,48.0,50.5,48.0,49.3,1.2,4793
2002-01-18,2461,13153465,682135857,50.5,52.5,50.0,52.5,3.2,3625
2002-01-21,2461,12160588,653101407,53.0,55.0,52.0,53.5,1.0,3866
2002-01-22,2461,8872085,475385251,53.0,55.0,52.0,53.5,0.0,2790
2002-01-23,2461,8006437,451300944,53.5,57.0,53.0,56.5,3.0,2686
2002-01-24,2461,6169130,346342514,57.0,57.5,55.0,56.5,0.0,1830
2002-01-25,2461,6609115,386585376,57.0,60.0,56.5,57.5,1.0,2049
2002-01-28,2461,7905426,455716868,57.5,59.0,56.0,57.5,0.0,2130
2002-01-29,2461,4002244,219959166,57.5,58.0,53.5,53.5,-4.0,1357
2002-01-30,2461,2233897,118716700,52.0,54.0,51.5,54.0,0.5,1010
2002-01-31,2461,2754738,146455875,54.5,55.0,51.5,52.0,-2.0,988
2002-02-01,2461,3700398,200231467,52.5,55.0,52.5,55.0,3.0,1377
2002-02-04,2461,5494641,311785666,56.0,57.5,56.0,56.5,1.5,1784
2002-02-05,2461,2449000,135394500,56.0,57.0,54.0,55.5,-1.0,800
2002-02-06,2461,6097672,352899823,56.5,58.5,56.0,58.0,2.5,1612
2002-02-18,2461,2178000,124571500,59.0,59.0,55.0,56.0,-2.0,859
2002-02-19,2461,1858303,102308598,56.5,57.0,53.5,54.0,-2.0,748
2002-02-20,2461,2321520,121667938,52.5,53.5,51.0,53.5,-0.5,713
2002-02-21,2461,1100616,57832288,54.0,54.5,51.0,51.0,-2.5,466
2002-02-22,2461,1543479,76724212,50.0,51.0,49.0,50.5,-0.5,547
2002-02-25,2461,1028566,50953674,50.5,51.0,47.8,48.0,-2.5,485
2002-02-26,2461,1647104,81607867,50.0,50.5,48.6,49.8,1.8,701
2002-02-27,2461,1829038,95046929,50.5,53.0,50.0,53.0,3.2,785
2002-03-01,2461,1351550,70793411,52.5,53.5,51.5,52.5,-0.5,498
2002-03-04,2461,2725738,148003044,54.5,55.0,53.5,53.5,1.0,819
2002-03-05,2461,4955133,268513715,55.0,56.0,52.0,55.5,2.0,1263
2002-03-06,2461,7762207,441247738,55.0,58.0,54.0,57.5,2.0,1696
2002-03-07,2461,9183578,533206522,57.5,60.0,55.5,57.5,0.0,2656
2002-03-08,2461,2134390,119992852,57.5,58.0,55.0,56.0,-1.5,839
2002-03-11,2461,5765078,332933938,56.0,59.0,55.5,57.5,1.5,1357
2002-03-12,2461,2060277,115338052,56.0,57.5,55.0,57.5,0.0,667
2002-03-13,2461,1323157,75486481,56.5,58.0,56.0,57.0,-0.5,469
2002-03-14,2461,1461600,83736525,56.0,58.0,56.0,57.5,0.5,472
2002-03-15,2461,9916608,601762534,58.5,61.5,58.5,59.5,2.0,2816
2002-03-18,2461,7621834,451759568,60.5,61.5,57.0,58.5,-1.0,1768
2002-03-19,2461,2334734,131200216,57.5,58.0,55.0,56.0,-2.5,808
2002-03-20,2461,4013513,230066171,56.0,58.5,55.0,58.0,2.0,1122
2002-03-21,2461,5312554,312835970,57.0,60.0,56.5,59.5,1.5,1539
2002-03-22,2461,7761109,467530146,61.0,61.5,57.5,59.0,-0.5,1723
2002-03-25,2461,8713645,533876860,60.0,62.5,59.0,61.5,2.5,2571
2002-03-26,2461,2197014,132369668,60.5,61.0,60.0,60.5,-1.0,918
2002-03-27,2461,7559105,437437569,60.5,61.0,56.5,56.5,-4.0,1701
2002-03-28,2461,3714972,206706633,55.0,56.5,54.0,56.5,0.0,904
2002-03-29,2461,1274752,71493768,56.0,57.0,55.5,56.0,-0.5,559
2002-04-01,2461,1591619,90347427,56.0,57.5,55.5,57.0,1.0,698
2002-04-02,2461,1682032,96181313,58.0,58.0,56.0,56.5,-0.5,756
2002-04-03,2461,1696330,94421047,56.0,56.5,55.0,55.5,-1.0,604
2002-04-04,2461,2786792,157325476,56.0,58.0,55.0,56.5,1.0,1011
2002-04-08,2461,1837635,101845397,56.5,57.0,54.0,55.5,-1.0,557
2002-04-09,2461,967535,53003540,56.0,56.5,54.0,55.0,-0.5,384
2002-04-10,2461,934168,51386192,55.0,56.0,54.5,55.5,0.5,398
2002-04-11,2461,1423281,79833953,56.0,57.0,55.5,55.5,0.0,585
2002-04-12,2461,1551003,86972818,54.5,57.5,54.5,57.5,2.0,547
2002-04-15,2461,6255323,364769478,58.0,59.5,56.5,57.5,0.0,1551
2002-04-16,2461,1094685,62268809,58.0,58.0,56.0,57.0,-0.5,472
2002-04-17,2461,3564025,203337417,58.0,58.0,55.5,56.0,-1.0,832
2002-04-18,2461,926000,51685000,56.5,56.5,55.5,56.0,0.0,343
2002-04-19,2461,1072960,59203207,56.0,56.0,55.0,55.0,-1.0,412
2002-04-22,2461,752881,41610513,55.0,56.0,55.0,55.5,0.5,329
2002-04-23,2461,840326,46033936,55.0,55.5,54.5,55.0,-0.5,302
2002-04-24,2461,1048460,57714170,55.5,55.5,54.5,55.0,0.0,350
2002-04-25,2461,2284140,128247251,55.5,56.5,55.5,56.5,1.5,1033
2002-04-26,2461,868160,48569993,56.5,56.5,55.5,56.0,-0.5,391
2002-04-29,2461,523372,28707726,55.5,55.5,54.5,55.0,-1.0,230
2002-04-30,2461,746652,40949675,55.0,55.5,54.0,55.0,0.0,355
2002-05-02,2461,2271218,120413428,55.0,55.0,51.5,51.5,-3.5,687
2002-05-03,2461,1792816,90456211,50.0,52.5,49.5,52.5,1.0,556
2002-05-06,2461,1461497,73457786,51.0,51.0,49.0,51.0,-1.5,442
2002-05-07,2461,1789174,91980325,49.5,52.0,49.5,52.0,1.0,679
2002-05-08,2461,867210,43929365,52.0,52.5,50.0,51.0,-1.0,363
2002-05-09,2461,869946,44369495,52.0,52.5,50.0,51.0,0.0,330
2002-05-10,2461,838140,42342102,50.0,52.0,49.5,52.0,1.0,329
2002-05-13,2461,519690,26294939,51.5,51.5,50.0,51.0,-1.0,251
2002-05-14,2461,781204,39415848,51.5,51.5,50.0,51.0,0.0,340
2002-05-15,2461,3320005,172680250,51.5,52.5,51.5,52.5,1.5,980
2002-05-16,2461,1341837,69980213,53.0,53.0,50.5,51.5,-1.0,579
2002-05-17,2461,1244000,63184500,50.5,52.0,50.0,50.5,-1.0,472
2002-05-20,2461,1908625,93547199,51.0,51.0,47.0,47.0,-3.5,535
2002-05-21,2461,1469000,66751400,46.5,47.0,44.1,44.5,-2.5,509
2002-05-22,2461,1457120,65565911,43.5,46.3,43.5,46.3,1.8,624
2002-05-23,2461,506028,23125089,46.0,46.3,45.0,45.3,-1.0,225
2002-05-24,2461,1479576,69399759,45.8,48.0,45.5,47.4,2.1,669
2002-05-27,2461,623696,29018522,46.3,47.0,46.2,46.6,-0.8,277
2002-05-28,2461,507080,23791967,48.2,48.2,46.0,46.0,-0.6,306
2002-05-29,2461,401230,18388025,45.7,46.4,45.0,46.0,0.0,245
2002-05-30,2461,881001,41107845,46.1,47.6,46.0,46.6,0.6,419
2002-05-31,2461,617000,28974700,46.9,47.4,46.3,46.7,0.1,295
2002-06-03,2461,368339,16880448,47.0,47.0,45.4,45.6,-1.1,196
2002-06-04,2461,289263,13096931,44.5,46.4,44.5,46.2,0.6,174
2002-06-05,2461,443069,20628568,47.0,47.1,46.0,46.4,0.2,230
2002-06-06,2461,1213779,57816854,47.1,48.0,46.8,47.8,1.4,572
2002-06-07,2461,1254572,60164563,47.0,48.9,46.6,47.7,-0.1,597
2002-06-10,2461,757080,36424896,48.0,48.4,47.8,48.0,0.3,356
2002-06-11,2461,673797,31776559,48.3,48.5,46.4,46.5,-1.5,302
2002-06-12,2461,372212,17192606,46.5,47.2,45.8,46.1,-0.4,205
2002-06-13,2461,628659,29652519,46.9,47.6,46.6,47.5,1.4,279
2002-06-14,2461,332000,15480300,47.0,47.3,46.1,46.8,-0.7,153
2002-06-17,2461,712000,33911500,47.1,48.2,47.1,47.3,0.5,363
2002-06-18,2461,513106,24436388,48.2,48.3,46.8,46.9,-0.4,219
2002-06-19,2461,579004,26708486,46.6,46.8,45.5,46.6,-0.3,265
2002-06-20,2461,266020,12319127,46.4,46.5,46.0,46.5,-0.1,138
2002-06-21,2461,404030,18843587,46.0,47.5,45.8,46.8,0.3,191
2002-06-24,2461,341020,15539231,46.5,46.5,45.0,45.0,-1.8,161
2002-06-25,2461,313153,14050148,46.0,46.0,44.5,44.7,-0.3,167
2002-06-26,2461,1306100,55244747,44.1,44.1,41.6,42.6,-2.1,353
2002-06-27,2461,544200,22865375,43.0,43.0,41.4,42.4,-0.2,208
2002-06-28,2461,764501,33563730,42.8,44.5,42.8,44.1,1.7,280
2002-07-01,2461,377001,16396043,44.5,44.5,42.9,44.5,0.4,168
2002-07-02,2461,191020,8327384,44.0,44.0,43.0,44.0,-0.5,98
2002-07-03,2461,786200,34658556,43.4,44.5,42.0,44.5,0.5,201
2002-07-04,2461,477005,21311221,44.3,45.1,43.6,44.8,0.3,221
2002-07-05,2461,999001,44937144,44.8,45.3,44.4,45.3,0.5,332
2002-07-08,2461,1133000,51631200,45.5,46.3,44.5,45.7,0.4,410
2002-07-09,2461,557100,25289584,44.8,45.9,44.5,45.9,0.2,182
2002-07-10,2461,384062,17335930,45.6,45.6,45.0,45.4,-0.5,144
2002-07-11,2461,671001,30342345,45.0,45.9,44.8,45.0,-0.4,200
2002-07-12,2461,1226005,56463423,45.2,46.5,45.2,46.0,1.0,467
2002-07-15,2461,743020,34040314,45.0,46.3,45.0,45.1,-0.9,258
2002-07-16,2461,411583,18526863,45.4,45.7,44.5,44.6,-0.5,192
2002-07-17,2461,285567,12636357,44.3,44.5,44.1,44.3,-0.3,96
2002-07-18,2461,307322,13596989,44.3,44.9,44.0,44.0,-0.3,129
2002-07-19,2461,406623,17775273,43.6,44.6,43.0,44.6,0.6,137
2002-07-22,2461,180052,7878606,43.6,44.2,43.5,44.2,-0.4,88
2002-07-23,2461,346001,15383843,44.0,45.5,43.5,45.5,1.3,136
2002-07-24,2461,689005,30824826,44.6,45.2,44.3,45.2,-0.3,136
2002-07-25,2461,1202338,56611799,46.2,48.0,46.2,46.6,1.4,517
2002-07-26,2461,590001,26194946,45.2,45.5,43.9,44.6,-2.0,212
2002-07-29,2461,196010,8780143,45.0,45.2,44.1,44.5,-0.1,100
2002-07-30,2461,431112,19479424,45.6,46.0,44.6,45.3,0.8,205
2002-07-31,2461,277000,12588100,45.6,45.8,45.2,45.3,0.0,132
2002-08-01,2461,254000,11424400,44.6,45.7,44.6,44.9,-0.4,103
2002-08-02,2461,100000,4449700,44.9,44.9,44.2,44.7,-0.2,62
2002-08-05,2461,539000,22616100,43.1,43.9,41.6,41.6,-3.1,212
2002-08-06,2461,621050,25463569,39.0,41.6,39.0,41.3,-0.3,193
2002-08-07,2461,540536,23082223,41.6,43.4,41.6,43.0,1.7,222
2002-08-08,2461,648712,27949358,43.2,43.5,42.0,43.5,0.5,191
2002-08-09,2461,546328,24140495,44.0,44.5,43.9,44.4,0.9,221
2002-08-12,2461,596522,26483922,42.9,44.9,42.9,44.9,0.5,201
2002-08-13,2461,461000,20632300,45.0,45.0,44.5,44.7,-0.2,177
2002-08-14,2461,3352000,157131600,44.0,47.8,44.0,47.8,3.1,952
2002-08-15,2461,3513000,139537100,40.0,40.3,39.2,39.5,0.0,1265
2002-08-16,2461,1063370,42629538,40.0,40.5,39.7,39.9,0.4,429
2002-08-19,2461,468753,18553292,40.4,40.4,39.2,39.6,-0.3,240
2002-08-20,2461,535360,21225184,40.0,40.0,39.2,39.8,0.2,222
2002-08-21,2461,212580,8373166,39.7,39.7,39.3,39.3,-0.5,110
2002-08-22,2461,1710224,68923754,39.5,40.8,39.5,40.2,0.9,603
2002-08-23,2461,1195600,48696094,40.5,41.1,40.3,40.3,0.1,454
2002-08-26,2461,417184,16816175,40.3,40.7,40.1,40.1,-0.2,191
2002-08-27,2461,2258655,92005527,40.5,41.2,40.2,40.4,0.3,744
2002-08-28,2461,861088,34140836,40.2,40.2,39.3,39.9,-0.5,346
2002-08-29,2461,2446000,99854200,39.8,42.0,39.4,42.0,2.1,753
2002-08-30,2461,1444000,60467800,42.0,42.5,41.2,41.9,-0.1,517
2002-09-02,2461,730314,30026089,41.3,41.7,40.5,40.9,-1.0,249
2002-09-03,2461,1482003,61453420,40.5,42.0,40.5,41.0,0.1,499
2002-09-04,2461,982000,40623700,40.4,42.0,40.4,40.8,-0.2,378
2002-09-05,2461,790616,31787002,40.8,41.2,39.5,39.7,-1.1,333
2002-09-09,2461,501000,19731300,39.8,40.0,38.7,39.7,0.0,210
2002-09-10,2461,1085160,43260920,39.7,40.2,39.1,39.8,0.1,444
2002-09-11,2461,416000,16571300,40.0,40.4,39.3,39.4,-0.4,253
2002-09-12,2461,398249,15609360,39.4,39.7,38.8,39.4,0.0,223
2002-09-13,2461,160687,6265930,38.8,39.3,38.8,38.8,-0.6,114
2002-09-16,2461,1000184,36961701,38.7,38.7,36.1,36.3,-2.5,364
2002-09-17,2461,940000,34886600,36.7,37.8,35.8,37.8,1.5,314
2002-09-18,2461,256000,9367800,37.6,37.6,36.1,36.2,-1.6,134
2002-09-19,2461,207000,7563900,36.4,37.0,36.2,36.6,0.4,107
2002-09-20,2461,209536,7600915,36.3,36.5,36.0,36.5,-0.1,117
2002-09-23,2461,701584,25063405,36.8,36.9,35.3,36.8,0.3,167
2002-09-24,2461,128760,4662622,35.8,36.5,35.8,36.4,-0.4,87
2002-09-25,2461,501298,17724890,35.9,36.3,34.6,36.0,-0.4,163
2002-09-26,2461,606485,22163671,36.4,37.1,36.1,36.3,0.3,286
2002-09-27,2461,1025188,37536495,36.4,37.2,35.9,36.5,0.2,256
2002-09-30,2461,367000,13061400,36.1,36.1,35.4,35.8,-0.7,99
2002-10-01,2461,113168,4049084,35.4,36.2,35.1,35.8,0.0,73
2002-10-02,2461,350070,12570793,36.5,36.5,35.4,35.5,-0.3,129
2002-10-03,2461,655000,22961400,35.3,35.7,34.8,35.7,0.2,148
2002-10-04,2461,331168,11729966,35.6,36.5,35.0,36.5,0.8,118
2002-10-07,2461,743741,26145903,36.0,36.0,34.9,35.8,-0.7,117
2002-10-08,2461,231101,8132897,34.8,35.8,34.8,35.3,-0.5,100
2002-10-09,2461,237288,8362514,35.5,35.8,35.0,35.0,-0.3,128
2002-10-11,2461,403000,13949700,35.1,35.5,34.0,35.0,0.0,160
2002-10-14,2461,178440,6202020,34.8,35.0,34.1,34.9,-0.1,64
2002-10-15,2461,813000,29758200,35.0,37.2,35.0,37.2,2.3,366
2002-10-16,2461,386573,14258905,37.2,37.3,36.2,37.0,-0.2,191
2002-10-17,2461,374744,13715186,35.3,37.1,35.3,36.7,-0.3,160
2002-10-18,2461,880000,32898400,37.0,38.0,36.8,37.0,0.3,363
2002-10-21,2461,488339,18068586,37.0,37.3,36.4,37.0,0.0,207
2002-10-22,2461,798268,29762765,37.3,37.9,36.5,36.7,-0.3,350
2002-10-23,2461,980203,36224610,36.5,37.4,36.0,36.8,0.1,445
2002-10-24,2461,2703116,102504163,37.0,38.5,37.0,37.6,0.8,924
2002-10-25,2461,1734840,65316423,37.7,38.6,36.5,36.5,-1.1,714
2002-10-28,2461,1025061,37277241,36.7,37.0,35.8,35.8,-0.7,466
2002-10-29,2461,840846,29719298,36.0,36.0,34.8,35.7,-0.1,345
2002-10-30,2461,363372,12865397,35.6,36.0,35.0,35.1,-0.6,219
2002-10-31,2461,783699,28400263,35.5,36.7,35.3,36.4,1.3,374
2002-11-01,2461,396227,14294254,36.7,36.7,35.6,36.1,-0.3,222
2002-11-04,2461,341791,12308005,36.5,36.6,35.5,36.1,0.0,166
2002-11-05,2461,299097,10771479,36.3,36.3,35.7,35.7,-0.4,128
2002-11-06,2461,991946,35626817,34.6,36.5,34.6,36.0,0.3,389
2002-11-07,2461,1798973,66083346,36.0,37.4,36.0,36.1,0.1,637
2002-11-08,2461,2443531,90479682,36.0,37.6,35.9,37.1,1.0,747
2002-11-11,2461,1423696,52905495,37.0,37.6,36.3,37.4,0.3,490
2002-11-12,2461,379738,14134373,37.4,37.7,37.0,37.2,-0.2,204
2002-11-13,2461,1735684,65362120,37.5,38.0,37.0,37.9,0.7,624
2002-11-14,2461,3872979,150591397,38.2,39.5,38.2,39.2,1.3,1249
2002-11-15,2461,3147357,124636023,39.8,40.1,39.0,39.7,0.5,1033
2002-11-18,2461,5426992,220822481,39.9,41.6,39.0,41.3,1.6,1193
2002-11-19,2461,1587074,65101028,41.3,41.7,40.0,40.9,-0.4,553
2002-11-20,2461,1034000,42177800,41.2,41.4,40.1,40.3,-0.6,362
2002-11-21,2461,6065949,252163932,40.9,42.1,40.9,41.8,1.5,1344
2002-11-22,2461,3711667,158446723,42.4,43.2,42.0,42.8,1.0,1108
2002-11-25,2461,778427,33013031,42.8,42.8,42.0,42.4,-0.4,309
2002-11-26,2461,755338,31722333,42.4,42.6,41.2,41.5,-0.9,318
2002-11-27,2461,484674,19836026,41.5,41.5,40.6,41.3,-0.2,247
2002-11-28,2461,896176,37232705,41.7,41.9,41.0,41.7,0.4,278
2002-11-29,2461,1647171,69305192,41.8,42.5,41.5,41.9,0.2,537
2002-12-02,2461,999943,41222512,42.2,42.2,40.6,41.5,-0.4,331
2002-12-03,2461,4030542,171858077,41.5,43.2,41.2,42.4,0.9,846
2002-12-04,2461,985040,40570587,41.8,42.0,40.8,40.8,-1.6,303
2002-12-05,2461,799553,32582434,40.9,41.0,40.6,41.0,0.2,229
2002-12-06,2461,876643,35855301,41.0,41.0,40.7,40.7,-0.3,277
2002-12-09,2461,1097743,45013667,42.0,42.0,40.6,40.7,0.0,363
2002-12-10,2461,1595736,64041798,40.5,41.9,38.6,41.9,1.2,544
2002-12-11,2461,2478801,104866780,41.9,43.0,41.2,42.7,0.8,792
2002-12-12,2461,4593920,197479177,43.0,43.6,41.6,42.7,0.0,990
2002-12-13,2461,1215051,50617565,42.4,43.0,40.0,40.0,-2.7,376
2002-12-16,2461,1058823,42704850,40.0,40.8,39.6,40.5,0.5,304
2002-12-17,2461,1096003,44583878,41.0,41.0,40.3,40.9,0.4,265
2002-12-18,2461,1486005,60394303,40.5,40.9,40.2,40.8,-0.1,176
2002-12-19,2461,1319989,53962941,40.5,41.2,40.5,40.6,-0.2,215
2002-12-20,2461,1679461,68543718,40.6,41.5,40.0,41.3,0.7,341
2002-12-23,2461,2018969,82831012,41.0,41.5,40.5,41.5,0.2,214
2002-12-24,2461,2728594,114051425,41.0,42.2,41.0,41.5,0.0,476
2002-12-25,2461,527342,21654606,41.5,41.5,40.6,41.4,-0.1,198
2002-12-26,2461,526314,21807920,41.4,41.7,41.0,41.4,0.0,138
2002-12-27,2461,378977,15562440,41.4,41.5,40.9,40.9,-0.5,112
2002-12-30,2461,1741445,72218406,41.0,41.8,41.0,41.8,0.9,409
2002-12-31,2461,1444555,60590941,41.9,42.3,41.5,41.7,-0.1,431
2003-01-02,2461,531000,22265700,41.9,42.3,41.5,42.3,0.6,166
2003-01-03,2461,4860733,218923958,45.2,45.2,44.7,45.2,2.9,932
2003-01-06,2461,5597166,261875801,45.8,48.1,45.7,48.1,2.9,1335
2003-01-07,2461,6568465,321908391,48.2,50.0,47.5,50.0,1.9,1431
2003-01-08,2461,3098649,155282817,50.0,51.0,49.3,50.0,0.0,931
2003-01-09,2461,1851940,92916347,49.2,51.0,49.2,51.0,1.0,563
2003-01-10,2461,4145381,217596088,52.0,54.0,51.0,53.5,2.5,909
2003-01-13,2461,2951754,160664859,54.0,55.0,53.0,54.0,0.5,725
2003-01-14,2461,1429589,75246422,54.0,54.0,51.5,51.5,-2.5,447
2003-01-15,2461,1725326,89750078,52.0,53.0,51.0,52.5,1.0,437
2003-01-16,2461,1082161,56276688,52.0,52.5,51.5,52.0,-0.5,290
2003-01-17,2461,1749514,91531592,51.5,53.0,51.0,53.0,1.0,442
2003-01-20,2461,817003,42098157,53.0,53.0,50.5,51.5,-1.5,218
2003-01-21,2461,2020586,104708525,51.0,52.0,51.0,52.0,0.5,374
2003-01-22,2461,1662406,87922878,53.0,53.5,52.0,53.0,1.0,471
2003-01-23,2461,3540838,189808185,53.0,55.0,52.0,55.0,2.0,682
2003-01-24,2461,1200549,64829253,55.0,55.0,53.0,53.5,-1.5,309
2003-01-27,2461,804586,41940688,53.0,53.0,51.5,51.5,-2.0,249
2003-01-28,2461,768361,39672734,51.5,52.5,51.0,51.5,0.0,262
2003-02-06,2461,738000,37180400,51.5,51.5,48.0,51.0,-0.5,207
2003-02-07,2461,560508,28165272,50.0,50.5,49.0,50.5,-0.5,134
2003-02-10,2461,251242,12419856,49.1,49.9,49.0,49.9,-0.6,108
2003-02-11,2461,971227,48575018,50.0,50.5,49.1,49.9,0.0,225
2003-02-12,2461,1732300,86489694,49.9,50.5,49.4,49.5,-0.4,257
2003-02-13,2461,971680,47616190,49.4,49.5,48.5,49.0,-0.5,240
2003-02-14,2461,1317278,64353795,48.5,49.5,47.5,49.2,0.2,288
2003-02-17,2461,671372,33252254,49.4,49.9,49.2,49.5,0.3,252
2003-02-18,2461,378875,18701968,49.5,49.5,49.1,49.4,-0.1,216
2003-02-19,2461,540676,26535125,49.4,49.5,48.1,49.0,-0.4,182
2003-02-20,2461,386589,18891110,49.0,49.4,48.4,48.8,-0.2,134
2003-02-21,2461,435653,21276701,48.9,49.1,48.3,48.8,0.0,140
2003-02-24,2461,365420,17626489,48.8,48.9,47.8,48.5,-0.3,155
2003-02-25,2461,868406,39896688,48.0,48.0,45.2,45.8,-2.7,278
2003-02-26,2461,2116555,96214587,45.6,47.5,44.6,45.7,-0.1,375
2003-02-27,2461,666400,29357987,45.2,45.2,42.6,44.9,-0.8,245
2003-03-03,2461,655627,29808173,44.7,46.1,44.6,45.8,0.9,192
2003-03-04,2461,516300,23238071,44.9,45.6,44.5,45.0,-0.8,100
2003-03-05,2461,339300,14949329,44.5,44.9,43.5,44.9,-0.1,97
2003-03-06,2461,882300,39797701,45.0,45.5,44.7,44.9,0.0,117
2003-03-07,2461,984798,44517846,44.9,45.6,44.8,45.0,0.1,200
2003-03-10,2461,484680,21359840,44.0,44.9,42.6,44.9,-0.1,118
2003-03-11,2461,947640,41919586,44.5,44.5,43.8,44.4,-0.5,143
2003-03-12,2461,1684435,73599213,44.0,44.1,42.8,44.0,-0.4,318
2003-03-13,2461,1116305,48880251,44.0,44.2,43.4,43.5,-0.5,359
2003-03-14,2461,2871694,126390035,44.0,44.7,43.0,43.0,-0.5,818
2003-03-17,2461,2728159,117297257,43.0,43.4,41.6,43.1,0.1,507
2003-03-18,2461,5777576,254421797,43.2,44.6,43.2,44.2,1.1,1181
2003-03-19,2461,1717484,75265080,44.2,44.2,42.7,43.6,-0.6,397
2003-03-20,2461,2403301,103629457,43.5,43.6,41.8,43.0,-0.6,586
2003-03-21,2461,5148796,211468427,42.2,42.3,40.0,40.0,-3.0,1112
2003-03-24,2461,4924510,185808497,40.0,40.0,37.2,37.2,-2.8,1268
2003-03-25,2461,2183580,80928872,36.0,37.9,36.0,36.8,-0.4,1077
2003-03-26,2461,1052477,38641869,37.1,37.3,36.5,36.5,-0.3,554
2003-03-27,2461,635601,23345229,36.5,37.2,36.3,36.6,0.1,320
2003-03-28,2461,1228283,45378003,36.8,37.5,36.6,36.6,0.0,522
2003-03-31,2461,1069607,38508199,36.6,36.6,35.4,36.2,-0.4,390
2003-04-01,2461,515832,18512357,36.2,36.2,35.5,35.6,-0.6,210
2003-04-02,2461,954094,33606529,35.6,35.8,34.6,34.7,-0.9,265
2003-04-03,2461,2701674,94444765,35.1,35.5,34.5,35.1,0.4,542
2003-04-04,2461,2162000,75818400,35.1,35.3,34.7,35.3,0.2,414
2003-04-07,2461,2473743,89240192,35.3,37.1,35.1,36.8,1.5,778
2003-04-08,2461,5667434,212187485,36.7,38.4,36.4,37.0,0.2,1488
2003-04-09,2461,3217378,117947822,36.8,36.9,36.1,36.9,-0.1,562
2003-04-10,2461,2769090,100555211,36.3,36.7,36.0,36.7,-0.2,654
2003-04-11,2461,2835019,102508607,36.5,36.6,35.9,36.0,-0.7,500
2003-04-14,2461,1658227,58590648,35.9,36.1,34.6,35.5,-0.5,430
2003-04-15,2461,826678,29651245,35.5,36.3,35.5,36.0,0.5,281
2003-04-16,2461,3203344,120411018,36.4,38.3,36.3,37.9,1.9,1087
2003-04-17,2461,1424810,52763952,37.7,37.7,36.5,37.0,-0.9,547
2003-04-18,2461,6883973,261658711,37.0,38.7,37.0,37.8,0.8,1938
2003-04-21,2461,1760805,66063475,37.7,37.9,37.1,37.3,-0.5,685
2003-04-22,2461,2170415,78648098,37.0,37.0,35.8,35.8,-1.5,705
2003-04-23,2461,2446499,88064389,36.2,36.8,35.6,35.6,-0.2,696
2003-04-24,2461,3260026,111380739,35.5,35.5,33.2,33.2,-2.4,885
2003-04-25,2461,1235903,38875125,32.1,32.2,30.9,30.9,-2.3,494
2003-04-28,2461,1447285,41879059,28.8,29.8,28.8,29.2,-1.7,498
2003-04-29,2461,1935416,56684384,29.0,30.4,28.0,28.5,-0.7,797
2003-04-30,2461,1460600,41618309,29.0,29.4,27.5,28.0,-0.5,549
2003-05-02,2461,989352,27519664,28.0,28.5,27.1,28.4,0.4,415
2003-05-05,2461,733512,20975909,28.4,28.8,28.0,28.7,0.3,299
2003-05-06,2461,2109405,62398662,28.7,30.3,28.6,29.7,1.0,689
2003-05-07,2461,1265803,37796626,29.9,30.3,29.5,29.9,0.2,487
2003-05-08,2461,683603,20057037,29.5,29.7,29.1,29.2,-0.7,298
2003-05-09,2461,1237450,36721172,29.1,30.0,29.0,29.5,0.3,455
2003-05-12,2461,544435,16124865,29.6,29.9,29.4,29.6,0.1,202
2003-05-13,2461,2421802,74532317,30.2,31.5,29.9,30.8,1.2,722
2003-05-14,2461,980996,29927315,30.7,30.8,30.2,30.4,-0.4,331
2003-05-15,2461,742653,22131044,30.0,30.1,29.6,29.6,-0.8,269
2003-05-16,2461,1138290,33743539,29.7,29.9,29.4,29.7,0.1,381
2003-05-19,2461,784400,22955020,29.2,29.7,28.9,29.2,-0.5,216
2003-05-20,2461,624609,17940589,28.7,29.0,28.4,28.8,-0.4,198
2003-05-21,2461,321000,9236200,28.8,29.0,28.6,29.0,0.2,142
2003-05-22,2461,457684,13300832,28.9,29.3,28.6,29.2,0.2,196
2003-05-23,2461,2279193,68960006,29.8,30.8,29.5,30.5,1.3,796
2003-05-26,2461,2189401,70442865,31.0,32.6,30.9,32.6,2.1,798
2003-05-27,2461,3348058,111720265,33.1,33.9,32.8,33.2,0.6,1236
2003-05-28,2461,1675928,54994978,34.0,34.3,31.8,31.8,-1.4,719
2003-05-29,2461,840132,26801652,32.0,32.3,31.6,31.6,-0.2,411
2003-05-30,2461,1361269,44127756,31.6,32.9,31.6,32.1,0.5,611
2003-06-02,2461,1684408,55646526,32.8,33.4,32.5,33.0,0.9,631
2003-06-03,2461,814000,26653300,33.0,33.2,32.4,32.6,-0.4,348
2003-06-05,2461,1239424,41141248,33.4,33.7,32.8,32.8,0.2,517
2003-06-06,2461,745989,24465568,32.8,33.0,32.5,32.9,0.1,298
2003-06-09,2461,3508832,120639184,33.0,35.1,32.9,34.8,1.9,1239
2003-06-10,2461,1118303,38590906,35.0,35.0,34.2,34.4,-0.4,431
2003-06-11,2461,2484523,87744395,34.7,36.4,34.2,34.8,0.4,907
2003-06-12,2461,1700323,58337914,35.1,35.3,33.8,34.0,-0.8,617
2003-06-13,2461,900952,30610616,33.8,34.4,33.7,33.7,-0.3,390
2003-06-16,2461,1049400,35425012,33.7,34.1,33.4,33.4,-0.3,417
2003-06-17,2461,1477042,49928379,34.0,34.5,33.1,33.1,-0.3,574
2003-06-18,2461,2387927,80488679,33.5,34.2,33.0,33.3,0.2,797
2003-06-19,2461,1914500,65179164,33.5,34.3,33.5,34.2,0.9,757
2003-06-20,2461,4246429,148454694,34.2,35.6,34.0,34.6,0.4,1413
2003-06-23,2461,1800354,61417854,34.9,35.2,32.6,32.8,-1.8,746
2003-06-24,2461,997222,32686154,32.7,33.2,32.4,33.0,0.2,424
2003-06-25,2461,1477403,48024528,33.0,33.2,31.8,32.2,-0.8,588
2003-06-26,2461,812868,26114200,32.5,32.5,31.7,31.7,-0.5,334
2003-06-27,2461,930287,29711488,32.1,32.3,31.6,31.6,-0.1,339
2003-06-30,2461,316400,10000175,31.6,32.0,31.3,31.7,0.1,161
2003-07-01,2461,788802,25673690,31.8,33.0,31.8,32.8,1.1,379
2003-07-02,2461,1594950,53255795,33.0,34.0,32.6,32.9,0.1,664
2003-07-03,2461,1410776,47099098,33.9,33.9,33.0,33.0,0.1,528
2003-07-04,2461,842400,27589141,33.2,33.4,32.4,32.6,-0.4,377
2003-07-07,2461,1215660,40209329,33.2,33.4,32.8,33.0,0.4,406
2003-07-08,2461,2003310,66632288,33.4,33.7,32.5,32.5,-0.5,687
2003-07-09,2461,936292,30460368,32.6,33.2,32.2,32.4,-0.1,348
2003-07-10,2461,988953,32006540,32.5,33.0,32.0,32.1,-0.3,397
2003-07-11,2461,1612500,50444963,31.8,32.1,30.8,31.0,-1.1,555
2003-07-14,2461,1300815,40697832,31.3,31.7,31.0,31.0,0.0,487
2003-07-15,2461,1379653,43809276,31.6,32.2,31.3,31.9,0.9,557
2003-07-16,2461,1574000,50608000,31.5,32.6,31.5,32.5,0.6,598
2003-07-17,2461,1263128,40591067,32.5,32.7,31.3,31.3,-1.2,486
2003-07-18,2461,772500,24045069,31.3,31.6,30.8,31.1,-0.2,269
2003-07-21,2461,501500,15530668,31.1,31.3,30.8,30.8,-0.3,216
2003-07-22,2461,1970821,61272153,31.1,31.3,30.8,31.1,0.3,175
2003-07-23,2461,2215500,71923668,31.6,33.0,31.5,32.2,1.1,851
2003-07-24,2461,2002050,65750330,32.7,33.3,32.3,32.5,0.3,691
2003-07-25,2461,1281876,41066731,32.6,32.9,30.6,30.6,-1.9,452
2003-07-28,2461,810122,25991227,31.2,32.7,31.2,32.7,2.1,285
2003-07-29,2461,3592850,119364934,34.1,34.1,32.5,32.7,0.0,1164
2003-07-30,2461,864471,27850150,32.9,32.9,31.8,32.0,-0.7,310
2003-07-31,2461,416849,13360444,32.3,32.5,31.7,31.9,-0.1,207
2003-08-01,2461,623508,19974222,32.3,32.5,31.8,31.8,-0.1,246
2003-08-04,2461,502309,16076013,32.4,32.4,31.6,31.8,0.0,217
2003-08-05,2461,908014,28244080,32.0,32.2,30.7,30.8,-1.0,371
2003-08-06,2461,635658,19692758,30.8,31.4,30.8,31.1,0.3,271
2003-08-07,2461,495826,15203155,31.1,31.4,30.3,30.6,-0.5,226
2003-08-08,2461,389843,11948558,30.9,31.2,30.4,30.4,-0.2,187
2003-08-11,2461,397807,11914703,30.4,30.4,29.7,29.7,-0.7,171
2003-08-12,2461,455750,13822161,30.2,30.7,30.0,30.0,0.3,198
2003-08-13,2461,533775,16392230,30.9,30.9,30.5,30.7,0.7,244
2003-08-14,2461,541726,16455270,30.9,30.9,30.0,30.0,-0.7,230
2003-08-15,2461,506601,15421538,30.2,30.7,30.2,30.3,0.3,218
2003-08-18,2461,680000,21060038,30.5,31.2,30.5,31.0,0.7,268
2003-08-19,2461,1000019,31409485,32.0,32.0,31.0,31.3,0.3,316
2003-08-20,2461,482501,15104853,31.5,31.5,31.1,31.5,0.2,199
2003-08-21,2461,1222000,37843500,31.5,31.5,30.6,31.0,-0.5,366
2003-08-22,2461,7718000,250857000,31.3,33.1,31.2,32.9,1.9,1836
2003-08-25,2461,4641000,132799100,29.0,29.2,28.1,28.2,0.0,1121
2003-08-26,2461,1758123,48712744,28.2,28.3,27.1,27.1,-1.1,531
2003-08-27,2461,1638241,43355610,27.3,27.4,26.1,26.1,-1.0,543
2003-08-28,2461,1313440,33505037,26.1,26.4,25.1,25.1,-1.0,481
2003-08-29,2461,1150860,29318772,25.1,26.0,25.0,25.9,0.8,446
2003-09-01,2461,505683,12920568,25.9,26.2,25.3,25.3,-0.6,229
2003-09-02,2461,283188,7201998,25.3,25.6,25.3,25.5,0.2,130
2003-09-03,2461,920841,23817003,25.7,26.2,25.5,25.5,0.0,353
2003-09-04,2461,440713,11288352,25.7,25.9,25.4,25.4,-0.1,191
2003-09-05,2461,260279,6612516,25.8,25.8,25.2,25.2,-0.2,123
2003-09-08,2461,304821,7661380,25.0,25.4,25.0,25.0,-0.2,130
2003-09-09,2461,698037,17441484,25.0,25.7,24.6,24.6,-0.4,255
2003-09-10,2461,1362817,32840388,24.5,25.0,23.2,23.5,-1.1,416
2003-09-12,2461,347801,8100025,23.5,23.5,23.1,23.4,-0.1,171
2003-09-15,2461,410599,9693521,23.4,23.9,23.4,23.4,0.0,188
2003-09-16,2461,397917,9354022,23.5,23.8,23.2,23.4,0.0,185
2003-09-17,2461,1485389,35497934,23.5,24.5,23.4,24.1,0.7,545
2003-09-18,2461,1321671,32605277,24.5,25.0,24.2,24.6,0.5,463
2003-09-19,2461,786079,19318897,25.0,25.1,24.2,24.3,-0.3,268
2003-09-22,2461,266782,6362067,24.4,24.4,23.5,23.7,-0.6,116
2003-09-23,2461,162480,3836317,23.5,23.8,23.4,23.6,-0.1,83
2003-09-24,2461,385705,9177151,23.8,24.0,23.5,23.7,0.1,157
2003-09-25,2461,240001,5673223,23.5,23.8,23.4,23.8,0.1,104
2003-09-26,2461,544283,12808700,24.0,24.1,23.2,23.6,-0.2,201
2003-09-29,2461,445001,10406123,23.8,23.8,23.2,23.2,-0.4,160
2003-09-30,2461,321076,7497154,23.3,23.5,23.2,23.2,0.0,127
2003-10-01,2461,406973,9379756,23.0,23.2,23.0,23.1,-0.1,142
2003-10-02,2461,284720,6641943,23.4,23.4,23.2,23.4,0.3,116
2003-10-03,2461,197961,4629769,23.5,23.5,23.2,23.4,0.0,93
2003-10-06,2461,469000,11073900,23.6,23.7,23.4,23.4,0.0,183
2003-10-07,2461,393002,9233546,23.4,23.8,23.4,23.4,0.0,142
2003-10-08,2461,197539,4647646,23.5,23.7,23.4,23.5,0.1,90
2003-10-09,2461,193000,4508600,23.5,23.5,23.2,23.4,-0.1,96
2003-10-13,2461,475842,11147278,23.4,23.8,23.2,23.2,-0.2,181
2003-10-14,2461,433058,10044916,23.2,23.4,23.1,23.1,-0.1,162
2003-10-15,2461,632712,14440856,23.2,23.4,22.5,22.7,-0.4,247
2003-10-16,2461,1167423,26184304,22.5,22.7,22.3,22.4,-0.3,476
2003-10-17,2461,1769055,40354364,22.4,23.2,22.4,23.0,0.6,652
2003-10-20,2461,1219618,27725456,23.0,23.2,22.4,22.4,-0.6,434
2003-10-21,2461,1380450,30596533,22.4,22.7,21.8,21.8,-0.6,586
2003-10-22,2461,992989,21391198,21.8,21.8,21.3,21.5,-0.3,352
2003-10-23,2461,1095997,22622885,20.2,21.0,20.2,20.5,-1.0,398
2003-10-24,2461,1104861,22720740,20.5,20.8,20.4,20.4,-0.1,372
2003-10-27,2461,5014026,103558789,20.4,21.5,20.1,20.4,0.0,1231
2003-10-28,2461,7799590,161173245,20.4,21.1,20.1,20.6,0.2,1803
2003-10-29,2461,3420365,70870276,20.6,20.9,20.6,20.8,0.2,920
2003-10-30,2461,1580228,32445053,20.9,20.9,20.2,20.2,-0.6,583
2003-10-31,2461,7537613,143345880,19.0,19.7,18.8,18.8,-1.4,1843
2003-11-03,2461,4814114,86690522,17.6,18.8,17.5,18.1,-0.7,1176
2003-11-04,2461,2589280,46965140,18.1,18.4,17.9,18.1,0.0,600
2003-11-05,2461,999482,18160276,18.1,18.4,18.0,18.1,0.0,298
2003-11-06,2461,1159747,21149146,18.2,18.4,18.1,18.1,0.0,321
2003-11-07,2461,1734110,32425680,18.3,19.0,18.3,19.0,0.9,528
2003-11-10,2461,1243835,23972870,19.0,19.5,18.9,19.2,0.2,472
2003-11-11,2461,1353745,26392420,19.2,19.9,19.0,19.7,0.5,438
2003-11-12,2461,1421676,28221543,19.8,20.2,19.5,19.5,-0.2,474
2003-11-13,2461,3423369,68303351,19.8,20.5,19.5,20.5,1.0,696
2003-11-14,2461,2848802,58787526,20.6,21.2,20.2,21.0,0.5,653
2003-11-17,2461,5117987,105427303,21.1,21.3,20.3,20.9,-0.1,495
2003-11-18,2461,1448533,30361069,20.9,21.2,20.8,21.1,0.2,383
2003-11-19,2461,1103453,23367184,21.1,21.5,20.9,21.5,0.4,297
2003-11-20,2461,1417743,30949267,21.5,22.1,21.4,22.0,0.5,474
2003-11-21,2461,2524310,56266372,22.0,23.0,21.5,21.9,-0.1,832
2003-11-24,2461,760701,16443959,21.9,21.9,21.3,21.3,-0.6,269
2003-11-25,2461,808374,16991625,21.4,21.6,20.7,20.9,-0.4,323
2003-11-26,2461,577142,11926226,20.9,20.9,20.4,20.9,0.0,200
2003-11-27,2461,252974,5250523,20.9,20.9,20.6,20.7,-0.2,110
2003-11-28,2461,285659,5990744,21.4,21.4,20.7,20.9,0.2,129
2003-12-01,2461,356604,7518741,20.9,21.4,20.7,21.4,0.5,167
2003-12-02,2461,751020,16468425,21.6,22.2,21.5,22.1,0.7,345
2003-12-03,2461,1156397,26006869,22.4,22.8,22.2,22.3,0.2,488
2003-12-04,2461,452536,9998086,22.3,22.4,21.9,21.9,-0.4,154
2003-12-05,2461,497006,10915229,21.9,22.3,21.6,21.7,-0.2,144
2003-12-08,2461,456123,9666554,21.5,21.5,21.0,21.1,-0.6,159
2003-12-09,2461,243000,5134000,21.1,21.3,21.0,21.1,0.0,83
2003-12-10,2461,202399,4278674,21.1,21.2,20.9,21.2,0.1,65
2003-12-11,2461,259838,5498746,21.1,21.5,21.0,21.1,-0.1,85
2003-12-12,2461,309984,6605851,21.2,21.4,21.2,21.3,0.2,95
2003-12-15,2461,313000,6698200,21.3,21.6,21.3,21.5,0.2,108
2003-12-16,2461,252767,5464304,21.6,21.9,21.3,21.6,0.1,130
2003-12-17,2461,1283194,28217956,21.9,22.3,21.6,21.8,0.2,486
2003-12-18,2461,457007,10034240,21.8,22.2,21.7,21.9,0.1,211
2003-12-19,2461,487800,10651030,22.0,22.0,21.6,21.8,-0.1,140
2003-12-22,2461,456463,9975741,21.9,22.2,21.6,21.9,0.1,124
2003-12-23,2461,202000,4415400,21.9,21.9,21.8,21.9,0.0,86
2003-12-24,2461,532000,11648500,21.9,22.0,21.7,21.8,-0.1,163
2003-12-25,2461,411487,8967061,21.8,22.0,21.6,21.6,-0.2,109
2003-12-26,2461,426127,9018829,21.5,21.5,21.0,21.2,-0.4,161
2003-12-29,2461,333901,7042600,21.2,21.3,20.7,20.7,-0.5,116
2003-12-30,2461,278267,5728697,20.7,20.7,20.4,20.5,-0.2,115
2003-12-31,2461,466300,9468217,20.5,20.5,20.2,20.2,-0.3,143
2004-01-02,2461,238000,4859600,20.2,20.7,20.2,20.3,0.1,124
2004-01-05,2461,345896,7056287,20.3,20.7,20.3,20.4,0.1,147
2004-01-06,2461,289002,5928640,20.5,20.7,20.4,20.4,0.0,104
2004-01-07,2461,317787,6508942,20.6,20.7,20.2,20.2,-0.2,128
2004-01-08,2461,264469,5387822,20.3,20.6,20.3,20.3,0.1,103
2004-01-09,2461,461731,9525856,20.6,20.8,20.5,20.6,0.3,175
2004-01-12,2461,507343,10640927,20.7,21.3,20.7,21.1,0.5,216
2004-01-13,2461,394063,8313422,21.2,21.5,20.7,20.7,-0.4,160
2004-01-14,2461,381517,7922930,20.9,20.9,20.7,20.8,0.1,130
2004-01-15,2461,820368,17439113,20.9,21.5,20.9,21.3,0.5,255
2004-01-16,2461,989654,21182055,21.5,21.7,21.0,21.6,0.3,264
2004-01-27,2461,738000,16024300,21.9,22.0,21.4,21.7,0.1,206
2004-01-28,2461,301556,6442402,21.6,21.6,21.3,21.3,-0.4,137
2004-01-29,2461,497196,10405139,21.1,21.3,20.6,21.0,-0.3,196
2004-01-30,2461,525390,11267031,21.0,21.8,21.0,21.4,0.4,192
2004-02-02,2461,355951,7609644,21.5,21.8,21.0,21.0,-0.4,146
2004-02-03,2461,250967,5225402,21.1,21.2,20.7,20.7,-0.3,162
2004-02-04,2461,261446,5380955,20.8,21.0,20.5,20.6,-0.1,104
2004-02-05,2461,234166,4818774,20.5,20.9,20.5,20.6,0.0,99
2004-02-06,2461,336229,7063254,20.6,21.2,20.6,20.8,0.2,147
2004-02-09,2461,298400,6269951,20.8,21.3,20.8,20.9,0.1,117
2004-02-10,2461,454711,9657366,21.5,21.5,21.0,21.1,0.2,185
2004-02-11,2461,387255,8207169,21.4,21.4,21.1,21.2,0.1,167
2004-02-12,2461,472463,10073682,21.4,21.6,21.0,21.0,-0.2,234
2004-02-13,2461,299799,6326185,21.0,21.4,21.0,21.0,0.0,175
2004-02-16,2461,389990,8139308,21.0,21.3,20.6,20.7,-0.3,199
2004-02-17,2461,550646,11324577,20.7,21.0,20.4,20.4,-0.3,193
2004-02-18,2461,359641,7433568,20.7,20.8,20.5,20.6,0.2,168
2004-02-19,2461,394085,8173678,20.7,20.9,20.7,20.7,0.1,164
2004-02-20,2461,332938,6889688,20.7,20.9,20.6,20.9,0.2,125
2004-02-23,2461,514308,10723679,21.0,21.1,20.7,20.7,-0.2,175
2004-02-24,2461,428806,8965657,21.0,21.0,20.8,20.9,0.2,152
2004-02-25,2461,375991,7816489,20.9,21.0,20.7,20.8,-0.1,121
2004-02-26,2461,1408010,30472422,21.0,22.2,20.8,22.2,1.4,486
2004-02-27,2461,1273064,30132594,23.7,23.7,23.7,23.7,1.5,499
2004-03-01,2461,6943958,174741748,25.3,25.3,24.5,25.1,1.4,1942
2004-03-02,2461,2590615,62824881,25.0,25.1,23.4,24.3,-0.8,778
2004-03-03,2461,1674793,40989700,24.3,24.9,23.7,24.4,0.1,574
2004-03-04,2461,3107920,78284827,24.8,25.6,24.6,24.7,0.3,840
2004-03-05,2461,1625684,40156707,24.9,25.4,24.1,24.1,-0.6,453
2004-03-08,2461,1048000,25836500,24.1,24.9,24.1,24.6,0.5,359
2004-03-09,2461,747389,18414785,24.9,24.9,24.2,24.5,-0.1,262
2004-03-10,2461,693263,16848177,24.5,24.7,24.1,24.2,-0.3,262
2004-03-11,2461,920405,22565583,24.0,24.9,24.0,24.7,0.5,301
2004-03-12,2461,1182000,29228374,24.2,25.1,24.2,24.5,-0.2,368
2004-03-15,2461,667355,16396250,25.1,25.1,24.1,24.1,-0.4,220
2004-03-16,2461,909957,21786836,24.1,24.5,23.6,23.7,-0.4,268
2004-03-17,2461,518607,12462211,24.2,24.4,23.7,24.3,0.6,192
2004-03-18,2461,678311,16356015,24.1,24.3,23.9,24.2,-0.1,196
2004-03-19,2461,1676503,41898174,24.3,25.8,24.1,25.8,1.6,550
2004-03-22,2461,178096,4276133,24.0,24.0,24.0,24.0,-1.8,53
2004-03-23,2461,1652000,37283000,22.4,23.5,22.4,22.5,-1.5,445
2004-03-24,2461,1047054,24135787,22.8,23.6,22.6,23.2,0.7,377
2004-03-25,2461,668008,15461161,23.5,23.6,22.7,22.7,-0.5,221
2004-03-26,2461,482810,11073987,23.2,23.2,22.7,22.7,0.0,168
2004-03-29,2461,761553,18256485,23.5,24.2,23.4,24.0,1.3,269
2004-03-30,2461,373999,8832455,23.5,24.0,23.5,23.7,-0.3,143
2004-03-31,2461,435052,10469026,23.8,24.5,23.8,23.9,0.2,159
2004-04-01,2461,382315,9131289,24.0,24.1,23.6,23.9,0.0,146
2004-04-02,2461,2502269,63266795,24.1,25.5,24.0,25.5,1.6,676
2004-04-05,2461,1385735,37644848,27.2,27.2,27.2,27.2,1.7,434
2004-04-06,2461,4824772,133997657,28.8,28.8,26.2,26.3,-0.9,1354
2004-04-07,2461,1119806,29605880,26.4,26.7,26.2,26.4,0.1,443
2004-04-08,2461,1721370,46238715,26.4,27.3,26.4,26.4,0.0,535
2004-04-09,2461,940741,24940657,26.4,26.9,26.1,26.9,0.5,319
2004-04-12,2461,1672359,46035120,27.3,28.1,26.7,27.0,0.1,537
2004-04-13,2461,1376945,36004283,27.0,27.2,25.5,25.9,-1.1,531
2004-04-14,2461,602141,15607571,25.6,26.2,25.6,25.8,-0.1,208
2004-04-15,2461,728961,18854065,25.8,26.2,25.6,25.7,-0.1,285
2004-04-16,2461,1064001,27973625,25.7,26.7,25.7,26.2,0.5,437
2004-04-19,2461,872300,22547150,26.4,26.6,25.4,25.4,-0.8,337
2004-04-20,2461,391639,10043426,25.7,26.0,25.5,25.5,0.1,206
2004-04-21,2461,1191371,31404979,25.6,27.1,25.6,26.6,1.1,449
2004-04-22,2461,964255,25442053,26.6,26.8,25.6,25.7,-0.9,415
2004-04-23,2461,440022,11355161,26.3,26.4,25.6,25.7,0.0,151
2004-04-26,2461,680169,16926588,25.6,25.7,24.2,24.3,-1.4,239
2004-04-27,2461,810726,19209214,24.3,24.4,22.8,23.5,-0.8,287
2004-04-28,2461,572000,13543500,23.5,24.0,23.5,23.5,0.0,189
2004-04-29,2461,1064005,25419249,23.5,24.6,23.2,24.2,0.7,364
2004-04-30,2461,1464755,35414872,24.3,25.7,23.0,25.2,1.0,498
2004-05-03,2461,497972,12332167,24.8,25.2,24.3,24.6,-0.6,199
2004-05-04,2461,871260,22070361,24.7,25.7,24.7,25.4,0.8,324
2004-05-05,2461,720005,17781526,25.6,25.6,24.0,24.3,-1.1,267
2004-05-06,2461,803506,19827529,24.8,25.0,24.1,25.0,0.7,279
2004-05-07,2461,419049,10518618,25.0,25.3,24.8,25.1,0.1,158
2004-05-10,2461,335953,8332794,24.8,25.1,24.1,25.0,-0.1,142
2004-05-11,2461,174005,4290924,25.0,25.0,24.3,24.4,-0.6,78
2004-05-12,2461,401009,9715217,24.4,24.7,24.0,24.4,0.0,158
2004-05-13,2461,194815,4683278,24.1,24.4,23.8,23.9,-0.5,72
2004-05-14,2461,239887,5599889,23.6,23.9,23.1,23.2,-0.7,95
2004-05-17,2461,455442,9991400,22.6,22.7,21.6,21.6,-1.6,157
2004-05-18,2461,189001,4062821,21.4,22.0,21.1,21.3,-0.3,62
2004-05-19,2461,279149,6175644,21.3,22.4,21.3,22.3,1.0,101
2004-05-20,2461,215896,4707171,21.6,22.3,21.6,21.6,-0.7,75
2004-05-21,2461,245000,5390000,21.6,22.4,21.4,22.1,0.5,108
2004-05-24,2461,382438,8852727,22.4,23.6,22.4,23.6,1.5,187
2004-05-25,2461,2242231,56106557,23.7,25.2,23.7,24.8,1.2,688
2004-05-26,2461,623864,15589215,25.2,25.5,24.4,24.5,-0.3,253
2004-05-27,2461,289068,7023855,24.5,24.8,24.1,24.1,-0.4,101
2004-05-28,2461,218000,5314600,24.5,24.9,24.1,24.1,0.0,104
2004-05-31,2461,159000,3834400,24.2,24.3,24.0,24.1,0.0,82
2004-06-01,2461,149001,3535823,24.1,24.1,23.4,23.7,-0.4,56
2004-06-02,2461,137255,3198512,23.3,23.7,23.0,23.1,-0.6,59
2004-06-03,2461,133001,3100022,23.6,23.7,22.8,22.9,-0.2,68
2004-06-04,2461,206227,4769870,22.9,23.5,22.9,23.2,0.3,90
2004-06-07,2461,169020,3992360,23.8,23.8,23.4,23.7,0.5,64
2004-06-08,2461,125740,2971162,24.0,24.0,23.3,23.7,0.0,76
2004-06-09,2461,117000,2743600,23.8,23.8,23.2,23.3,-0.4,51
2004-06-10,2461,133000,3119300,23.4,23.8,23.2,23.5,0.2,77
2004-06-11,2461,1936260,47787578,23.6,25.1,23.5,24.2,0.7,660
2004-06-14,2461,774000,18530800,24.5,24.5,23.2,23.2,-1.0,272
2004-06-15,2461,241150,5597961,23.3,23.5,23.0,23.2,0.0,128
2004-06-16,2461,385024,8748552,23.3,23.6,22.1,22.1,-1.1,158
2004-06-17,2461,548118,12459093,22.1,23.5,22.1,22.6,0.5,206
2004-06-18,2461,201000,4550800,22.6,22.9,22.5,22.9,0.3,94
2004-06-21,2461,264387,6094815,23.1,23.4,22.6,22.6,-0.3,133
2004-06-23,2461,237001,5458022,22.6,23.4,22.6,23.1,0.5,144
2004-06-24,2461,167669,3865172,23.4,23.4,23.0,23.1,0.0,76
2004-06-25,2461,105440,2435808,23.1,23.2,23.0,23.2,0.1,63
2004-06-28,2461,226232,5127053,23.0,23.1,22.5,22.5,-0.7,96
2004-06-29,2461,68002,1536244,22.5,22.9,22.5,22.6,0.1,33
2004-06-30,2461,155410,3481715,22.5,22.7,22.2,22.5,-0.1,71
2004-07-01,2461,123000,2727600,22.5,22.5,22.0,22.2,-0.3,62
2004-07-02,2461,111990,2418457,21.2,21.9,21.2,21.7,-0.5,70
2004-07-05,2461,125773,2666588,21.4,21.4,21.1,21.1,-0.6,65
2004-07-06,2461,108000,2276600,21.3,21.3,21.0,21.2,0.1,68
2004-07-07,2461,156159,3239853,20.5,21.0,20.5,20.6,-0.6,69
2004-07-08,2461,526000,10608600,20.9,21.3,19.5,20.3,-0.3,189
2004-07-09,2461,597025,12249104,20.1,21.2,20.1,21.2,0.9,202
2004-07-12,2461,420219,8831617,20.8,21.3,20.5,21.1,-0.1,144
2004-07-13,2461,126878,2622128,21.1,21.1,20.3,20.5,-0.6,34
2004-07-14,2461,207000,4206600,20.0,20.7,20.0,20.1,-0.4,65
2004-07-15,2461,403000,7856000,20.0,20.3,19.0,19.3,-0.8,115
2004-07-16,2461,287005,5616096,19.3,19.9,19.3,19.4,0.1,91
2004-07-19,2461,279001,5295919,19.1,19.4,18.3,19.4,0.0,77
2004-07-20,2461,179200,3411360,19.5,19.5,18.5,18.8,-0.6,63
2004-07-21,2461,286760,5688910,19.0,20.1,19.0,20.0,1.2,111
2004-07-22,2461,370632,7436975,19.5,20.7,19.1,20.7,0.7,119
2004-07-23,2461,536000,11108200,20.6,21.0,20.4,21.0,0.3,199
2004-07-26,2461,969000,19996700,20.8,20.8,20.4,20.5,-0.5,161
2004-07-27,2461,836767,16544538,20.4,20.4,19.4,20.1,-0.4,284
2004-07-28,2461,755878,14821149,19.9,20.0,19.3,19.5,-0.6,222
2004-07-29,2461,927064,17810641,19.4,19.5,19.0,19.3,-0.2,212
2004-07-30,2461,473592,9139065,19.1,19.8,19.0,19.5,0.2,118
2004-08-02,2461,141000,2685200,19.3,19.4,18.8,18.8,-0.7,53
2004-08-03,2461,99000,1844500,18.7,18.8,18.4,18.4,-0.4,40
2004-08-04,2461,187001,3416818,18.0,18.5,18.0,18.0,-0.4,68
2004-08-05,2461,183500,3306053,18.1,18.3,17.7,18.3,0.3,112
2004-08-06,2461,134264,2426404,18.2,18.4,17.7,17.7,-0.6,81
2004-08-09,2461,144028,2579993,17.6,18.2,17.5,18.1,0.4,72
2004-08-10,2461,100001,1797018,18.3,18.4,17.7,17.8,-0.3,50
2004-08-11,2461,179318,3172030,17.8,18.0,17.5,17.6,-0.2,75
2004-08-12,2461,140000,2440400,17.4,17.5,17.2,17.3,-0.3,56
2004-08-13,2461,120632,2097474,17.3,17.5,17.3,17.4,0.1,62
2004-08-16,2461,465000,7798900,17.4,17.4,16.2,16.5,-0.9,161
2004-08-17,2461,685000,10645200,15.4,16.2,15.4,15.4,-1.1,249
2004-08-18,2461,1422001,21786515,15.1,15.8,14.5,15.8,0.4,297
2004-08-19,2461,340546,5496300,16.0,16.4,15.9,15.9,0.1,154
2004-08-20,2461,323433,5190449,16.2,16.3,15.8,16.1,0.2,139
2004-08-23,2461,285725,4547806,16.1,16.1,15.6,16.1,0.0,142
2004-08-26,2461,450551,7178620,16.0,16.3,15.6,16.1,0.0,180
2004-08-27,2461,414000,6732700,16.4,16.4,16.1,16.2,0.1,162
2004-08-30,2461,1423057,24463918,16.3,17.3,16.3,17.3,1.1,374
2004-08-31,2461,749978,12766418,17.3,17.3,16.8,16.8,-0.5,285
2004-09-01,2461,510018,8726800,17.1,17.3,17.0,17.0,0.2,162
2004-09-02,2461,1006000,17764600,17.2,18.1,17.2,17.5,0.5,325
2004-09-03,2461,316510,5462106,17.6,17.6,17.1,17.1,-0.4,141
2004-09-06,2461,401364,6879591,17.2,17.3,17.0,17.3,0.2,133
2004-09-07,2461,139090,2394372,17.3,17.3,17.2,17.2,-0.1,51
2004-09-08,2461,648000,11386600,17.4,18.0,17.2,17.9,0.7,191
2004-09-09,2461,775000,14070500,18.2,18.5,17.8,18.3,0.4,231
2004-09-10,2461,1190000,21835200,18.5,18.7,18.0,18.7,0.4,274
2004-09-13,2461,1678000,31267500,19.0,19.0,18.3,18.8,0.1,266
2004-09-14,2461,1219788,22738335,18.8,18.9,18.3,18.8,0.0,207
2004-09-15,2461,803000,14796200,18.8,18.8,18.1,18.5,-0.3,148
2004-09-16,2461,204000,3646200,18.1,18.2,17.7,17.7,-0.8,86
2004-09-17,2461,3342220,57093173,17.5,18.9,16.5,18.9,1.2,457
2004-09-20,2461,578889,10587511,18.7,18.7,18.0,18.4,-0.5,170
2004-09-21,2461,447572,8118063,18.0,18.4,17.7,18.3,-0.1,113
2004-09-22,2461,200264,3664304,18.5,18.5,18.0,18.3,0.0,57
2004-09-23,2461,428387,7917942,18.1,18.7,18.1,18.4,0.1,111
2004-09-24,2461,730094,13446518,18.2,18.6,18.1,18.2,-0.2,121
2004-09-27,2461,772000,13641500,18.1,18.1,17.3,17.8,-0.4,103
2004-09-29,2461,384642,6741369,17.4,17.8,17.4,17.8,0.0,84
2004-09-30,2461,214557,3812562,17.7,17.8,17.5,17.5,-0.3,49
2004-10-01,2461,218764,3871799,17.6,17.9,17.5,17.9,0.4,103
2004-10-04,2461,294010,5214578,18.0,18.1,17.5,17.9,0.0,111
2004-10-05,2461,351387,6257392,17.9,18.0,17.5,18.0,0.1,107
2004-10-06,2461,3612349,68387157,17.9,19.2,17.9,19.1,1.1,549
2004-10-07,2461,1178996,22395224,19.0,19.2,18.7,19.1,0.0,282
2004-10-08,2461,378000,7038400,19.0,19.0,18.5,18.7,-0.4,81
2004-10-11,2461,608000,10917300,18.2,18.4,17.7,18.4,-0.3,171
2004-10-12,2461,283309,5041853,17.9,18.2,17.7,17.8,-0.6,98
2004-10-13,2461,374187,6483119,17.7,17.8,17.0,17.0,-0.8,148
2004-10-14,2461,1708892,29866081,17.0,18.1,16.9,17.8,0.8,302
2004-10-15,2461,1475816,26720856,17.8,18.4,17.5,17.7,-0.1,304
2004-10-18,2461,340584,5985684,17.8,17.8,17.3,17.3,-0.4,84
2004-10-19,2461,697798,12422232,17.3,18.0,17.2,17.9,0.6,137
2004-10-20,2461,321000,5762200,17.9,18.1,17.7,18.0,0.1,126
2004-10-21,2461,328000,5905000,18.0,18.3,17.8,18.0,0.0,132
2004-10-22,2461,156528,2819856,18.2,18.2,17.8,17.9,-0.1,73
2004-10-26,2461,444567,7905696,17.8,18.4,17.4,18.2,0.3,125
2004-10-27,2461,117001,2092018,17.9,18.1,17.8,17.9,-0.3,45
2004-10-28,2461,176400,3136822,18.1,18.1,17.7,17.7,-0.2,64
2004-10-29,2461,892297,16078538,17.7,18.3,17.7,18.2,0.5,177
2004-11-01,2461,114187,2047384,18.4,18.4,17.8,17.8,-0.4,54
2004-11-02,2461,235100,4120871,17.8,18.0,17.2,17.7,-0.1,80
2004-11-03,2461,214238,3793298,17.7,17.9,17.6,17.8,0.1,79
2004-11-04,2461,178773,3205288,18.0,18.2,17.8,17.8,0.0,79
2004-11-05,2461,110174,1967881,17.9,18.0,17.6,17.6,-0.2,64
2004-11-08,2461,75552,1324564,17.6,17.6,17.4,17.4,-0.2,40
2004-11-09,2461,1395680,24541070,17.4,17.6,17.2,17.6,0.2,52
2004-11-10,2461,518600,9442404,18.8,18.8,17.9,17.9,0.3,222
2004-11-11,2461,156000,2770300,17.8,18.0,17.6,18.0,0.1,69
2004-11-12,2461,405621,7164226,18.0,18.0,17.6,17.6,-0.4,90
2004-11-15,2461,730010,12750475,17.8,17.8,17.4,17.4,-0.2,90
2004-11-16,2461,1259288,21817784,17.4,17.6,17.2,17.3,-0.1,104
2004-11-17,2461,1890756,33544509,17.3,18.1,17.3,17.9,0.6,302
2004-11-18,2461,289055,5142186,18.0,18.0,17.6,17.6,-0.3,99
2004-11-19,2461,1111110,19925726,17.6,18.2,17.5,17.9,0.3,233
2004-11-22,2461,4528978,84952817,17.8,19.1,17.6,19.1,1.2,745
2004-11-23,2461,5166748,102416412,19.6,20.2,19.5,19.8,0.7,1173
2004-11-24,2461,6608874,133604214,20.0,20.7,19.8,20.4,0.6,1017
2004-11-25,2461,1120000,22476000,20.4,20.4,19.8,20.2,-0.2,344
2004-11-26,2461,4822000,101537800,20.1,21.6,20.1,20.6,0.4,1042
2004-11-29,2461,1238279,25054504,20.8,20.8,19.9,20.0,-0.6,272
2004-11-30,2461,1759100,35140990,19.9,20.3,19.5,20.3,0.3,291
2004-12-01,2461,372218,7444289,20.0,20.2,19.8,20.1,-0.2,147
2004-12-02,2461,578963,11721148,20.4,20.6,20.1,20.3,0.2,201
2004-12-03,2461,361883,7291225,20.0,20.4,20.0,20.3,0.0,108
2004-12-06,2461,308100,6228318,20.4,20.4,20.1,20.3,0.0,104
2004-12-07,2461,294100,5902519,20.2,20.3,19.8,19.8,-0.5,80
2004-12-08,2461,1053007,21470537,19.9,20.6,19.9,20.2,0.4,320
2004-12-09,2461,1369065,28242491,20.2,20.9,20.2,20.4,0.2,390
2004-12-10,2461,367010,7497602,20.3,20.7,20.3,20.5,0.1,109
2004-12-13,2461,1224000,25172900,20.6,20.9,20.1,20.3,-0.2,243
2004-12-14,2461,114000,2314300,20.3,20.6,20.2,20.2,-0.1,49
2004-12-15,2461,325000,6604400,20.3,20.6,20.2,20.2,0.0,116
2004-12-16,2461,496000,9981000,20.2,20.5,19.9,19.9,-0.3,162
2004-12-17,2461,433644,8580551,20.0,20.1,19.6,19.7,-0.2,154
2004-12-20,2461,267100,5196160,19.5,19.6,19.2,19.5,-0.2,111
2004-12-21,2461,155773,3016195,19.5,19.5,19.2,19.2,-0.3,69
2004-12-22,2461,364255,6952069,19.3,19.5,18.8,18.8,-0.4,112
2004-12-23,2461,522174,9756550,18.8,19.0,18.2,18.9,0.1,170
2004-12-24,2461,247000,4753600,18.9,19.4,18.9,19.3,0.4,97
2004-12-27,2461,105000,2004084,19.4,19.4,18.9,19.0,-0.3,101
2004-12-28,2461,1642000,31467500,19.0,20.0,18.7,19.4,0.4,235
2004-12-29,2461,243000,4684100,19.4,19.5,19.1,19.1,-0.3,100
2004-12-30,2461,489000,9352900,19.2,19.5,18.8,18.8,-0.3,163
2004-12-31,2461,171073,3255557,19.0,19.3,18.9,19.1,0.3,91
2005-01-03,2461,443000,8650600,19.1,19.8,19.1,19.8,0.7,188
2005-01-04,2461,110255,2137322,19.8,19.8,19.2,19.2,-0.6,56
2005-01-05,2461,157000,3026500,19.2,19.4,19.1,19.4,0.2,80
2005-01-06,2461,156000,3015200,19.4,19.5,19.1,19.4,0.0,59
2005-01-07,2461,163000,3122000,19.4,19.4,18.9,19.4,0.0,79
2005-01-10,2461,119483,2279921,19.2,19.4,18.9,19.0,-0.4,61
2005-01-11,2461,188000,3557800,19.0,19.2,18.8,18.8,-0.2,76
2005-01-12,2461,118000,2233800,18.7,19.1,18.7,19.0,0.2,68
2005-01-13,2461,203000,3874100,19.0,19.6,18.8,19.2,0.2,88
2005-01-14,2461,244000,4621200,19.1,19.1,18.8,19.1,-0.1,67
2005-01-17,2461,83000,1579500,18.9,19.1,18.9,19.1,0.0,52
2005-01-18,2461,46000,871900,19.0,19.0,18.8,19.0,-0.1,34
2005-01-19,2461,67000,1266700,19.0,19.0,18.8,18.8,-0.2,38
2005-01-20,2461,76000,1439600,18.8,19.0,18.8,19.0,0.2,42
2005-01-21,2461,101000,1906200,19.0,19.0,18.8,18.9,-0.1,45
2005-01-24,2461,79000,1479900,18.7,18.9,18.5,18.8,-0.1,39
2005-01-25,2461,129000,2416700,18.8,18.9,18.6,18.8,0.0,58
2005-01-26,2461,89282,1691573,19.4,19.4,18.8,19.0,0.2,36
2005-01-27,2461,578415,11083142,19.0,19.6,19.0,19.0,0.0,128
2005-01-28,2461,255878,4874692,19.1,19.5,18.7,19.5,0.5,89
2005-01-31,2461,894682,17504228,19.5,19.7,19.3,19.4,-0.1,151
2005-02-01,2461,415000,7912900,19.1,19.3,19.0,19.0,-0.4,113
2005-02-02,2461,435000,8259200,19.0,19.2,18.9,18.9,-0.1,81
2005-02-03,2461,197000,3749700,19.0,19.2,18.9,18.9,0.0,74
2005-02-14,2461,508000,9801400,19.3,19.7,18.6,19.7,0.8,153
2005-02-15,2461,1735575,35293470,19.8,20.7,19.6,20.5,0.8,474
2005-02-16,2461,1960000,42103383,21.0,21.9,21.0,21.9,1.4,513
2005-02-17,2461,3224772,73581606,22.6,23.3,22.5,22.5,0.6,898
2005-02-18,2461,2974370,69151779,22.8,24.0,22.2,24.0,1.5,763
2005-02-21,2461,2595056,62030218,24.0,24.5,23.3,23.3,-0.7,710
2005-02-22,2461,4577947,109242349,23.3,24.4,22.8,23.7,0.4,1110
2005-02-23,2461,2282150,54118337,23.7,24.1,23.2,23.9,0.2,673
2005-02-24,2461,2022000,47261300,23.9,24.1,22.7,22.9,-1.0,589
2005-02-25,2461,1449990,33267956,23.3,23.5,22.6,22.7,-0.2,418
2005-03-01,2461,888131,20025658,22.9,23.0,22.1,22.5,-0.2,239
2005-03-02,2461,592100,13234387,22.3,22.6,22.0,22.0,-0.5,217
2005-03-03,2461,940395,21421977,22.05,23.4,22.0,22.8,0.8,346
2005-03-04,2461,838000,19141700,23.0,23.1,22.55,22.7,-0.1,244
2005-03-07,2461,557156,12862111,22.8,23.5,22.8,23.1,0.4,218
2005-03-08,2461,1842000,43324100,23.15,24.0,22.8,23.5,0.4,590
2005-03-09,2461,4478160,107631038,23.6,24.5,23.6,23.7,0.2,1111
2005-03-10,2461,1505309,34825137,23.35,23.7,22.8,22.8,-0.9,498
2005-03-11,2461,625849,14298036,23.0,23.2,22.6,22.8,0.0,285
2005-03-14,2461,670493,15042005,22.8,22.8,22.2,22.25,-0.55,245
2005-03-15,2461,1092758,23373358,22.25,22.25,20.7,21.1,-1.15,340
2005-03-16,2461,548462,11578334,21.1,21.7,20.8,21.3,0.2,199
2005-03-17,2461,243739,5137470,21.0,21.3,20.9,21.15,-0.15,106
2005-03-18,2461,329355,7052617,21.2,21.7,21.1,21.35,0.2,144
2005-03-21,2461,325843,6900992,21.2,21.4,21.05,21.1,-0.25,143
2005-03-22,2461,1038770,21991476,21.1,21.5,20.6,21.45,0.35,277
2005-03-23,2461,807194,17402235,21.3,21.8,21.2,21.45,0.0,260
2005-03-24,2461,399294,8585901,21.55,21.7,21.3,21.5,0.05,146
2005-03-25,2461,536127,11532316,21.5,21.65,21.35,21.55,0.05,149
2005-03-28,2461,1429050,31359822,21.55,22.3,21.5,21.6,0.05,337
2005-03-29,2461,668817,14284531,21.7,21.75,21.05,21.3,-0.3,220
2005-03-30,2461,208150,4394827,21.3,21.3,21.0,21.0,-0.3,103
2005-03-31,2461,428002,9040918,21.5,21.5,20.9,20.9,-0.1,128
2005-04-01,2461,895180,19100891,21.0,21.6,20.8,21.55,0.65,199
2005-04-04,2461,561000,12216150,21.5,22.1,21.1,21.55,0.0,134
2005-04-06,2461,372879,8002220,21.55,21.95,21.25,21.8,0.25,104
2005-04-07,2461,436010,9297616,21.8,21.8,21.2,21.3,-0.5,105
2005-04-08,2461,537100,11501718,21.5,21.55,21.3,21.4,0.1,146
2005-04-11,2461,1307372,26299360,20.9,20.9,19.95,20.3,-1.1,433
2005-04-12,2461,1068000,21394300,20.25,20.3,19.6,20.0,-0.3,309
2005-04-13,2461,985455,19861303,20.0,20.4,20.0,20.0,0.0,341
2005-04-14,2461,736005,14508045,20.0,20.0,19.5,19.7,-0.3,239
2005-04-15,2461,1735060,34599776,19.7,20.15,19.6,19.6,-0.1,464
2005-04-18,2461,859111,15922364,19.4,19.4,18.25,18.25,-1.35,295
2005-04-19,2461,2238120,38791476,17.8,18.0,17.0,17.6,-0.65,465
2005-04-20,2461,1154375,19837315,17.6,17.6,17.0,17.0,-0.6,290
2005-04-21,2461,978883,16973629,16.9,18.1,16.7,17.9,0.9,281
2005-04-22,2461,1677094,30506932,18.2,18.6,17.5,17.5,-0.4,388
2005-04-25,2461,1290744,23258602,17.6,18.2,17.6,18.2,0.7,232
2005-04-26,2461,828005,14995090,18.3,18.4,17.95,18.2,0.0,177
2005-04-27,2461,235592,4236014,18.2,18.2,17.8,17.8,-0.4,70
2005-04-28,2461,213588,3823920,17.85,18.0,17.8,17.8,0.0,68
2005-04-29,2461,257258,4614927,17.95,18.1,17.8,17.8,0.0,88
2005-05-03,2461,491811,8734661,17.9,18.1,17.4,17.7,-0.1,146
2005-05-04,2461,200005,3529438,17.75,17.9,17.5,17.5,-0.2,88
2005-05-05,2461,687005,12108837,17.8,17.8,17.4,17.4,-0.1,209
2005-05-06,2461,553021,9517180,17.4,17.6,17.0,17.05,-0.35,216
2005-05-09,2461,311725,5369253,17.05,17.5,16.95,17.3,0.25,147
2005-05-10,2461,126125,2166058,17.15,17.35,17.0,17.0,-0.3,60
2005-05-11,2461,297658,4997935,16.9,17.0,16.6,16.85,-0.15,103
2005-05-12,2461,128459,2163292,16.85,17.0,16.7,17.0,0.15,72
2005-05-13,2461,1536386,26767325,17.0,17.8,16.8,17.35,0.35,443
2005-05-16,2461,295342,5150061,17.8,17.8,17.2,17.4,0.05,122
2005-05-17,2461,117005,2017486,17.1,17.4,17.1,17.3,-0.1,63
2005-05-18,2461,305435,5208585,17.3,17.3,16.95,17.25,-0.05,102
2005-05-19,2461,385029,6633146,17.25,17.5,17.05,17.1,-0.15,104
2005-05-20,2461,1090806,19005552,17.1,17.6,17.05,17.3,0.2,271
2005-05-23,2461,316382,5462980,17.3,17.45,17.05,17.25,-0.05,78
2005-05-24,2461,217057,3709778,17.1,17.3,17.0,17.1,-0.15,81
2005-05-25,2461,497058,8337986,17.1,17.1,16.5,17.0,-0.1,181
2005-05-26,2461,328176,5539084,16.95,17.0,16.6,17.0,0.0,106
2005-05-27,2461,2813058,49406080,17.0,17.8,17.0,17.8,0.8,602
2005-05-30,2461,1262566,22627179,18.4,18.4,17.6,17.8,0.0,304
2005-05-31,2461,256056,4495641,17.8,17.8,17.4,17.55,-0.25,86
2005-06-01,2461,2427612,43568541,17.55,18.3,17.55,17.7,0.15,501
2005-06-02,2461,7475972,138626616,18.15,18.9,18.1,18.3,0.6,1122
2005-06-03,2461,4212619,77934010,18.3,18.8,18.1,18.4,0.1,739
2005-06-06,2461,830969,15280128,18.6,18.6,18.2,18.2,-0.2,239
2005-06-07,2461,1031677,18677050,18.25,18.45,17.8,18.1,-0.1,285
2005-06-08,2461,4989530,92270990,18.1,18.75,18.1,18.3,0.2,926
2005-06-09,2461,2337862,43143731,18.4,18.75,18.1,18.1,-0.2,511
2005-06-10,2461,1541357,28105776,18.3,18.45,18.05,18.05,-0.05,332
2005-06-13,2461,1705374,30192561,18.05,18.1,17.5,17.8,-0.25,387
2005-06-14,2461,3438243,61546719,17.8,18.35,17.45,17.75,-0.05,663
2005-06-15,2461,1001478,17956690,17.9,18.2,17.8,17.8,0.05,273
2005-06-16,2461,1755981,31541880,17.8,18.25,17.75,17.95,0.15,356
2005-06-17,2461,1458155,26304918,18.05,18.3,17.7,17.95,0.0,403
2005-06-20,2461,389555,6941461,17.95,18.0,17.7,17.7,-0.25,143
2005-06-21,2461,475351,8487007,17.75,18.0,17.65,17.85,0.15,168
2005-06-22,2461,5303769,97799182,18.2,18.9,18.0,18.4,0.55,946
2005-06-23,2461,2078446,37880561,18.5,18.5,18.0,18.4,0.0,488
2005-06-24,2461,1155054,21233438,18.4,18.6,18.15,18.35,-0.05,291
2005-06-27,2461,1715055,32626253,18.4,19.6,18.05,18.25,-0.1,397
2005-06-28,2461,1704054,30867530,18.2,18.5,17.8,18.2,-0.05,216
2005-06-29,2461,476055,8610095,18.3,18.4,17.9,17.95,-0.25,154
2005-06-30,2461,868916,15719541,18.0,18.2,17.9,18.2,0.25,199
2005-07-01,2461,539926,9754908,18.15,18.15,17.9,18.15,-0.05,171
2005-07-04,2461,351055,6359392,18.15,18.2,18.0,18.15,0.0,149
2005-07-05,2461,1359110,24957734,18.15,18.5,18.15,18.2,0.05,455
2005-07-06,2461,3363540,62424220,18.3,18.7,18.3,18.55,0.35,862
2005-07-07,2461,971554,17786318,18.5,18.5,18.1,18.15,-0.4,299
2005-07-08,2461,1165458,21133260,18.25,18.3,18.0,18.2,0.05,371
2005-07-11,2461,5442244,102427064,18.5,19.2,18.25,18.75,0.55,1125
2005-07-12,2461,1955844,36527333,18.8,19.0,18.5,18.65,-0.1,453
2005-07-13,2461,3809370,71698710,18.65,19.1,18.5,18.85,0.2,755
2005-07-14,2461,2562753,47898665,19.0,19.0,18.55,18.55,-0.3,497
2005-07-15,2461,4320798,81584712,18.7,19.1,18.55,18.65,0.1,876
2005-07-19,2461,1294437,24089400,18.75,18.75,18.45,18.45,-0.2,286
2005-07-20,2461,2656640,49121386,18.45,18.75,18.25,18.35,-0.1,565
2005-07-21,2461,1255729,22806201,18.35,18.55,18.0,18.05,-0.3,328
2005-07-22,2461,1006811,18227804,18.05,18.25,18.0,18.15,0.1,296
2005-07-25,2461,2962831,54595697,18.3,18.7,18.1,18.5,0.35,557
2005-07-26,2461,729854,13374911,18.5,18.5,18.3,18.3,-0.2,187
2005-07-27,2461,1030041,18689842,18.3,18.4,18.05,18.15,-0.15,206
2005-07-28,2461,1392671,25301609,18.15,18.45,18.05,18.15,0.0,233
2005-07-29,2461,983429,17698334,18.1,18.25,17.8,17.9,-0.25,252
2005-08-01,2461,731055,12878679,17.75,17.75,17.55,17.6,-0.3,176
2005-08-02,2461,612134,10711910,17.6,17.8,17.4,17.5,-0.1,148
2005-08-03,2461,906057,15876399,17.7,17.7,17.4,17.5,0.0,170
2005-08-04,2461,516335,9099599,17.6,17.7,17.5,17.7,0.2,100
2005-08-08,2461,1121056,20044886,17.6,18.05,17.45,17.8,0.1,224
2005-08-09,2461,919646,16494604,17.6,18.2,17.6,18.0,0.2,158
2005-08-10,2461,482055,8708885,18.2,18.2,17.9,18.1,0.1,154
2005-08-11,2461,754055,13616440,18.0,18.25,18.0,18.0,-0.1,118
2005-08-12,2461,727202,13264678,18.05,18.45,18.0,18.3,0.3,242
2005-08-15,2461,665054,12160282,18.5,18.5,18.1,18.2,-0.1,178
2005-08-16,2461,416054,7564527,18.3,18.3,18.1,18.15,-0.05,125
2005-08-17,2461,288055,5212292,18.1,18.2,18.0,18.1,-0.05,115
2005-08-18,2461,236631,4257058,18.1,18.2,17.9,17.9,-0.2,87
2005-08-19,2461,445098,7875503,17.9,17.9,17.55,17.55,-0.35,99
2005-08-22,2461,103594,1826971,17.65,17.7,17.55,17.65,0.1,44
2005-08-23,2461,149045,2629026,17.7,17.7,17.55,17.6,-0.05,46
2005-08-24,2461,511198,9032884,17.6,18.05,17.4,18.0,0.4,146
2005-08-25,2461,144373,2569479,17.95,17.95,17.6,17.95,-0.05,64
2005-08-26,2461,121134,2165391,17.85,17.95,17.8,17.9,-0.05,33
2005-08-29,2461,71055,1263929,17.75,17.9,17.65,17.8,-0.1,28
2005-08-30,2461,127307,2255886,17.8,17.95,17.6,17.7,-0.1,62
2005-08-31,2461,830056,14045186,17.7,17.8,16.5,16.5,-1.2,234
2005-09-02,2461,493060,7934484,16.5,16.5,15.55,16.2,-0.3,151
2005-09-05,2461,184508,2977982,16.2,16.2,16.05,16.2,0.0,74
2005-09-06,2461,194000,3180350,16.1,16.6,16.1,16.55,0.35,79
2005-09-07,2461,118060,1943387,16.6,16.6,16.35,16.55,0.0,52
2005-09-08,2461,412060,7003687,16.55,17.3,16.5,17.0,0.45,177
2005-09-09,2461,124058,2084930,17.15,17.25,16.65,16.8,-0.2,64
2005-09-12,2461,114622,1937141,17.0,17.05,16.8,16.8,0.0,61
2005-09-13,2461,187275,3138399,16.85,16.85,16.7,16.75,-0.05,65
2005-09-14,2461,145562,2430577,16.7,16.95,16.5,16.95,0.2,64
2005-09-15,2461,74058,1234677,16.7,16.75,16.6,16.7,-0.25,31
2005-09-16,2461,87059,1428679,16.6,16.6,16.3,16.45,-0.25,46
2005-09-19,2461,56060,916381,16.5,16.5,16.2,16.3,-0.15,27
2005-09-20,2461,122061,2013938,16.15,16.7,16.1,16.6,0.3,44
2005-09-21,2461,87815,1451604,16.55,16.7,16.4,16.4,-0.2,40
2005-09-22,2461,229359,3727635,16.2,16.35,16.15,16.2,-0.2,82
2005-09-23,2461,257971,4118091,16.2,16.2,15.65,15.8,-0.4,75
2005-09-26,2461,69367,1102718,15.8,16.05,15.8,15.9,0.1,35
2005-09-27,2461,82062,1294530,15.9,15.9,15.5,15.9,0.0,39
2005-09-28,2461,18062,282980,15.5,15.9,15.5,15.6,-0.3,14
2005-09-29,2461,61790,979029,15.8,15.9,15.8,15.8,0.2,33
2005-09-30,2461,134250,2170097,15.9,16.4,15.9,16.4,0.6,64
2005-10-03,2461,99060,1594378,16.3,16.3,16.0,16.25,-0.15,72
2005-10-04,2461,95448,1539638,16.25,16.3,16.05,16.25,0.0,63
2005-10-05,2461,130061,2101385,16.15,16.25,16.1,16.15,-0.1,53
2005-10-06,2461,588061,9722979,16.1,16.8,16.1,16.4,0.25,228
2005-10-07,2461,184315,3034087,16.5,16.75,16.35,16.45,0.05,88
2005-10-11,2461,121607,1983579,16.5,16.5,16.2,16.3,-0.15,46
2005-10-12,2461,153061,2473638,16.2,16.2,16.05,16.15,-0.15,49
2005-10-13,2461,142061,2286879,16.05,16.25,16.0,16.25,0.1,55
2005-10-14,2461,215061,3459185,16.15,16.25,16.0,16.15,-0.1,46
2005-10-17,2461,223063,3481561,15.9,15.9,15.3,15.6,-0.55,68
2005-10-18,2461,52064,806293,15.6,15.7,15.4,15.6,0.0,20
2005-10-19,2461,203064,3087593,15.4,15.4,15.0,15.15,-0.45,54
2005-10-20,2461,279066,4155044,15.15,15.3,14.2,15.0,-0.15,69
2005-10-21,2461,75066,1117334,14.8,15.0,14.8,14.85,-0.15,37
2005-10-24,2461,503577,7058521,14.6,14.6,13.85,13.95,-0.9,144
2005-10-25,2461,541071,7595835,14.05,14.2,13.95,13.95,0.0,149
2005-10-26,2461,567071,7480785,13.9,13.9,13.0,13.0,-0.95,145
2005-10-27,2461,865076,10862532,12.5,13.0,12.2,13.0,0.0,218
2005-10-28,2461,521954,6769884,12.8,13.35,12.7,13.35,0.35,143
2005-10-31,2461,623072,8587410,13.5,14.0,13.5,14.0,0.65,175
2005-11-01,2461,360073,5015893,14.2,14.2,13.8,14.0,0.0,104
2005-11-02,2461,385071,5389889,14.0,14.15,13.75,13.9,-0.1,83
2005-11-03,2461,555071,7926231,13.9,14.7,13.8,14.45,0.55,153
2005-11-04,2461,867069,12832091,14.65,15.0,14.4,14.95,0.5,182
2005-11-07,2461,340710,4936256,14.5,14.8,14.4,14.6,-0.35,96
2005-11-08,2461,196068,2819887,14.8,14.8,14.15,14.5,-0.1,43
2005-11-09,2461,1350068,19229130,14.5,14.7,14.05,14.5,0.0,285
2005-11-10,2461,1475578,20744384,14.3,14.3,13.9,14.3,-0.2,187
2005-11-11,2461,2045069,29035131,14.3,14.3,14.05,14.2,-0.1,177
2005-11-14,2461,2079081,29408132,14.2,14.35,14.05,14.05,-0.15,271
2005-11-15,2461,345144,4818582,14.05,14.1,13.8,14.05,0.0,84
2005-11-16,2461,199248,2785400,14.1,14.15,13.9,13.95,-0.1,53
2005-11-17,2461,229711,3189518,13.8,14.0,13.8,13.85,-0.1,75
2005-11-18,2461,800107,11305882,13.95,14.25,13.9,14.05,0.2,180
2005-11-21,2461,715448,10190563,14.1,14.5,14.0,14.2,0.15,179
2005-11-22,2461,193070,2732038,14.3,14.3,14.05,14.1,-0.1,55
2005-11-23,2461,1950070,27308581,14.15,14.2,13.85,14.1,0.0,154
2005-11-24,2461,722795,10104444,14.1,14.15,13.85,14.0,-0.1,123
2005-11-25,2461,912314,13123877,13.95,14.6,13.95,14.6,0.6,283
2005-11-28,2461,620256,9001666,14.75,14.75,14.4,14.45,-0.15,136
2005-11-29,2461,324623,4690757,14.55,14.55,14.3,14.45,0.0,75
2005-11-30,2461,822535,12058187,14.5,14.9,14.45,14.8,0.35,218
2005-12-01,2461,503068,7373750,15.0,15.0,14.5,14.6,-0.2,106
2005-12-02,2461,505696,7255360,14.6,14.7,14.2,14.3,-0.3,143
2005-12-05,2461,378069,5408381,14.2,14.4,14.1,14.35,0.05,105
2005-12-06,2461,418021,5974253,14.3,14.4,14.2,14.3,-0.05,124
2005-12-07,2461,411624,5920588,14.3,14.5,14.25,14.4,0.1,135
2005-12-08,2461,284802,4083823,14.4,14.5,14.3,14.3,-0.1,90
2005-12-09,2461,155069,2212581,14.3,14.35,14.2,14.35,0.05,57
2005-12-12,2461,142069,2007034,14.2,14.3,14.0,14.0,-0.35,70
2005-12-13,2461,793177,11263293,14.0,14.35,13.95,14.3,0.3,207
2005-12-14,2461,255069,3605231,14.1,14.3,14.0,14.0,-0.3,88
2005-12-15,2461,245071,3428638,13.8,14.1,13.8,14.0,0.0,71
2005-12-16,2461,1246300,17709332,13.9,14.4,13.9,14.05,0.05,295
2005-12-19,2461,1748079,25052234,14.1,14.45,14.05,14.35,0.3,401
2005-12-20,2461,1332523,19437285,14.35,14.8,14.25,14.7,0.35,267
2005-12-21,2461,1357632,20342463,14.85,15.15,14.75,14.9,0.2,368
2005-12-22,2461,773068,11381639,15.0,15.0,14.5,14.6,-0.3,200
2005-12-23,2461,963446,14369990,14.8,15.1,14.65,15.1,0.5,302
2005-12-26,2461,1894726,29628138,15.5,15.85,15.4,15.55,0.45,512
2005-12-27,2461,1190263,18417919,15.55,15.7,15.2,15.4,-0.15,256
2005-12-28,2461,602749,9326220,15.25,15.85,15.2,15.35,-0.05,158
2005-12-29,2461,1764809,27681014,15.35,15.95,15.35,15.6,0.25,282
2005-12-30,2461,646040,10038411,15.8,15.8,15.4,15.6,0.0,126
2006-01-02,2461,523120,7938450,15.5,15.5,15.05,15.1,-0.5,142
2006-01-03,2461,674734,10261492,15.2,15.35,14.9,15.15,0.05,173
2006-01-04,2461,562330,8598927,15.3,15.4,15.2,15.2,0.05,149
2006-01-05,2461,771002,11870972,15.4,15.5,15.3,15.35,0.15,173
2006-01-06,2461,3566595,58274300,15.9,16.4,15.9,16.4,1.05,437
2006-01-09,2461,2355624,38395511,16.6,16.6,16.0,16.15,-0.25,468
2006-01-10,2461,1404318,22859716,16.0,16.5,16.0,16.25,0.1,338
2006-01-11,2461,675893,10926930,16.3,16.3,16.1,16.15,-0.1,154
2006-01-12,2461,1262425,20284627,16.5,16.5,15.7,15.75,-0.4,283
2006-01-13,2461,929738,14551938,15.75,15.8,15.4,15.7,-0.05,172
2006-01-16,2461,309960,4819178,15.7,15.7,15.45,15.65,-0.05,87
2006-01-17,2461,577439,8895587,15.5,15.6,15.05,15.05,-0.6,167
2006-01-18,2461,311525,4642868,15.0,15.25,14.8,14.85,-0.2,83
2006-01-19,2461,200867,2982444,14.65,15.2,14.65,14.8,-0.05,63
2006-01-20,2461,387899,5767014,14.85,15.0,14.7,15.0,0.2,117
2006-01-23,2461,199984,2900170,14.5,14.8,14.4,14.5,-0.5,63
2006-01-24,2461,105749,1548334,14.5,14.8,14.45,14.8,0.3,59
2006-01-25,2461,134675,1988855,14.9,14.9,14.75,14.75,-0.05,49
2006-02-03,2461,82453,1210980,14.6,14.95,14.5,14.95,0.2,48
2006-02-06,2461,46533,695116,14.95,15.0,14.75,15.0,0.05,30
2006-02-07,2461,182235,2726550,15.0,15.1,14.9,15.1,0.1,56
2006-02-08,2461,79018,1183164,15.3,15.3,14.75,15.0,-0.1,41
2006-02-09,2461,178346,2668885,15.0,15.15,14.85,15.0,0.0,67
2006-02-10,2461,103218,1529814,15.0,15.05,14.75,14.9,-0.1,53
2006-02-13,2461,250473,3721550,14.9,14.9,14.7,14.9,0.0,38
2006-02-14,2461,132972,1961987,14.8,14.8,14.6,14.8,-0.1,57
2006-02-15,2461,130882,1928236,14.8,14.8,14.6,14.6,-0.2,57
2006-02-16,2461,104524,1529945,14.8,14.8,14.55,14.75,0.15,67
2006-02-17,2461,195999,2846285,14.7,14.7,13.9,14.7,-0.05,86
2006-02-20,2461,268852,3870712,14.35,14.5,14.15,14.25,-0.45,54
2006-02-21,2461,272999,3947134,14.2,14.75,14.2,14.65,0.4,95
2006-02-22,2461,370603,5423843,14.6,14.95,14.45,14.8,0.15,83
2006-02-23,2461,1631648,24263870,14.7,15.0,14.4,15.0,0.2,181
2006-02-24,2461,346000,5235950,15.0,15.4,15.0,15.1,0.1,103
2006-02-27,2461,118256,1761561,15.1,15.1,14.6,14.95,-0.15,49
2006-03-01,2461,853722,12984022,14.6,15.8,14.6,15.55,0.6,182
2006-03-02,2461,287601,4454424,15.55,15.65,15.4,15.45,-0.1,72
2006-03-03,2461,171906,2617658,15.3,15.4,15.0,15.3,-0.15,49
2006-03-06,2461,239588,3611807,15.2,15.3,14.9,15.0,-0.3,56
2006-03-07,2461,239858,3517840,15.15,15.15,14.3,14.75,-0.25,65
2006-03-08,2461,226500,3334548,14.75,14.9,14.6,14.7,-0.05,59
2006-03-09,2461,150433,2220527,14.7,14.95,14.6,14.95,0.25,48
2006-03-10,2461,287487,4290004,14.95,15.0,14.8,15.0,0.05,69
2006-03-13,2461,428593,6471414,14.9,15.2,14.9,15.1,0.1,92
2006-03-14,2461,1641776,25845713,15.1,16.05,15.1,15.35,0.25,375
2006-03-15,2461,939133,14524684,15.4,15.6,15.2,15.4,0.05,163
2006-03-16,2461,245862,3764515,15.4,15.45,15.2,15.2,-0.2,76
2006-03-17,2461,134421,2045304,15.15,15.35,15.15,15.2,0.0,56
2006-03-20,2461,115821,1767103,15.2,15.4,15.2,15.2,0.0,46
2006-03-21,2461,158166,2395647,15.15,15.35,15.05,15.2,0.0,46
2006-03-22,2461,108717,1638687,15.05,15.2,14.95,15.2,0.0,38
2006-03-23,2461,1042325,16031056,15.2,15.6,14.9,15.35,0.15,144
2006-03-24,2461,63000,966450,15.45,15.45,15.2,15.2,-0.15,21
2006-03-27,2461,120596,1819940,15.3,15.3,14.9,15.2,0.0,52
2006-03-28,2461,97246,1476276,15.2,15.3,15.0,15.3,0.1,40
2006-03-29,2461,79791,1206781,15.3,15.4,15.0,15.15,-0.15,38
2006-03-30,2461,112159,1687117,15.15,15.15,15.0,15.0,-0.15,40
2006-03-31,2461,61186,923027,15.2,15.2,15.05,15.05,0.05,27
2006-04-03,2461,101985,1528223,15.05,15.1,14.9,15.0,-0.05,33
2006-04-04,2461,185793,2774685,15.0,15.0,14.9,15.0,0.0,44
2006-04-06,2461,311992,4630179,15.0,15.0,14.75,14.8,-0.2,85
2006-04-07,2461,162380,2430137,15.0,15.05,14.85,14.95,0.15,75
2006-04-10,2461,1813282,27916365,15.1,15.55,15.05,15.5,0.55,408
2006-04-11,2461,1032432,16067179,15.5,15.65,15.5,15.5,0.0,196
2006-04-12,2461,2598631,41199154,15.5,16.1,15.5,15.9,0.4,481
2006-04-13,2461,1807284,29003703,16.05,16.35,15.85,15.9,0.0,261
2006-04-14,2461,1000380,16138455,15.85,16.35,15.8,16.1,0.2,176
2006-04-17,2461,506052,8198833,16.3,16.3,16.1,16.15,0.05,127
2006-04-18,2461,1401329,22879393,16.2,16.5,16.15,16.3,0.15,317
2006-04-19,2461,1222193,20262231,16.4,16.75,16.4,16.7,0.4,279
2006-04-20,2461,1695137,28389015,16.75,17.0,16.35,16.8,0.1,350
2006-04-21,2461,884075,14642413,16.8,16.9,16.15,16.4,-0.4,242
2006-04-24,2461,1749000,29550748,16.4,17.15,16.4,16.85,0.45,340
2006-04-25,2461,1091009,18114393,17.0,17.1,16.3,16.35,-0.5,283
2006-04-26,2461,339310,5616898,16.35,16.75,16.35,16.6,0.25,76
2006-04-27,2461,2983797,50825257,17.2,17.4,16.75,16.9,0.3,511
2006-04-28,2461,719829,12329278,17.15,17.2,16.95,17.2,0.3,186
2006-05-02,2461,2242611,39396478,17.2,17.9,17.1,17.65,0.45,437
2006-05-03,2461,1203876,21374558,17.8,17.9,17.6,17.75,0.1,284
2006-05-04,2461,791613,13916646,17.6,17.75,17.4,17.6,-0.15,189
2006-05-05,2461,2593257,46632554,17.6,18.15,17.6,17.85,0.25,469
2006-05-08,2461,5390941,100649456,17.95,19.05,17.95,19.05,1.2,1019
2006-05-09,2461,4126688,78318470,19.25,19.4,18.4,18.5,-0.55,805
2006-05-10,2461,2767893,49189975,18.5,18.5,17.35,18.15,-0.35,537
2006-05-11,2461,955687,17158566,18.1,18.25,17.65,18.2,0.05,269
2006-05-12,2461,2488975,45439984,17.8,18.95,17.8,18.7,0.5,501
2006-05-15,2461,6126691,120733020,18.6,20.0,18.6,20.0,1.3,1054
2006-05-16,2461,6271361,129901636,20.3,21.3,19.95,19.95,-0.05,1404
2006-05-17,2461,4009571,81258999,20.65,20.65,19.7,20.65,0.7,1043
2006-05-18,2461,4294342,89059974,20.2,21.1,20.2,20.65,0.0,1037
2006-05-19,2461,1951327,40050268,20.65,20.75,20.3,20.4,-0.25,452
2006-05-22,2461,4443990,96341427,21.0,21.8,21.0,21.8,1.4,760
2006-05-23,2461,5881956,128368714,21.9,22.2,21.25,21.35,-0.45,1524
2006-05-24,2461,5369614,113165644,22.0,22.0,19.95,20.55,-0.8,1022
2006-05-25,2461,4229467,89927742,20.55,21.95,20.5,21.95,1.4,954
2006-05-26,2461,4902939,111829036,22.95,23.4,22.2,22.5,0.55,1394
2006-05-29,2461,4314595,99074015,23.0,23.5,22.2,22.75,0.25,1172
2006-05-30,2461,2815165,63705619,23.1,23.1,22.05,22.4,-0.35,693
2006-06-01,2461,2179595,48430450,22.4,22.8,21.8,22.0,-0.4,459
2006-06-02,2461,2600961,57690513,22.2,22.7,21.2,21.5,-0.5,613
2006-06-05,2461,2416000,50313550,21.8,21.8,20.0,20.0,-1.5,614
2006-06-06,2461,2398291,48362305,19.5,20.8,19.5,20.8,0.8,560
2006-06-07,2461,1562517,31815343,20.8,21.0,19.9,20.35,-0.45,362
2006-06-08,2461,1949655,38141414,20.5,20.5,19.05,20.25,-0.1,418
2006-06-09,2461,1314045,26444303,20.45,20.5,19.75,20.25,0.0,382
2006-06-12,2461,1230454,25212043,20.5,20.8,20.2,20.4,0.15,361
2006-06-13,2461,558684,11202866,20.0,20.35,19.6,20.35,-0.05,189
2006-06-14,2461,2572614,53725897,20.35,21.3,20.0,20.75,0.4,493
2006-06-15,2461,807000,16613700,20.75,21.0,20.35,20.6,-0.15,204
2006-06-16,2461,1842244,38060756,20.9,21.3,19.25,19.25,-1.35,380
2006-06-19,2461,2795679,56716848,19.8,20.55,19.75,20.55,1.3,572
2006-06-20,2461,3096804,63992859,20.7,21.0,20.0,20.5,-0.05,787
2006-06-21,2461,1918492,37348671,20.5,20.5,19.1,19.4,-1.1,455
2006-06-22,2461,1244125,24315543,19.85,19.85,19.35,19.45,0.05,360
2006-06-23,2461,588160,11303162,19.45,19.45,19.0,19.3,-0.15,231
2006-06-26,2461,761043,14854960,19.4,19.85,18.8,19.75,0.45,244
2006-06-27,2461,1263000,25627100,19.7,20.5,19.7,20.05,0.3,406
2006-06-28,2461,558000,11079050,20.0,20.05,19.6,20.05,0.0,163
2006-06-29,2461,2190515,45513030,20.4,21.05,20.2,20.7,0.65,533
2006-06-30,2461,4449977,97091638,22.0,22.1,21.1,22.1,1.4,1011
2006-07-03,2461,3352114,74298112,22.15,22.45,21.65,22.3,0.2,847
2006-07-04,2461,5793843,136084353,23.1,23.85,22.7,23.85,1.55,1347
2006-07-05,2461,7007059,168941712,23.8,24.6,23.35,23.4,-0.45,2074
2006-07-06,2461,2277368,53841206,23.1,24.0,23.1,23.5,0.1,780
2006-07-07,2461,2345367,54308915,23.5,23.6,22.5,22.5,-1.0,650
2006-07-10,2461,2132454,49240004,22.3,23.6,22.3,23.5,1.0,629
2006-07-11,2461,1418136,33278304,23.6,23.75,23.05,23.4,-0.1,496
2006-07-12,2461,3029110,72262751,23.5,24.25,23.3,23.4,0.0,847
2006-07-13,2461,691352,15989930,23.3,23.5,22.7,23.3,-0.1,242
2006-07-14,2461,839025,18916014,22.1,23.0,22.1,22.8,-0.5,283
2006-07-17,2461,1135000,24306100,22.5,22.6,21.25,21.25,-1.55,241
2006-07-18,2461,1865210,38860270,20.5,21.25,20.3,21.25,0.0,515
2006-07-19,2461,1126000,23533100,21.25,21.4,20.3,20.3,-0.95,356
2006-07-20,2461,1090602,22852601,21.1,21.15,20.6,21.05,0.75,354
2006-07-21,2461,1114867,23791973,20.8,21.7,20.8,21.45,0.4,432
2006-07-24,2461,502887,10673553,21.15,21.45,21.0,21.4,-0.05,207
2006-07-25,2461,1152000,24750900,21.75,21.9,21.2,21.2,-0.2,308
2006-07-26,2461,2190984,48916586,21.4,22.65,21.4,22.65,1.45,673
2006-07-27,2461,2537025,57985764,22.95,23.45,22.55,22.8,0.15,860
2006-07-28,2461,1024261,23228697,22.8,22.95,22.35,22.8,0.0,342
2006-07-31,2461,1440155,33018025,23.0,23.3,22.2,22.3,-0.5,380
2006-08-01,2461,1939127,44430044,22.6,23.35,22.45,23.0,0.7,521
2006-08-02,2461,2067999,48148324,23.3,23.5,23.0,23.3,0.3,710
2006-08-03,2461,6267130,149788001,23.3,24.35,23.05,23.75,0.0,2192
2006-08-04,2461,3797625,90959042,23.5,24.6,23.3,24.0,0.25,1215
2006-08-07,2461,2771425,67225362,24.7,24.85,23.75,23.85,-0.15,890
2006-08-08,2461,1721411,41256768,24.0,24.2,23.6,23.85,0.0,530
2006-08-09,2461,3407222,82347535,23.7,24.35,23.7,24.25,0.4,823
2006-08-10,2461,1979902,47475385,24.1,24.35,23.7,23.8,-0.45,551
2006-08-11,2461,1908361,45669432,23.8,24.15,23.6,23.7,-0.1,550
2006-08-14,2461,1484981,34321564,23.7,23.9,22.8,22.9,-0.8,573
2006-08-15,2461,1847613,43487065,22.7,24.0,22.6,23.9,1.0,576
2006-08-16,2461,4309399,106601075,24.25,25.3,23.75,25.0,1.1,1424
2006-08-17,2461,1638469,40902116,25.5,25.5,24.7,24.7,-0.3,525
2006-08-18,2461,2108441,51955984,24.6,25.25,24.15,24.2,-0.5,579
2006-08-21,2461,1845098,42326209,24.2,24.2,22.55,22.55,-1.65,745
2006-08-22,2461,1000016,23064468,22.65,23.7,22.55,23.35,0.8,413
2006-08-23,2461,867037,19979294,23.3,23.35,22.55,23.0,-0.35,411
2006-08-24,2461,617255,14441092,23.0,23.65,23.0,23.6,0.6,294
2006-08-25,2461,502010,11775032,23.6,23.6,23.3,23.45,-0.15,187
2006-08-28,2461,1473000,33593100,23.05,23.25,22.55,23.0,-0.45,318
2006-08-29,2461,3237460,77213492,23.3,24.15,23.3,23.9,0.9,918
2006-08-30,2461,2400618,57660057,24.2,24.35,23.7,24.0,0.1,776
2006-08-31,2461,3287454,80013604,24.0,24.6,24.0,24.0,0.0,685
2006-09-01,2461,2890814,70103236,24.1,24.55,23.85,24.2,0.2,498
2006-09-04,2461,2414747,57511750,24.2,24.5,23.05,23.9,-0.3,604
2006-09-05,2461,865248,20439998,23.85,23.85,23.4,23.6,-0.3,265
2006-09-06,2461,1824380,42629796,23.3,24.0,22.85,23.35,-0.25,573
2006-09-07,2461,796001,18454773,23.15,23.55,22.9,23.3,-0.05,296
2006-09-08,2461,415450,9658743,23.35,23.4,23.05,23.3,0.0,159
2006-09-11,2461,3501074,83484326,23.05,24.1,23.05,23.55,0.25,682
2006-09-12,2461,541873,12626356,23.5,23.5,23.1,23.35,-0.2,171
2006-09-13,2461,1688200,39892227,23.5,23.85,23.2,23.35,0.0,362
2006-09-14,2461,934850,21125983,23.35,23.45,22.1,22.2,-1.15,293
2006-09-15,2461,1898868,42057832,22.2,22.6,21.75,22.3,0.1,413
2006-09-18,2461,2151356,49573750,22.6,23.25,22.6,23.1,0.8,441
2006-09-19,2461,572000,13295950,22.8,23.5,22.8,22.95,-0.15,229
2006-09-20,2461,340998,7773354,22.8,23.2,22.7,22.7,-0.25,156
2006-09-21,2461,2736414,64006101,22.7,23.8,22.7,23.45,0.75,720
2006-09-22,2461,4528519,108819051,23.45,24.6,22.9,24.3,0.85,1325
2006-09-25,2461,2539810,61869910,24.3,24.6,24.1,24.35,0.05,678
2006-09-26,2461,1445367,34445561,24.5,24.5,23.4,23.8,-0.55,437
2006-09-27,2461,849867,20273096,23.8,24.0,23.65,23.95,0.15,296
2006-09-28,2461,1278414,30534212,23.95,24.3,23.3,23.3,-0.65,467
2006-09-29,2461,534387,12536812,23.3,23.6,23.3,23.55,0.25,252
2006-10-02,2461,5177856,126845448,24.1,24.9,23.9,24.55,1.0,1285
2006-10-03,2461,5360309,134289580,24.5,25.5,24.25,25.2,0.65,1407
2006-10-04,2461,2240066,55907366,25.2,25.2,24.5,24.7,-0.5,456
2006-10-05,2461,8411157,216358459,24.7,26.4,24.6,26.05,1.35,1833
2006-10-11,2461,5121451,134386326,25.8,27.0,25.5,26.1,0.05,1671
2006-10-12,2461,2008904,51730150,26.2,26.5,25.2,25.3,-0.8,670
2006-10-13,2461,1752813,44199128,25.3,25.8,24.7,24.7,-0.6,724
2006-10-14,2461,3700688,94673939,24.7,26.1,24.7,25.8,1.1,1098
2006-10-16,2461,4506113,117861388,26.0,26.65,25.45,25.75,-0.05,904
2006-10-17,2461,1780990,45917445,25.4,26.1,25.2,25.5,-0.25,408
2006-10-18,2461,2907332,71099397,24.0,25.2,24.0,24.35,-1.15,826
2006-10-19,2461,1775994,42884501,24.5,24.65,23.8,24.1,-0.25,585
2006-10-20,2461,2560672,63230328,24.3,24.9,24.2,24.6,0.5,584
2006-10-23,2461,2932417,72724516,24.6,25.05,24.3,24.6,0.0,556
2006-10-24,2461,1945574,47326696,24.65,24.8,24.1,24.1,-0.5,545
2006-10-25,2461,2353030,57520722,24.5,24.75,24.1,24.15,0.05,568
2006-10-26,2461,3129294,77036062,24.2,24.85,24.2,24.2,0.05,756
2006-10-27,2461,1378288,33569525,24.4,24.7,24.15,24.3,0.1,369
2006-10-30,2461,489397,11843035,24.3,24.5,24.05,24.05,-0.25,207
2006-10-31,2461,1581049,38970359,24.35,24.9,24.2,24.75,0.7,589
2006-11-01,2461,6723274,173393124,25.7,26.05,25.3,26.0,1.25,1903
2006-11-02,2461,5168390,135097390,26.0,26.5,25.5,26.0,0.0,1285
2006-11-03,2461,3695135,96206933,26.3,26.5,25.4,25.6,-0.4,825
2006-11-06,2461,3260334,83689648,24.9,25.95,24.9,25.6,0.0,717
2006-11-07,2461,2451891,62191675,25.9,26.05,25.05,25.15,-0.45,847
2006-11-08,2461,3821957,98459088,25.5,26.2,25.2,25.7,0.55,858
2006-11-09,2461,9581473,257869237,26.2,27.45,26.05,26.2,0.5,2560
2006-11-10,2461,3916411,103148552,26.2,26.75,25.8,25.8,-0.4,841
2006-11-13,2461,2081324,54374524,25.9,26.45,25.9,26.0,0.2,721
2006-11-14,2461,5359502,145866897,26.2,27.8,26.2,27.8,1.8,1164
2006-11-15,2461,9753254,287190175,28.7,29.7,28.5,29.7,1.9,1971
2006-11-16,2461,7785628,235325822,30.5,30.9,29.35,29.75,0.05,2107
2006-11-17,2461,5061710,157363219,30.8,31.65,30.45,30.65,0.9,1373
2006-11-20,2461,2455091,73609495,30.65,30.65,29.7,29.8,-0.85,896
2006-11-21,2461,4693501,146706333,30.0,31.85,30.0,31.85,2.05,1219
2006-11-22,2461,5809275,179105691,32.0,32.3,29.65,30.5,-1.35,2057
2006-11-23,2461,2525305,76907447,30.4,30.95,30.0,30.0,-0.5,887
2006-11-24,2461,1475475,44676222,30.0,30.75,29.95,30.0,0.0,533
2006-11-27,2461,1966984,58285882,29.6,30.1,29.05,29.3,-0.7,654
2006-11-28,2461,1188347,34984680,29.0,29.85,29.0,29.35,0.05,475
2006-11-29,2461,1356887,39466496,29.4,29.85,28.7,28.9,-0.45,494
2006-11-30,2461,4821156,143584828,29.15,30.4,29.0,29.7,0.8,1322
2006-12-01,2461,2469165,73073001,29.7,30.2,29.0,29.3,-0.4,689
2006-12-04,2461,1979511,58956624,29.2,30.2,29.1,29.8,0.5,682
2006-12-05,2461,3977912,120984139,30.0,30.75,29.9,30.2,0.4,1077
2006-12-06,2461,4155798,129866777,30.5,32.1,30.2,31.5,1.3,1292
2006-12-07,2461,1866446,58533125,31.5,31.95,30.5,30.6,-0.9,562
2006-12-08,2461,1643527,49466087,30.35,30.7,29.5,30.3,-0.3,523
2006-12-11,2461,494031,14886480,30.4,30.6,29.7,30.25,-0.05,215
2006-12-12,2461,917330,27476133,30.5,30.5,29.65,29.65,-0.6,281
2006-12-13,2461,1884373,56698044,29.65,30.6,29.5,29.5,-0.15,530
2006-12-14,2461,2821400,85469237,30.0,30.6,29.65,30.25,0.75,547
2006-12-15,2461,1690489,51674218,30.95,31.0,30.0,30.0,-0.25,508
2006-12-18,2461,1204400,36449334,30.5,30.65,29.8,30.25,0.25,398
2006-12-19,2461,904716,27123292,30.25,30.6,29.65,29.85,-0.4,334
2006-12-20,2461,4607729,143645542,30.25,31.9,30.0,31.9,2.05,1262
2006-12-21,2461,5000285,164396800,32.5,33.6,31.85,32.15,0.25,1520
2006-12-22,2461,4905840,164829630,32.4,34.4,32.4,34.4,2.25,1267
2006-12-25,2461,2367094,80225721,33.6,34.4,33.4,33.8,-0.6,846
2006-12-26,2461,4432296,154310799,33.8,35.5,33.8,34.3,0.5,1292
2006-12-27,2461,5290244,189279602,34.6,36.7,34.6,35.1,0.8,1235
2006-12-28,2461,2402451,84704087,35.8,36.05,34.1,35.9,0.8,779
2006-12-29,2461,1664213,59597589,35.9,36.3,35.35,35.65,-0.25,582
2007-01-02,2461,2017912,70968420,35.5,35.6,34.4,35.4,-0.25,536
2007-01-03,2461,2246578,77049441,35.35,36.0,33.9,34.0,-1.4,600
2007-01-04,2461,1503997,51137296,34.0,34.6,33.7,34.25,0.25,467
2007-01-05,2461,2344059,78402494,34.25,34.3,32.4,34.2,-0.05,796
2007-01-08,2461,2131000,72534450,33.8,35.0,32.5,34.0,-0.2,693
2007-01-09,2461,2522997,87476391,34.4,35.0,34.15,34.15,0.15,670
2007-01-10,2461,2192499,75619788,34.15,35.0,33.85,34.1,-0.05,604
2007-01-11,2461,1607492,53800937,34.1,34.5,32.55,33.0,-1.1,519
2007-01-12,2461,6010432,210056737,33.5,35.3,33.5,35.3,2.3,1349
2007-01-15,2461,2593047,88967559,35.3,35.3,33.55,34.5,-0.8,913
2007-01-16,2461,3007008,105597022,34.65,35.6,34.2,34.6,0.1,948
2007-01-17,2461,3251482,115565297,33.6,36.4,33.6,35.8,1.2,951
2007-01-18,2461,2887422,105379573,35.8,36.9,35.5,36.3,0.5,960
2007-01-19,2461,1774997,63565095,36.0,36.5,35.2,35.2,-1.1,629
2007-01-22,2461,2560912,93112970,35.55,36.9,34.85,36.55,1.35,820
2007-01-23,2461,2825382,104847986,36.9,37.6,36.55,36.9,0.35,829
2007-01-24,2461,1158392,42899684,37.4,37.4,36.6,36.9,0.0,413
2007-01-25,2461,1280661,46155763,37.2,37.2,35.45,35.7,-1.2,456
2007-01-26,2461,1331269,46734021,35.15,35.7,34.7,35.0,-0.7,492
2007-01-29,2461,844906,29362073,34.5,35.4,34.3,34.5,-0.5,320
2007-01-30,2461,1657513,56365135,34.8,35.0,33.4,33.75,-0.75,444
2007-01-31,2461,1643134,54219641,33.75,34.0,32.1,33.3,-0.45,525
2007-02-01,2461,1144628,37684548,33.45,34.15,32.2,33.2,-0.1,449
2007-02-02,2461,2835216,97310929,33.5,34.8,33.15,34.65,1.45,814
2007-02-05,2461,1378698,47995733,34.65,35.3,34.1,34.65,0.0,415
2007-02-06,2461,612863,21165634,34.75,34.85,34.3,34.65,0.0,240
2007-02-07,2461,2372636,83160428,34.65,35.65,34.4,34.95,0.3,777
2007-02-08,2461,2576274,91837314,35.4,36.15,34.8,35.1,0.15,848
2007-02-09,2461,907443,31589142,35.3,35.6,34.45,34.75,-0.35,360
2007-02-12,2461,679672,23224912,34.75,34.75,33.85,33.95,-0.8,308
2007-02-13,2461,782808,26819163,33.85,34.95,33.8,34.3,0.35,303
2007-02-14,2461,337687,11576944,34.6,34.6,34.1,34.45,0.15,164
2007-02-26,2461,1210300,42786250,35.7,35.7,35.0,35.0,0.55,416
2007-02-27,2461,473394,16537581,35.2,35.4,34.6,34.8,-0.2,231
2007-03-01,2461,809456,27302976,33.6,34.25,33.3,33.7,-1.1,353
2007-03-02,2461,1764613,59067351,33.7,34.1,32.8,33.3,-0.4,611
2007-03-03,2461,921899,30215961,33.2,33.2,32.5,32.8,-0.5,363
2007-03-05,2461,1634255,50970848,32.1,32.7,30.55,30.75,-2.05,566
2007-03-06,2461,1113867,34215016,31.0,31.2,30.15,30.7,-0.05,423
2007-03-07,2461,3097664,98160698,30.7,31.95,30.7,31.95,1.25,743
2007-03-08,2461,2399129,77322530,31.95,32.5,31.4,31.85,-0.1,564
2007-03-09,2461,952335,30366968,32.0,32.3,31.5,31.55,-0.3,408
2007-03-12,2461,629397,19986723,31.9,31.9,31.6,31.8,0.25,234
2007-03-13,2461,1578370,51358147,31.9,32.9,31.9,32.3,0.5,578
2007-03-14,2461,1729233,55634925,31.8,32.8,31.6,31.65,-0.65,527
2007-03-15,2461,911594,29251408,32.0,32.3,31.85,32.0,0.35,320
2007-03-16,2461,1219508,39512153,32.4,32.85,31.9,32.2,0.2,486
2007-03-19,2461,624349,20245171,32.2,32.7,32.2,32.3,0.1,271
2007-03-20,2461,2202495,73504080,32.9,33.95,32.5,33.4,1.1,927
2007-03-21,2461,957681,31862273,33.9,33.9,33.0,33.2,-0.2,368
2007-03-22,2461,5792384,199312573,33.5,34.85,33.5,34.85,1.65,1532
2007-03-23,2461,3439167,120036240,35.0,35.15,34.5,34.7,-0.15,749
2007-03-26,2461,1661671,57111498,34.9,34.9,33.8,34.8,0.1,519
2007-03-27,2461,2773807,96664475,34.8,35.5,33.9,34.0,-0.8,684
2007-03-28,2461,766000,26056650,34.0,34.5,33.6,34.0,0.0,304
2007-03-29,2461,5104881,180458489,34.1,36.2,34.1,35.35,1.35,1533
2007-03-30,2461,3144421,112666435,35.9,36.45,35.0,35.0,-0.35,1047
2007-04-02,2461,2373822,85909442,36.5,36.5,35.8,36.0,1.0,1054
2007-04-03,2461,4648159,171963845,36.2,37.55,35.85,36.8,0.8,1528
2007-04-04,2461,5775060,202039050,37.4,37.4,34.25,34.6,-2.2,1897
2007-04-09,2461,2332658,79644301,34.7,34.9,33.6,34.05,-0.55,752
2007-04-10,2461,1469065,49602946,34.0,34.4,33.3,33.8,-0.25,501
2007-04-11,2461,995678,33827565,34.0,34.2,33.8,34.1,0.3,374
2007-04-12,2461,1387816,48303415,34.4,35.1,34.2,34.95,0.85,622
2007-04-13,2461,1808364,63137090,35.0,35.3,34.6,34.6,-0.35,528
2007-04-14,2461,4572835,163535513,35.1,36.25,34.7,36.25,1.65,1253
2007-04-16,2461,4523661,164300676,36.25,36.9,35.55,36.3,0.05,1307
2007-04-17,2461,2066274,74193552,36.9,36.9,34.5,34.5,-1.8,865
2007-04-18,2461,1555459,54859695,35.2,35.85,34.8,35.4,0.9,562
2007-04-19,2461,784600,27568706,35.4,35.6,34.85,34.85,-0.55,316
2007-04-20,2461,1782857,62958887,35.0,35.8,34.4,35.75,0.9,571
2007-04-23,2461,3514931,127350418,36.4,36.55,35.2,35.4,-0.35,793
2007-04-24,2461,1337428,46480565,35.4,35.5,34.5,34.7,-0.7,454
2007-04-25,2461,758816,26175724,34.95,34.95,34.1,34.3,-0.4,306
2007-04-26,2461,670467,23059320,35.0,35.0,34.2,34.2,-0.1,288
2007-04-27,2461,957356,32456518,34.5,34.6,33.6,33.6,-0.6,336
2007-04-30,2461,1142000,37664750,33.6,33.9,32.6,32.9,-0.7,376
2007-05-02,2461,711025,23689823,32.9,34.2,32.85,32.95,0.05,313
2007-05-03,2461,747485,24644858,33.2,33.6,32.5,33.0,0.05,332
2007-05-04,2461,948799,31463417,33.0,33.5,33.0,33.0,0.0,394
2007-05-07,2461,1387191,46971262,33.7,34.2,33.4,34.1,1.1,574
2007-05-08,2461,2587496,89832162,34.0,35.1,33.8,34.3,0.2,902
2007-05-09,2461,4055782,143230694,34.8,35.6,34.8,35.1,0.8,1308
2007-05-10,2461,4135429,148207603,35.6,36.2,35.3,35.45,0.35,1018
2007-05-11,2461,865742,30372217,35.45,35.5,34.8,34.8,-0.65,384
2007-05-14,2461,687226,23702790,34.8,35.0,34.25,34.25,-0.55,309
2007-05-15,2461,404000,13854250,34.2,34.5,34.1,34.25,0.0,220
2007-05-16,2461,404654,13889898,34.25,34.65,34.2,34.25,0.0,173
2007-05-17,2461,2442007,85762892,34.3,35.6,34.3,35.3,1.05,694
2007-05-18,2461,3948370,141316395,35.7,36.3,35.0,35.65,0.35,948
2007-05-21,2461,4259801,153437762,36.1,36.35,35.2,36.1,0.45,1056
2007-05-22,2461,4464449,163084044,36.5,37.0,35.6,36.3,0.2,1118
2007-05-23,2461,3815306,139019372,36.3,36.85,35.85,36.0,-0.3,829
2007-05-24,2461,1483772,52809121,36.05,36.4,35.25,35.4,-0.6,546
2007-05-25,2461,1342137,48095260,35.4,36.15,35.4,36.0,0.6,512
2007-05-28,2461,8954977,336819907,36.65,38.5,36.0,38.5,2.5,2695
2007-05-29,2461,7810941,301765333,39.2,39.6,37.5,37.5,-1.0,2628
2007-05-30,2461,6177909,236493003,37.7,38.8,37.15,38.35,0.85,2137
2007-05-31,2461,9608495,390322438,39.5,41.0,39.15,40.0,1.65,2812
2007-06-01,2461,3230630,128918550,39.5,40.5,39.3,39.65,-0.35,1086
2007-06-04,2461,1717309,68415636,40.0,40.4,39.4,39.4,-0.25,689
2007-06-05,2461,3346890,130518080,39.4,40.05,38.1,39.15,-0.25,1210
2007-06-06,2461,3036227,117056121,39.1,39.45,37.8,38.5,-0.65,1240
2007-06-07,2461,1226741,47017563,38.4,38.6,37.8,38.55,0.05,553
2007-06-08,2461,1466620,56729183,38.6,39.1,38.2,38.5,-0.05,637
2007-06-11,2461,863610,33345007,38.65,39.1,38.05,38.05,-0.45,464
2007-06-12,2461,1640997,62564480,38.3,38.5,37.75,38.25,0.2,720
2007-06-13,2461,2129411,80522219,38.25,38.55,37.05,37.7,-0.55,872
2007-06-14,2461,2046962,76747696,38.0,38.0,37.1,37.1,-0.6,751
2007-06-15,2461,1130711,42237577,37.3,37.7,37.15,37.4,0.3,460
2007-06-20,2461,2213503,81654608,37.8,37.8,36.2,37.2,-0.2,784
2007-06-21,2461,1042832,38645097,37.2,37.55,36.7,36.8,-0.4,458
2007-06-22,2461,2396247,89004118,36.9,37.65,36.8,36.95,0.15,813
2007-06-23,2461,1553347,58256675,37.0,37.7,37.0,37.7,0.75,689
2007-06-25,2461,6994831,276874355,38.4,40.3,38.0,39.85,2.15,2501
2007-06-26,2461,6232829,249930619,40.3,40.75,39.05,40.5,0.65,2317
2007-06-27,2461,6003434,250401205,40.5,43.3,40.1,42.2,1.7,2220
2007-06-28,2461,4409133,188031177,42.5,43.5,41.5,43.5,1.3,1682
2007-06-29,2461,3405980,145119259,43.5,43.5,41.9,41.9,-1.6,1345
2007-07-02,2461,1584413,65044183,41.2,41.75,40.6,41.3,-0.6,663
2007-07-03,2461,3242659,134834145,41.3,42.35,40.9,42.35,1.05,1041
2007-07-04,2461,8285679,353530684,41.8,43.6,41.6,43.0,0.0,2538
2007-07-05,2461,3013797,129540671,43.5,43.5,42.55,43.15,0.15,1121
2007-07-06,2461,2419326,103462516,43.2,43.4,42.3,42.4,-0.75,883
2007-07-09,2461,3013686,126140957,42.4,42.9,41.5,41.55,-0.85,1051
2007-07-10,2461,2221396,93541732,41.7,42.8,41.6,41.65,0.1,879
2007-07-11,2461,1453793,60223387,41.7,42.2,41.0,41.0,-0.65,635
2007-07-12,2461,1794520,74971610,41.5,42.5,41.1,42.4,1.4,814
2007-07-13,2461,1131237,47523217,43.0,43.0,41.55,41.6,-0.8,528
2007-07-16,2461,835586,34634444,42.0,42.0,41.0,41.0,-0.6,418
2007-07-17,2461,735428,30491548,41.8,41.8,41.15,41.35,0.35,328
2007-07-18,2461,1462262,61073673,41.35,42.3,41.2,42.0,0.65,640
2007-07-19,2461,1770208,74909286,42.2,42.75,42.0,42.0,0.0,800
2007-07-20,2461,1434841,60317585,42.6,42.7,41.5,41.5,-0.5,630
2007-07-23,2461,6567519,284754433,41.9,44.4,41.6,44.4,2.9,2245
2007-07-24,2461,5516133,246150032,45.2,45.8,43.0,43.15,-1.25,2084
2007-07-25,2461,1934660,83864471,43.15,43.85,42.8,43.15,0.0,828
2007-07-26,2461,3358388,141017778,43.25,43.85,40.15,40.15,-3.0,1354
2007-07-27,2461,1776798,71390695,38.8,41.3,38.75,39.6,-0.55,819
2007-07-30,2461,859906,34285457,39.3,40.6,39.2,39.8,0.2,393
2007-07-31,2461,3290142,137162884,40.5,42.5,40.15,41.8,2.0,1227
2007-08-01,2461,9486929,410972136,42.05,44.3,41.8,43.1,1.3,2758
2007-08-02,2461,12948342,579308419,45.5,46.1,42.5,43.2,0.1,3840
2007-08-03,2461,5614837,240358141,43.3,43.9,41.35,43.0,-0.2,1950
2007-08-06,2461,3496996,152106474,42.0,44.5,41.8,43.9,0.9,1337
2007-08-07,2461,5489837,244380128,44.8,45.4,43.4,45.2,1.3,1871
2007-08-08,2461,14698806,685015621,46.55,48.0,45.2,45.5,0.3,5183
2007-08-09,2461,4151023,186189122,45.9,46.0,44.2,44.6,-0.9,1666
2007-08-10,2461,2545983,109644369,42.3,43.6,42.3,43.0,-1.6,965
2007-08-13,2461,2397176,105416287,43.0,45.0,43.0,43.4,0.4,1057
2007-08-14,2461,1694809,72863370,43.4,43.8,42.4,42.6,-0.8,697
2007-08-15,2461,3030224,123915292,42.0,43.0,39.7,39.7,-2.9,1138
2007-08-16,2461,1812735,67845557,37.5,39.0,36.95,36.95,-2.75,737
2007-08-17,2461,1406719,49717583,36.0,36.95,34.4,34.4,-2.55,580
2007-08-20,2461,1108000,40276800,36.35,36.8,35.6,36.8,2.4,513
2007-08-21,2461,2263573,86504424,37.0,39.2,36.5,38.0,1.2,1136
2007-08-22,2461,1243044,47267615,38.4,38.8,37.55,37.9,-0.1,713
2007-08-23,2461,1885124,72261499,38.9,39.0,37.8,37.9,0.0,905
2007-08-24,2461,1048931,39266819,37.9,38.1,37.0,37.2,-0.7,600
2007-08-27,2461,872050,32526530,37.8,37.9,36.6,36.75,-0.45,420
2007-08-28,2461,583745,21627939,36.5,37.4,36.5,37.1,0.35,289
2007-08-29,2461,615000,22364850,36.2,36.8,36.0,36.5,-0.6,280
2007-08-30,2461,1094507,41130259,36.8,38.1,36.8,37.4,0.9,525
2007-08-31,2461,1196267,45578014,38.0,38.5,37.5,38.45,1.05,541
2007-09-03,2461,744354,28423798,39.0,39.0,37.85,37.95,-0.5,369
2007-09-04,2461,502589,18795210,38.0,38.0,37.2,37.5,-0.45,233
2007-09-05,2461,503000,18985600,38.0,38.0,37.35,37.5,0.0,231
2007-09-06,2461,633000,23451650,37.0,37.45,36.8,37.05,-0.45,287
2007-09-07,2461,575365,21457944,37.5,37.7,37.0,37.2,0.15,290
2007-09-10,2461,1253997,47421135,37.0,38.45,36.8,38.05,0.85,613
2007-09-11,2461,628146,23817360,37.55,38.25,37.55,37.85,-0.2,283
2007-09-12,2461,604570,22767740,38.05,38.3,37.2,37.2,-0.65,257
2007-09-13,2461,776921,28574090,37.3,37.6,36.2,36.2,-1.0,350
2007-09-14,2461,601692,21826862,36.2,36.8,36.0,36.25,0.05,300
2007-09-17,2461,378743,13830906,36.3,36.85,36.1,36.35,0.1,189
2007-09-19,2461,608467,22241808,37.0,37.0,36.3,36.35,0.0,308
2007-09-20,2461,393467,14392768,36.45,37.1,36.05,36.05,-0.3,190
2007-09-21,2461,305440,11092831,36.2,36.6,36.1,36.55,0.5,147
2007-09-26,2461,808408,29229488,36.55,36.8,36.0,36.4,-0.15,276
2007-09-27,2461,551273,20126037,36.15,36.8,36.15,36.6,0.2,279
2007-09-28,2461,3932962,151266786,36.6,39.15,36.6,38.5,1.9,1210
2007-09-29,2461,2420825,93658150,38.35,39.3,38.1,38.7,0.2,904
2007-10-01,2461,744315,28503611,38.7,39.0,37.95,38.0,-0.7,337
2007-10-02,2461,530220,20213017,38.6,38.6,37.8,38.0,0.0,282
2007-10-03,2461,586280,22158085,38.0,38.2,37.3,37.3,-0.7,309
2007-10-04,2461,783601,29547546,37.5,38.0,37.35,37.5,0.2,353
2007-10-05,2461,391283,14618149,37.5,37.9,37.2,37.3,-0.2,179
2007-10-08,2461,397329,14828573,37.7,37.9,37.0,37.1,-0.2,180
2007-10-09,2461,364982,13424643,37.1,37.4,36.6,36.65,-0.45,189
2007-10-11,2461,992507,36897081,37.0,37.55,36.9,37.15,0.5,316
2007-10-12,2461,690037,25759707,37.15,37.65,36.9,37.0,-0.15,295
2007-10-15,2461,476405,17840634,37.5,37.75,37.1,37.55,0.55,219
2007-10-16,2461,479500,18018774,37.7,37.7,37.45,37.55,0.0,183
2007-10-17,2461,344454,12866148,37.5,37.6,37.2,37.2,-0.35,135
2007-10-18,2461,565226,21073384,37.7,37.7,37.0,37.35,0.15,203
2007-10-19,2461,376269,13972594,37.5,37.5,36.8,37.35,0.0,188
2007-10-22,2461,454318,16582142,37.0,37.0,36.3,36.5,-0.85,186
2007-10-23,2461,468103,17306247,36.5,37.5,36.5,37.1,0.6,222
2007-10-24,2461,562179,20871132,37.6,37.6,36.5,36.5,-0.6,227
2007-10-25,2461,926177,33743814,36.7,36.8,36.3,36.4,-0.1,345
2007-10-26,2461,832150,30361051,36.4,36.8,36.3,36.55,0.15,333
2007-10-29,2461,747109,27992042,37.0,37.9,36.9,37.2,0.65,339
2007-10-30,2461,1142216,43429021,37.9,38.45,37.5,37.85,0.65,511
2007-10-31,2461,352065,13212806,38.1,38.1,37.2,37.25,-0.6,159
2007-11-01,2461,481418,17711966,37.5,37.6,36.4,36.55,-0.7,183
2007-11-02,2461,701151,24934298,36.3,36.3,35.0,35.35,-1.2,270
2007-11-05,2461,596393,20690407,35.35,35.35,34.1,34.5,-0.85,230
2007-11-06,2461,425054,14615436,34.5,34.9,34.0,34.0,-0.5,195
2007-11-07,2461,811956,27096616,34.5,34.7,32.1,32.6,-1.4,335
2007-11-08,2461,1596301,48746033,31.5,32.0,30.35,30.35,-2.25,487
2007-11-09,2461,760828,22812508,30.4,30.8,29.2,29.8,-0.55,253
2007-11-12,2461,769150,21599111,29.0,29.0,27.75,27.75,-2.05,287
2007-11-13,2461,1251613,35062786,27.05,28.45,27.05,28.35,0.6,344
2007-11-14,2461,202000,6120598,30.3,30.3,30.3,30.3,1.95,87
2007-11-15,2461,1307000,41828250,32.35,32.35,31.5,32.1,1.8,498
2007-11-16,2461,551737,17596761,31.9,32.15,31.4,32.0,-0.1,220
2007-11-19,2461,335431,10705169,32.1,32.15,31.7,31.8,-0.2,187
2007-11-20,2461,443868,13649917,30.7,31.5,30.05,31.5,-0.3,222
2007-11-21,2461,283389,8764881,31.5,31.5,30.5,30.95,-0.55,151
2007-11-22,2461,435000,13218650,30.2,30.85,29.8,30.7,-0.25,229
2007-11-23,2461,467350,13998078,30.65,30.7,29.55,29.7,-1.0,210
2007-11-26,2461,205000,6108900,30.2,30.3,29.55,30.0,0.3,111
2007-11-27,2461,413245,12049128,29.7,29.75,28.8,29.5,-0.5,166
2007-11-28,2461,362150,10670875,29.45,29.8,29.15,29.5,0.0,132
2007-11-29,2461,212215,6316846,30.0,30.0,29.45,29.75,0.25,106
2007-11-30,2461,344100,10218075,29.75,29.9,29.5,29.7,-0.05,177
2007-12-03,2461,979748,30665598,29.8,31.75,29.8,31.75,2.05,409
2007-12-04,2461,777800,24261750,31.5,31.8,30.6,31.7,-0.05,423
2007-12-05,2461,507472,15989225,31.45,31.8,31.25,31.4,-0.3,221
2007-12-06,2461,605460,19168110,31.9,32.25,31.05,31.2,-0.2,270
2007-12-07,2461,406015,12843318,31.9,32.1,31.2,31.2,0.0,195
2007-12-10,2461,550492,16994160,31.2,31.9,30.1,30.1,-1.1,266
2007-12-11,2461,303137,9267394,30.8,31.0,30.3,30.3,0.2,194
2007-12-12,2461,231137,6989023,30.3,30.55,30.1,30.1,-0.2,126
2007-12-13,2461,280245,8371474,30.35,30.35,29.5,29.85,-0.25,164
2007-12-14,2461,1303233,36838327,29.5,29.8,27.8,27.8,-2.05,436
2007-12-17,2461,1194500,31969550,27.8,28.1,25.9,27.5,-0.3,354
2007-12-18,2461,1343000,35930850,25.8,27.45,25.6,27.0,-0.5,376
2007-12-19,2461,593000,16559900,27.05,28.4,27.05,27.9,0.9,165
2007-12-20,2461,487001,13404727,27.9,28.2,26.5,26.5,-1.4,137
2007-12-21,2461,810454,21841426,27.5,27.5,26.5,26.8,0.3,227
2007-12-24,2461,573601,15959106,28.0,28.3,27.6,27.95,1.15,202
2007-12-25,2461,1112352,31895436,28.5,29.0,28.0,29.0,1.05,335
2007-12-26,2461,541355,15585867,29.0,29.0,28.5,28.7,-0.3,149
2007-12-27,2461,423734,12083048,28.1,28.8,28.1,28.45,-0.25,203
2007-12-28,2461,292250,8381674,28.45,29.4,28.25,28.8,0.35,159
2007-12-31,2461,564000,16482400,29.2,29.5,28.9,29.5,0.7,209
2008-01-02,2461,738911,21964400,29.5,30.3,28.9,29.45,-0.05,303
2008-01-03,2461,410100,11927170,29.35,29.45,28.75,29.3,-0.15,200
2008-01-04,2461,266050,7801500,29.3,29.6,29.1,29.2,-0.1,153
2008-01-07,2461,449007,12576444,28.4,28.5,27.6,27.6,-1.6,188
2008-01-08,2461,129000,3564750,27.0,28.0,27.0,27.65,0.05,69
2008-01-09,2461,161000,4456650,27.3,28.0,27.05,27.85,0.2,104
2008-01-10,2461,782754,22627987,28.6,29.4,28.4,28.45,0.6,379
2008-01-11,2461,161334,4612419,28.8,28.8,28.45,28.5,0.05,89
2008-01-14,2461,289003,8374336,29.3,29.3,28.6,29.0,0.5,111
2008-01-15,2461,905000,26922600,29.2,30.1,29.0,29.65,0.65,451
2008-01-16,2461,406714,11610318,29.3,29.3,28.15,28.2,-1.45,172
2008-01-17,2461,266100,7504460,28.2,28.9,27.9,28.3,0.1,111
2008-01-18,2461,194467,5470036,28.0,28.6,27.8,28.6,0.3,90
2008-01-21,2461,878411,25773985,29.9,29.9,28.9,29.0,0.4,396
2008-01-22,2461,609303,16563881,27.5,27.8,27.0,27.0,-2.0,254
2008-01-23,2461,408233,10744822,27.0,27.1,25.6,25.7,-1.3,200
2008-01-24,2461,1304313,31942018,26.1,26.2,23.95,24.5,-1.2,460
2008-01-25,2461,536604,13486510,24.9,25.45,24.6,25.3,0.8,256
2008-01-28,2461,169000,4180600,25.1,25.1,24.5,24.6,-0.7,110
2008-01-29,2461,508233,12725678,25.3,25.3,24.8,24.85,0.25,226
2008-01-30,2461,121000,3017250,25.0,25.2,24.75,24.9,0.05,84
2008-01-31,2461,361000,8915300,24.9,25.15,24.35,24.75,-0.15,132
2008-02-01,2461,158468,3978500,25.15,25.2,25.0,25.2,0.45,100
2008-02-12,2461,110000,2699450,25.0,25.0,24.4,24.4,-0.8,52
2008-02-13,2461,231068,5689950,24.5,25.0,24.3,24.5,0.1,131
2008-02-14,2461,471246,12153070,25.4,26.2,25.3,26.1,1.6,287
2008-02-15,2461,194257,5025832,25.5,26.0,25.5,25.85,-0.25,83
2008-02-18,2461,223431,5780868,25.8,26.1,25.6,25.9,0.05,107
2008-02-19,2461,303083,7939182,26.0,26.4,26.0,26.3,0.4,149
2008-02-20,2461,249644,6426484,26.2,26.2,25.4,25.45,-0.85,111
2008-02-21,2461,324227,8518874,25.65,26.85,25.65,26.3,0.85,169
2008-02-22,2461,259161,6803036,26.3,26.5,25.85,26.2,-0.1,123
2008-02-25,2461,287522,7604371,26.5,26.6,26.3,26.35,0.15,137
2008-02-26,2461,293992,7728042,26.5,26.6,25.95,26.3,-0.05,141
2008-02-27,2461,732500,19458650,26.6,27.3,26.05,26.9,0.6,313
2008-02-29,2461,264682,7161395,26.8,27.3,26.55,27.1,0.2,143
2008-03-03,2461,205300,5355750,26.65,26.65,25.8,26.5,-0.6,111
2008-03-04,2461,221500,5937150,26.4,27.2,26.3,26.8,0.3,163
2008-03-05,2461,425298,11485564,26.8,27.2,26.8,27.15,0.35,237
2008-03-06,2461,649847,18074747,27.4,28.2,27.4,28.1,0.95,315
2008-03-07,2461,356773,9846316,28.1,28.1,27.1,27.1,-1.0,184
2008-03-10,2461,265625,7167405,27.1,27.8,26.55,26.65,-0.45,153
2008-03-11,2461,168000,4452650,26.3,26.85,26.3,26.5,-0.15,88
2008-03-12,2461,299504,8027105,27.0,27.1,26.6,26.7,0.2,128
2008-03-13,2461,206737,5416737,26.6,26.75,25.75,26.0,-0.7,128
2008-03-14,2461,138345,3566730,26.1,26.15,25.3,25.8,-0.2,99
2008-03-17,2461,153335,3880459,25.3,25.6,25.1,25.55,-0.25,89
2008-03-18,2461,311500,8006600,25.5,26.5,25.1,26.5,0.95,128
2008-03-19,2461,300557,7741611,26.4,26.5,24.75,24.75,-1.75,181
2008-03-20,2461,374000,9416900,24.8,25.6,24.8,25.45,0.7,231
2008-03-21,2461,345000,8807150,25.45,25.7,25.15,25.6,0.15,173
2008-03-24,2461,315954,8284655,26.9,26.9,26.0,26.15,0.55,182
2008-03-25,2461,1081778,28963981,26.5,27.2,26.2,27.1,0.95,434
2008-03-26,2461,396127,10789775,27.3,27.6,26.75,26.95,-0.15,211
2008-03-27,2461,211667,5668075,26.8,27.0,26.55,26.7,-0.25,109
2008-03-28,2461,416420,11272105,26.9,27.45,26.65,27.4,0.7,185
2008-03-31,2461,331999,9083422,27.4,27.55,27.1,27.55,0.15,150
2008-04-01,2461,299087,8237887,27.6,27.8,27.2,27.2,-0.35,177
2008-04-02,2461,1933410,55091516,27.85,29.1,27.7,28.9,1.7,817
2008-04-03,2461,489394,13926328,28.9,28.9,28.1,28.75,-0.15,299
2008-04-07,2461,393361,11194238,28.7,28.8,28.2,28.5,-0.25,195
2008-04-08,2461,612968,17769315,28.7,29.25,28.6,29.2,0.7,251
2008-04-09,2461,530968,15224897,29.1,29.2,28.3,28.35,-0.85,251
2008-04-10,2461,638410,18593963,28.45,29.65,28.35,29.45,1.1,318
2008-04-11,2461,921274,26635967,29.3,29.3,28.65,28.9,-0.55,372
2008-04-14,2461,645350,18165061,28.6,28.8,27.75,27.75,-1.15,249
2008-04-15,2461,432951,12076486,27.75,28.1,27.7,27.9,0.15,195
2008-04-16,2461,1107500,30840550,27.8,28.1,27.6,27.9,0.0,370
2008-04-17,2461,741558,20841355,28.1,28.45,27.7,27.8,-0.1,319
2008-04-18,2461,794431,21925744,27.9,28.0,27.45,27.6,-0.2,310
2008-04-21,2461,1457490,40717295,27.7,28.25,27.6,28.0,0.4,493
2008-04-22,2461,772913,21512798,28.0,28.0,27.65,27.7,-0.3,273
2008-04-23,2461,1378745,38187786,27.65,28.1,27.45,28.0,0.3,506
2008-04-24,2461,672286,18949871,28.1,28.4,28.0,28.2,0.2,304
2008-04-25,2461,1772500,49971150,28.0,28.7,27.7,27.8,-0.4,498
2008-04-28,2461,730234,20221499,28.0,28.0,27.5,27.5,-0.3,246
2008-04-29,2461,838500,23275449,28.0,28.15,27.35,27.6,0.1,389
2008-04-30,2461,1019218,27747268,27.4,27.5,26.95,27.25,-0.35,383
2008-05-02,2461,517000,13884300,27.25,27.3,26.55,26.65,-0.6,239
2008-05-05,2461,290051,7643691,26.65,26.65,26.2,26.2,-0.45,140
2008-05-06,2461,321795,8412277,26.2,26.45,26.0,26.45,0.25,146
2008-05-07,2461,570460,15262415,26.65,26.95,26.6,26.6,0.15,226
2008-05-08,2461,278758,7407959,26.6,26.9,26.1,26.5,-0.1,180
2008-05-09,2461,264525,6945720,26.3,26.4,26.0,26.0,-0.5,159
2008-05-12,2461,502238,12851840,26.0,26.0,25.4,25.6,-0.4,223
2008-05-13,2461,306689,7883069,25.6,25.9,25.6,25.6,0.0,134
2008-05-14,2461,275233,7134672,25.7,26.2,25.65,25.95,0.35,161
2008-05-15,2461,421013,11036191,26.1,26.35,26.0,26.15,0.2,175
2008-05-16,2461,377049,9942687,26.25,26.5,26.25,26.45,0.3,200
2008-05-19,2461,341500,8969500,26.8,26.8,26.0,26.4,-0.05,178
2008-05-20,2461,479621,12737338,27.0,27.0,26.2,26.3,-0.1,230
2008-05-21,2461,346890,9052535,26.5,26.5,26.0,26.05,-0.25,179
2008-05-22,2461,284161,7339993,26.0,26.0,25.7,25.8,-0.25,130
2008-05-23,2461,346239,8872216,25.9,25.9,25.3,25.3,-0.5,157
2008-05-26,2461,499025,12260600,25.15,25.2,24.0,24.45,-0.85,226
2008-05-27,2461,484206,11613994,24.45,24.45,23.75,23.95,-0.5,197
2008-05-28,2461,302250,7206575,24.05,24.05,23.6,23.6,-0.35,153
2008-05-29,2461,546613,12715855,23.7,23.7,22.8,22.9,-0.7,284
2008-05-30,2461,389000,8961900,22.9,23.35,22.8,23.2,0.3,198
2008-06-02,2461,450250,10388724,23.2,23.45,22.8,22.9,-0.3,207
2008-06-03,2461,219601,5070111,23.0,23.45,22.9,23.0,0.1,127
2008-06-04,2461,235250,5435450,23.3,23.3,23.0,23.1,0.1,133
2008-06-05,2461,243590,5657116,23.1,23.4,23.0,23.4,0.3,106
2008-06-06,2461,267086,6238311,23.4,23.5,23.25,23.3,-0.1,124
2008-06-09,2461,274100,6219420,22.8,23.0,22.45,23.0,-0.3,110
2008-06-10,2461,471000,10849000,23.2,23.4,22.55,22.7,-0.3,225
2008-06-11,2461,204000,4546650,22.7,22.8,22.0,22.0,-0.7,114
2008-06-12,2461,699326,14540496,21.8,21.8,20.5,20.5,-1.5,295
2008-06-13,2461,527026,10615156,20.1,20.7,19.8,20.2,-0.3,225
2008-06-16,2461,228005,4607750,20.6,20.6,19.9,20.0,-0.2,131
2008-06-17,2461,133000,2646900,20.05,20.05,19.8,19.95,-0.05,66
2008-06-18,2461,170234,3381614,19.8,20.0,19.5,19.95,0.0,91
2008-06-19,2461,563259,11594311,19.9,21.1,19.7,20.5,0.55,343
2008-06-20,2461,179245,3633301,20.8,20.8,19.8,19.9,-0.6,105
2008-06-23,2461,293210,5652992,19.7,19.7,19.0,19.05,-0.85,126
2008-06-24,2461,285305,5518578,19.05,19.7,19.05,19.15,0.1,166
2008-06-25,2461,288204,5551530,19.2,19.55,18.9,19.3,0.15,122
2008-06-26,2461,172000,3397750,19.5,19.95,19.5,19.8,0.5,106
2008-06-27,2461,516000,9639850,18.5,19.1,18.45,18.8,-1.0,238
2008-06-30,2461,440000,7953450,18.8,18.9,17.5,17.5,-1.3,209
2008-07-01,2461,412000,7206350,17.2,18.0,17.0,17.2,-0.3,210
2008-07-02,2461,287000,5090250,17.2,18.2,17.2,18.2,1.0,156
2008-07-03,2461,658492,12324545,17.9,19.45,17.65,19.45,1.25,305
2008-07-04,2461,819101,16319170,19.8,20.15,19.45,19.85,0.4,292
2008-07-07,2461,500000,9816200,20.0,20.0,19.35,20.0,0.15,162
2008-07-08,2461,319233,6232023,19.75,20.0,18.9,19.3,-0.7,157
2008-07-09,2461,584000,11463600,19.4,19.95,19.3,19.3,0.0,210
2008-07-10,2461,267000,5192150,19.3,19.65,19.1,19.4,0.1,117
2008-07-11,2461,309245,6053364,19.5,19.85,19.3,19.5,0.1,141
2008-07-14,2461,213031,4178254,19.7,19.8,19.35,19.35,-0.15,99
2008-07-15,2461,566593,10611079,19.35,19.4,18.3,18.7,-0.65,207
2008-07-16,2461,360000,6644450,18.5,18.8,18.2,18.3,-0.4,121
2008-07-17,2461,277000,5185150,18.45,18.8,18.45,18.7,0.4,106
2008-07-18,2461,334100,6146600,18.9,18.9,18.0,18.1,-0.6,120
2008-07-21,2461,231538,4240795,18.2,18.6,18.15,18.45,0.35,96
2008-07-22,2461,195122,3573832,18.45,18.5,18.2,18.45,0.0,79
2008-07-23,2461,398030,7630289,18.6,19.5,18.6,19.5,1.05,169
2008-07-24,2461,319050,6157182,19.55,19.55,19.0,19.5,0.0,118
2008-07-25,2461,265000,5049600,19.2,19.4,18.8,19.4,-0.1,96
2008-07-29,2461,120000,2268250,18.6,19.05,18.6,18.95,-0.45,56
2008-07-30,2461,819100,15970885,19.15,19.8,18.8,19.45,0.5,251
2008-07-31,2461,598000,11664400,19.8,19.9,19.1,19.15,-0.3,174
2008-08-01,2461,494245,9150756,18.95,18.95,18.15,18.9,-0.25,209
2008-08-04,2461,286000,5315600,18.8,18.95,18.25,18.55,-0.35,120
2008-08-05,2461,455424,8209220,18.55,18.55,17.6,17.6,-0.95,150
2008-08-06,2461,292000,5222050,17.8,18.05,17.75,18.05,0.45,123
2008-08-07,2461,192318,3488137,18.05,18.3,17.95,18.3,0.25,89
2008-08-08,2461,305000,5590350,18.0,18.65,17.8,18.5,0.2,158
2008-08-11,2461,545000,10270400,18.75,19.0,18.6,18.85,0.35,196
2008-08-12,2461,363003,6812255,19.0,19.0,18.6,18.6,-0.25,131
2008-08-13,2461,222500,4162349,18.6,18.85,18.45,18.8,0.2,95
2008-08-14,2461,228168,4287258,18.8,18.95,18.6,18.95,0.15,104
2008-08-15,2461,367500,6903050,19.0,19.0,18.6,18.6,-0.35,126
2008-08-18,2461,292002,5304586,18.65,18.65,18.0,18.0,-0.6,95
2008-08-19,2461,182078,3258201,17.6,18.15,17.6,18.15,0.15,73
2008-08-20,2461,108239,1953036,17.8,18.3,17.8,18.3,0.15,57
2008-08-21,2461,142000,2576100,18.3,18.45,18.0,18.05,-0.25,77
2008-08-22,2461,238356,4257686,18.0,18.05,17.65,17.9,-0.15,83
2008-08-25,2461,189000,3380400,17.9,18.0,17.7,18.0,0.1,67
2008-08-26,2461,136733,2421864,17.8,17.85,17.6,17.6,-0.4,61
2008-08-27,2461,138456,2472544,17.6,18.0,17.6,17.85,0.25,77
2008-08-28,2461,255288,4586054,17.85,18.1,17.85,18.05,0.2,73
2008-08-29,2461,680288,12640463,18.4,18.8,18.35,18.65,0.6,316
2008-09-01,2461,373010,6804182,18.55,18.55,17.9,18.1,-0.55,145
2008-09-02,2461,275000,4950550,18.25,18.25,17.65,17.75,-0.35,115
2008-09-03,2461,673063,11385977,17.5,17.65,16.55,16.95,-0.8,251
2008-09-04,2461,1410000,22583300,16.6,16.95,15.8,16.2,-0.75,336
2008-09-05,2461,560401,8783216,15.2,16.0,15.2,15.85,-0.35,247
2008-09-08,2461,499006,8219050,16.1,16.7,16.1,16.55,0.7,175
2008-09-09,2461,407000,6480000,16.5,16.5,15.55,16.0,-0.55,177
2008-09-10,2461,1014745,16108890,15.8,16.1,15.6,16.0,0.0,319
2008-09-11,2461,1162300,16889750,14.5,14.85,14.25,14.6,0.0,364
2008-09-12,2461,749000,11196150,15.2,15.2,14.65,15.2,0.6,273
2008-09-15,2461,1217000,17998700,15.1,15.2,14.15,15.2,0.0,284
2008-09-16,2461,1226439,17499493,14.15,14.85,14.15,14.4,-0.8,323
2008-09-17,2461,841060,12237417,14.6,15.1,14.2,14.45,0.05,250
2008-09-18,2461,460140,6195532,13.45,13.75,13.45,13.45,-1.0,138
2008-09-19,2461,871311,12119897,12.6,14.35,12.6,14.35,0.9,252
2008-09-22,2461,916430,13302891,14.6,14.9,14.0,14.4,0.05,219
2008-09-23,2461,947273,12830444,13.8,14.0,13.4,14.0,-0.4,297
2008-09-24,2461,1240763,17837741,13.7,14.95,13.65,14.7,0.7,380
2008-09-25,2461,505475,7226741,14.5,14.7,14.0,14.1,-0.6,213
2008-09-26,2461,330000,4573000,14.25,14.3,13.7,13.8,-0.3,141
2008-09-30,2461,300000,3885750,12.85,13.45,12.85,13.45,-0.35,134
2008-10-01,2461,80233,1090943,13.85,13.85,13.45,13.55,0.1,55
2008-10-02,2461,91000,1228900,13.4,13.65,13.4,13.4,-0.15,47
2008-10-03,2461,180100,2370780,13.2,13.5,12.7,13.5,0.1,79
2008-10-06,2461,178472,2330782,13.3,13.3,12.95,13.0,-0.5,78
2008-10-07,2461,344361,4253484,12.1,12.7,12.1,12.7,-0.3,159
2008-10-08,2461,524245,6258052,12.2,12.35,11.85,11.85,-0.85,171
2008-10-09,2461,261827,3090357,11.5,12.2,11.1,11.85,0.0,94
2008-10-13,2461,32000,366400,11.45,11.45,11.45,11.45,-0.4,14
2008-10-14,2461,984100,11347840,11.2,11.95,11.2,11.95,0.5,279
2008-10-15,2461,298000,3442200,11.55,11.6,11.55,11.55,-0.4,86
2008-10-16,2461,205234,2288381,11.15,11.15,11.15,11.15,-0.4,42
2008-10-17,2461,289000,3160350,11.35,11.35,10.8,10.8,-0.35,113
2008-10-20,2461,451001,4766010,10.8,11.0,10.45,10.8,0.0,135
2008-10-21,2461,554136,6205936,11.0,11.35,11.0,11.15,0.35,157
2008-10-22,2461,294000,3254750,10.9,11.3,10.9,11.15,0.0,98
2008-10-23,2461,762081,8230499,10.8,10.8,10.8,10.8,-0.35,52
2008-10-24,2461,917494,9601648,10.45,10.6,10.45,10.45,-0.35,197
2008-10-27,2461,1065693,10461980,9.8,10.2,9.72,10.2,-0.25,241
2008-10-28,2461,602852,6115698,9.8,10.9,9.5,10.8,0.6,214
2008-10-29,2461,752823,8275436,11.05,11.4,10.4,11.15,0.35,223
2008-10-30,2461,1117224,13217042,11.6,11.9,11.4,11.85,0.7,286
2008-10-31,2461,1358160,16298843,11.8,12.45,11.55,12.4,0.55,364
2008-11-03,2461,1006114,12335794,12.2,12.5,12.0,12.4,0.0,300
2008-11-04,2461,395362,4763176,12.2,12.3,11.85,12.1,-0.3,145
2008-11-05,2461,1325818,16343790,12.25,12.75,11.75,12.15,0.05,350
2008-11-06,2461,349302,3947111,11.3,11.3,11.3,11.3,-0.85,101
2008-11-07,2461,1170391,12652517,10.55,11.35,10.55,11.25,-0.05,302
2008-11-10,2461,381985,4195835,11.0,11.1,10.8,11.0,-0.25,146
2008-11-11,2461,664703,7433710,11.0,11.4,11.0,11.0,0.0,270
2008-11-12,2461,282347,3095426,10.8,11.1,10.8,10.8,-0.2,111
2008-11-13,2461,316845,3272844,10.6,10.6,10.2,10.35,-0.45,101
2008-11-14,2461,369971,3836153,10.6,10.6,10.1,10.4,0.05,121
2008-11-17,2461,210373,2121770,10.15,10.3,9.97,10.1,-0.3,83
2008-11-18,2461,604142,5703434,9.5,9.66,9.4,9.4,-0.7,135
2008-11-19,2461,703444,6596345,8.91,9.75,8.91,9.4,0.0,235
2008-11-20,2461,422189,3834817,8.86,9.3,8.86,9.15,-0.25,127
2008-11-21,2461,464536,4232997,8.6,9.7,8.6,9.7,0.55,144
2008-11-24,2461,106219,1021403,9.9,9.9,9.35,9.59,-0.11,69
2008-11-25,2461,201941,1984892,9.7,10.0,9.6,9.99,0.4,114
2008-11-26,2461,199670,1980933,9.95,10.1,9.7,10.1,0.11,89
2008-11-27,2461,488438,5098422,10.1,10.6,10.1,10.45,0.35,179
2008-11-28,2461,377348,3986167,10.6,10.7,10.45,10.55,0.1,136
2008-12-01,2461,221590,2337434,10.5,10.7,10.4,10.4,-0.15,107
2008-12-02,2461,264809,2608248,10.0,10.0,9.8,9.82,-0.58,93
2008-12-03,2461,146452,1451028,9.85,10.0,9.82,9.9,0.08,55
2008-12-04,2461,116345,1161405,9.85,10.1,9.85,9.9,0.0,60
2008-12-05,2461,44389,427271,9.35,9.9,9.35,9.85,-0.05,30
2008-12-08,2461,195169,1970892,9.85,10.25,9.85,10.2,0.35,119
2008-12-09,2461,150407,1522738,10.2,10.25,10.0,10.05,-0.15,73
2008-12-10,2461,609916,6314754,10.15,10.7,10.1,10.7,0.65,221
2008-12-11,2461,549814,5910654,10.95,11.0,10.55,10.9,0.2,179
2008-12-12,2461,374655,3919044,10.7,10.8,10.15,10.15,-0.75,160
2008-12-15,2461,179190,1875604,10.6,10.6,10.3,10.45,0.3,95
2008-12-16,2461,127365,1300122,10.1,10.45,10.1,10.35,-0.1,50
2008-12-17,2461,325397,3403847,10.5,10.55,10.3,10.3,-0.05,124
2008-12-18,2461,129672,1332836,10.3,10.45,10.15,10.45,0.15,66
2008-12-19,2461,346860,3545170,10.25,10.45,10.15,10.2,-0.25,95
2008-12-22,2461,146494,1494737,10.25,10.4,10.05,10.2,0.0,73
2008-12-23,2461,195541,1904663,10.0,10.0,9.6,9.7,-0.5,84
2008-12-24,2461,134984,1303326,9.6,9.74,9.55,9.7,0.0,61
2008-12-25,2461,113653,1107148,9.69,9.89,9.63,9.88,0.18,48
2008-12-26,2461,126682,1252953,9.86,9.99,9.8,9.83,-0.05,65
2008-12-29,2461,30326,295724,9.83,9.83,9.73,9.73,-0.1,17
2008-12-30,2461,147323,1466840,9.83,10.05,9.8,10.0,0.27,53
2008-12-31,2461,187715,1874336,10.2,10.2,9.91,10.0,0.0,69
2009-01-05,2461,504185,5274202,10.3,10.55,10.3,10.45,0.45,146
2009-01-06,2461,174056,1816325,10.3,10.5,10.25,10.4,-0.05,66
2009-01-07,2461,1312862,13835048,10.5,10.7,10.4,10.6,0.2,352
2009-01-08,2461,344255,3544425,10.4,10.5,10.1,10.1,-0.5,136
2009-01-09,2461,1324937,14264265,10.35,10.8,10.35,10.8,0.7,286
2009-01-10,2461,2292802,25218947,10.7,11.25,10.65,11.2,0.4,714
2009-01-12,2461,1062762,11533625,11.05,11.2,10.6,10.65,-0.55,319
2009-01-13,2461,673761,7053664,10.5,10.55,10.35,10.5,-0.15,227
2009-01-14,2461,576634,6035015,10.55,10.65,10.3,10.35,-0.15,182
2009-01-15,2461,348652,3490780,10.05,10.15,9.97,9.97,-0.38,140
2009-01-16,2461,381692,3839017,10.0,10.2,9.99,10.1,0.13,106
2009-01-17,2461,254100,2568689,10.2,10.2,10.05,10.1,0.0,74
2009-01-19,2461,144450,1465240,10.0,10.2,10.0,10.2,0.1,68
2009-01-20,2461,216163,2154460,10.1,10.1,9.9,9.93,-0.27,68
2009-01-21,2461,231673,2283242,9.81,9.9,9.81,9.85,-0.08,90
2009-02-02,2461,111000,1096300,10.0,10.0,9.75,9.81,-0.04,55
2009-02-03,2461,185602,1858903,9.98,10.1,9.9,10.1,0.29,91
2009-02-04,2461,301485,3026800,10.15,10.2,9.9,10.0,-0.1,115
2009-02-05,2461,338008,3452630,10.0,10.35,9.95,10.25,0.25,104
2009-02-06,2461,504924,5297859,10.35,10.65,10.3,10.55,0.3,185
2009-02-09,2461,441081,4641088,10.7,10.7,10.3,10.3,-0.25,120
2009-02-10,2461,245298,2513149,10.4,10.4,10.2,10.4,0.1,105
2009-02-11,2461,250137,2547858,10.2,10.35,10.1,10.35,-0.05,91
2009-02-12,2461,711407,7469761,10.35,10.7,10.25,10.25,-0.1,254
2009-02-13,2461,364377,3789557,10.25,10.55,10.25,10.55,0.3,155
2009-02-16,2461,627646,6665195,10.55,10.8,10.45,10.7,0.15,229
2009-02-17,2461,409817,4300014,10.7,10.7,10.4,10.4,-0.3,194
2009-02-18,2461,229982,2348517,10.3,10.3,10.15,10.2,-0.2,102
2009-02-19,2461,405142,4099920,10.0,10.2,10.0,10.1,-0.1,138
2009-02-20,2461,227076,2268910,10.05,10.15,9.91,9.95,-0.15,95
2009-02-23,2461,89737,891646,9.75,10.1,9.75,10.05,0.1,49
2009-02-24,2461,169100,1712564,10.0,10.25,10.0,10.15,0.1,65
2009-02-25,2461,282369,2917597,10.2,10.4,10.2,10.4,0.25,122
2009-02-26,2461,130513,1337781,10.3,10.45,10.2,10.25,-0.15,58
2009-02-27,2461,375081,3860334,10.0,10.4,10.0,10.4,0.15,140
2009-03-02,2461,560102,5894919,10.4,10.7,10.25,10.6,0.2,227
2009-03-03,2461,719914,7680904,10.35,11.0,10.25,11.0,0.4,319
2009-03-04,2461,1653132,18559962,11.15,11.4,11.05,11.15,0.15,460
2009-03-05,2461,684718,7606598,11.2,11.3,10.9,11.0,-0.15,208
2009-03-06,2461,1276957,14350551,10.8,11.55,10.8,11.55,0.55,357
2009-03-09,2461,1939055,22763798,11.7,11.95,11.4,11.9,0.35,419
2009-03-10,2461,605000,7179145,11.9,12.0,11.75,11.8,-0.1,246
2009-03-11,2461,827607,9725516,11.9,12.0,11.45,11.5,-0.3,263
2009-03-12,2461,446132,5141651,11.5,11.7,11.35,11.5,0.0,176
2009-03-13,2461,1727311,20811118,11.7,12.3,11.6,12.3,0.8,446
2009-03-16,2461,3369387,43744628,13.05,13.15,12.7,12.85,0.55,794
2009-03-17,2461,1246065,15803058,12.8,12.9,12.35,12.6,-0.25,325
2009-03-18,2461,767355,9658548,12.6,12.75,12.45,12.45,-0.15,258
2009-03-19,2461,1517081,18946872,12.5,12.8,12.1,12.1,-0.35,368
2009-03-20,2461,538664,6454881,12.1,12.2,11.8,11.95,-0.15,169
2009-03-23,2461,419572,5091677,12.0,12.3,11.85,12.3,0.35,155
2009-03-24,2461,817823,10184669,12.5,12.65,12.35,12.45,0.15,277
2009-03-25,2461,727363,9210017,12.55,12.8,12.35,12.7,0.25,268
2009-03-26,2461,1016626,13125544,12.85,13.15,12.75,12.8,0.1,346
2009-03-27,2461,1263478,16496033,13.0,13.35,12.85,12.95,0.15,386
2009-03-30,2461,1561314,20293155,12.85,13.35,12.55,12.7,-0.25,368
2009-03-31,2461,442916,5588947,12.5,12.75,12.5,12.55,-0.15,132
2009-04-01,2461,1141870,14851043,13.1,13.25,12.8,13.25,0.7,355
2009-04-02,2461,7352885,101364806,13.3,14.15,13.3,14.15,0.9,1036
2009-04-03,2461,6561537,95880179,14.35,14.95,14.2,14.6,0.45,1162
2009-04-06,2461,2509801,36111981,14.65,14.7,14.0,14.5,-0.1,545
2009-04-07,2461,2394783,34903821,14.4,14.9,14.25,14.5,0.0,515
2009-04-08,2461,2578251,35710772,14.3,14.3,13.5,14.05,-0.45,565
2009-04-09,2461,3975742,57928407,14.3,14.9,14.3,14.4,0.35,853
2009-04-10,2461,1692604,24064706,14.65,14.7,14.0,14.0,-0.4,534
2009-04-13,2461,1799852,24998420,14.0,14.2,13.75,13.8,-0.2,493
2009-04-14,2461,923071,12837072,13.8,14.1,13.7,13.9,0.1,298
2009-04-15,2461,1089990,15013108,13.75,14.0,13.55,13.75,-0.15,347
2009-04-16,2461,2004958,28128156,14.05,14.25,13.8,14.05,0.3,470
2009-04-17,2461,3949698,55459124,14.25,14.45,13.1,13.5,-0.55,879
2009-04-20,2461,6123121,84575973,13.35,14.4,12.65,14.4,0.9,1332
2009-04-21,2461,6448505,95126263,14.4,15.2,14.4,14.8,0.4,1607
2009-04-22,2461,4801447,72049193,14.8,15.4,14.4,14.4,-0.4,1190
2009-04-23,2461,5675989,84406874,14.5,15.3,14.2,15.3,0.9,1227
2009-04-24,2461,8645246,136287286,15.85,16.2,15.1,16.1,0.8,1890
2009-04-27,2461,3647324,55784110,16.2,16.2,15.0,15.0,-1.1,911
2009-04-28,2461,2267549,32052056,14.55,14.95,13.95,13.95,-1.05,634
2009-04-29,2461,1582615,21066945,13.7,13.95,13.0,13.0,-0.95,510
2009-04-30,2461,2669156,36963957,13.7,13.9,13.7,13.9,0.9,512
2009-05-04,2461,3953307,56723547,13.0,14.6,13.0,14.6,0.7,686
2009-05-05,2461,7012993,102909796,14.65,15.05,14.0,14.25,-0.35,1073
2009-05-06,2461,3503196,49878266,14.2,14.55,13.9,13.9,-0.35,744
2009-05-07,2461,1868106,26281694,14.0,14.25,13.8,13.95,0.05,504
2009-05-08,2461,1270874,18077660,13.95,14.4,13.95,14.25,0.3,457
2009-05-11,2461,1171260,16594340,14.45,14.5,14.05,14.05,-0.2,383
2009-05-12,2461,1126295,15083656,13.9,13.95,13.15,13.2,-0.85,358
2009-05-13,2461,831791,11034756,13.2,13.45,13.15,13.2,0.0,330
2009-05-14,2461,847900,11173884,12.9,13.4,12.85,13.2,0.0,345
2009-05-15,2461,856566,11486398,13.4,13.6,13.25,13.35,0.15,286
2009-05-18,2461,773283,10226403,13.35,13.4,13.1,13.2,-0.15,243
2009-05-19,2461,966797,13012168,13.5,13.75,13.3,13.4,0.2,334
2009-05-20,2461,762022,10204033,13.5,13.55,13.25,13.25,-0.15,257
2009-05-21,2461,2817513,39126654,13.4,14.15,13.3,14.15,0.9,795
2009-05-22,2461,2198613,31120232,14.3,14.4,13.9,13.9,-0.25,613
2009-05-25,2461,1968752,26612948,14.1,14.1,13.2,13.45,-0.45,662
2009-05-26,2461,1234541,16521423,13.25,13.75,13.1,13.1,-0.35,352
2009-05-27,2461,1038125,13890325,13.25,13.55,13.2,13.5,0.4,406
2009-06-01,2461,747740,10054737,13.7,13.7,13.35,13.4,-0.1,248
2009-06-02,2461,1310205,17749222,13.6,13.75,13.35,13.4,0.0,340
2009-06-03,2461,389436,5202643,13.4,13.5,13.25,13.35,-0.05,165
2009-06-04,2461,333663,4428583,13.35,13.4,13.15,13.2,-0.15,136
2009-06-05,2461,605219,8068246,13.3,13.45,13.2,13.35,0.15,174
2009-06-06,2461,1423925,19456466,13.4,13.9,13.35,13.8,0.45,504
2009-06-08,2461,2889080,40894196,14.0,14.4,13.65,13.65,-0.15,848
2009-06-09,2461,1087209,14586687,13.8,14.0,12.85,13.0,-0.65,354
2009-06-10,2461,676167,8730923,13.0,13.3,12.7,12.8,-0.2,269
2009-06-11,2461,1275843,15835642,12.7,12.8,12.15,12.4,-0.4,424
2009-06-12,2461,2263084,29246549,12.4,13.2,12.4,12.55,0.15,518
2009-06-15,2461,1101163,13075881,12.5,12.6,11.7,11.7,-0.85,338
2009-06-16,2461,541614,6191436,11.55,11.75,11.2,11.2,-0.5,198
2009-06-17,2461,414000,4732700,11.25,11.55,11.25,11.4,0.2,159
2009-06-18,2461,309868,3528957,11.4,11.55,11.25,11.3,-0.1,102
2009-06-19,2461,450229,5142496,11.3,11.6,11.3,11.35,0.05,179
2009-06-22,2461,302081,3451331,11.5,11.55,11.35,11.45,0.1,117
2009-06-23,2461,366980,4230371,11.4,11.75,11.25,11.45,0.0,166
2009-06-24,2461,522553,6103264,11.55,11.8,11.5,11.65,0.2,195
2009-06-25,2461,395228,4640715,11.65,11.8,11.65,11.8,0.15,139
2009-06-26,2461,970885,11683461,11.8,12.2,11.75,12.05,0.25,293
2009-06-29,2461,327886,3872916,12.1,12.1,11.7,11.8,-0.25,119
2009-06-30,2461,284585,3351813,11.9,11.9,11.7,11.7,-0.1,104
2009-07-01,2461,231732,2738911,11.8,11.95,11.75,11.75,0.05,97
2009-07-02,2461,450460,5379422,11.75,12.1,11.75,11.95,0.2,155
2009-07-03,2461,336548,3977590,11.9,11.95,11.75,11.85,-0.1,124
2009-07-06,2461,1088216,13275972,11.8,12.35,11.8,12.2,0.35,282
2009-07-07,2461,845078,10409199,12.2,12.5,12.1,12.2,0.0,264
2009-07-08,2461,345734,4185943,12.1,12.2,12.05,12.05,-0.15,109
2009-07-09,2461,477551,5821691,12.15,12.3,12.15,12.15,0.1,156
2009-07-10,2461,382053,4635745,12.2,12.25,12.0,12.2,0.05,131
2009-07-13,2461,464897,5513543,12.25,12.25,11.7,11.75,-0.45,170
2009-07-14,2461,145634,1731830,11.95,12.0,11.8,11.85,0.1,80
2009-07-15,2461,359534,4310601,12.0,12.05,11.9,12.05,0.2,144
2009-07-16,2461,527573,6382526,12.2,12.2,12.0,12.0,-0.05,157
2009-07-17,2461,437979,5291598,12.0,12.2,12.0,12.1,0.1,185
2009-07-20,2461,2204532,28150703,12.25,12.9,12.25,12.9,0.8,483
2009-07-21,2461,2373726,30864363,13.25,13.25,12.75,12.8,0.0,572
2009-07-22,2461,1715356,22284760,12.8,13.25,12.6,13.2,0.4,596
2009-07-23,2461,767651,9993079,13.1,13.25,12.85,12.9,-0.3,242
2009-07-24,2461,1754043,23217758,13.0,13.4,13.0,13.15,0.25,380
2009-07-27,2461,953440,12606562,13.3,13.5,13.1,13.15,0.0,263
2009-07-28,2461,1300399,17102252,13.2,13.3,13.0,13.05,-0.1,330
2009-07-29,2461,1179859,15474217,13.1,13.3,13.0,13.05,0.0,318
2009-07-30,2461,590245,7696285,13.1,13.2,12.9,13.1,0.05,171
2009-07-31,2461,1604487,21575876,13.2,13.7,13.15,13.25,0.15,471
2009-08-03,2461,1750479,24023581,13.5,13.9,13.3,13.85,0.6,480
2009-08-04,2461,2088554,29060719,14.2,14.2,13.2,13.5,-0.35,574
2009-08-05,2461,1162362,15372617,13.5,13.6,12.8,13.0,-0.5,377
2009-08-06,2461,775471,9909381,12.9,13.0,12.6,12.75,-0.25,306
2009-08-10,2461,702143,9047571,12.55,13.15,12.5,12.85,0.1,185
2009-08-11,2461,225911,2917708,12.9,13.1,12.7,12.9,0.05,93
2009-08-12,2461,934462,12743470,13.0,13.8,13.0,13.8,0.9,280
2009-08-13,2461,3492588,51032063,14.7,14.75,14.3,14.75,0.95,1021
2009-08-14,2461,3508826,51149789,14.75,15.0,14.3,14.5,-0.25,891
2009-08-17,2461,1219659,17388476,14.5,14.65,14.05,14.15,-0.35,386
2009-08-18,2461,1026225,13966090,13.8,13.95,13.25,13.45,-0.7,355
2009-08-19,2461,518741,6976827,13.4,13.6,13.35,13.45,0.0,172
2009-08-20,2461,617408,8120544,13.55,13.55,12.85,13.2,-0.25,190
2009-08-21,2461,1262409,17121968,13.45,13.9,13.2,13.25,0.05,353
2009-08-24,2461,1205897,16355872,13.5,13.75,13.45,13.45,0.2,301
2009-08-25,2461,721609,9502403,13.3,13.45,13.0,13.0,-0.45,245
2009-08-26,2461,1997665,26087290,13.1,13.5,12.85,13.45,0.45,436
2009-08-27,2461,1221751,16466211,13.4,13.75,13.1,13.4,-0.05,276
2009-08-28,2461,414491,5502681,13.4,13.5,13.05,13.05,-0.35,162
2009-08-31,2461,660069,8579838,13.05,13.2,12.85,12.95,-0.1,180
2009-09-01,2461,1372143,18012429,12.95,13.25,12.8,13.2,0.25,295
2009-09-02,2461,686083,9005329,13.2,13.25,13.0,13.1,-0.1,232
2009-09-03,2461,1031269,13611021,13.15,13.3,13.0,13.15,0.05,315
2009-09-04,2461,1528649,20669456,13.35,13.65,13.3,13.6,0.45,494
2009-09-07,2461,1221554,16725224,13.8,13.9,13.55,13.55,-0.05,347
2009-09-08,2461,2696970,38453653,13.65,14.45,13.6,14.45,0.9,645
2009-09-09,2461,2835227,40703080,14.85,14.85,13.75,13.75,-0.7,892
2009-09-10,2461,1508390,20674278,13.8,13.95,13.55,13.6,-0.15,416
2009-09-11,2461,1214183,16773812,13.6,14.05,13.55,13.8,0.2,397
2009-09-14,2461,2024855,28572430,14.0,14.4,13.85,13.95,0.15,573
2009-09-15,2461,1090494,15208238,14.0,14.2,13.8,14.0,0.05,400
2009-09-16,2461,1796218,25423008,14.05,14.4,13.95,14.15,0.15,534
2009-09-17,2461,1625667,23044888,14.35,14.35,14.05,14.05,-0.1,399
2009-09-18,2461,2812499,39647057,13.95,14.3,13.95,14.15,0.1,459
2009-09-21,2461,1676801,23864191,14.3,14.4,14.0,14.2,0.05,485
2009-09-22,2461,3341139,48874661,14.35,14.95,14.15,14.6,0.4,930
2009-09-23,2461,15429639,238615146,14.8,15.6,14.8,15.6,1.0,2918
2009-09-24,2461,4726111,72129294,15.65,15.65,14.9,15.6,0.0,1219
2009-09-25,2461,8177328,132643649,15.5,16.65,15.4,16.65,1.05,1706
2009-09-28,2461,13003520,230104738,17.5,17.8,17.2,17.8,1.15,2227
2009-09-29,2461,13483873,240922508,18.2,18.2,17.3,17.8,0.0,3403
2009-09-30,2461,11241490,207074800,17.8,19.0,17.5,18.7,0.9,3338
2009-10-01,2461,4545691,83438877,18.7,18.8,18.0,18.2,-0.5,1419
2009-10-02,2461,6806037,124213116,17.6,18.75,17.55,18.0,-0.2,1873
2009-10-05,2461,6977517,131419347,18.25,19.25,18.25,19.25,1.25,1956
2009-10-06,2461,6667385,127629280,19.45,19.6,18.7,19.05,-0.2,2386
2009-10-07,2461,6717868,128920306,19.4,19.7,18.5,18.5,-0.55,2211
2009-10-08,2461,5030971,93190128,18.5,19.0,18.0,18.0,-0.5,1488
2009-10-09,2461,2309087,42313074,18.2,18.65,18.15,18.2,0.2,813
2009-10-12,2461,3644409,68726035,18.7,19.2,18.4,18.9,0.7,1233
2009-10-13,2461,4516797,85982647,18.5,19.3,18.5,18.8,-0.1,1222
2009-10-14,2461,2908569,55608711,18.9,19.4,18.85,19.0,0.2,950
2009-10-15,2461,8380568,162610273,19.5,20.3,18.3,20.3,1.3,2198
2009-10-16,2461,16305499,346120329,20.6,21.7,20.6,21.15,0.85,4566
2009-10-19,2461,4088927,86335017,21.15,21.55,20.75,21.05,-0.1,1600
2009-10-20,2461,2723467,56929688,21.1,21.4,20.75,20.85,-0.2,986
2009-10-21,2461,4821908,101420271,20.85,21.4,20.5,20.55,-0.3,1656
2009-10-22,2461,3047396,62772015,20.4,21.0,20.4,20.4,-0.15,1172
2009-10-23,2461,3681595,77121121,20.55,21.4,20.5,20.85,0.45,1172
2009-10-26,2461,2779765,57150743,20.85,21.15,19.6,19.6,-1.25,969
2009-10-27,2461,3818120,74322399,19.45,20.0,19.1,19.3,-0.3,1200
2009-10-28,2461,2323181,44376436,19.5,19.7,18.5,18.55,-0.75,936
2009-10-29,2461,3211305,56218995,17.5,18.15,17.3,17.7,-0.85,1108
2009-10-30,2461,1381891,24740368,18.05,18.2,17.5,17.7,0.0,551
2009-11-02,2461,1152752,20585734,17.4,18.2,17.25,18.2,0.5,492
2009-11-03,2461,3911490,74230431,18.2,19.4,18.2,19.15,0.95,1298
2009-11-04,2461,7965699,160097037,19.2,20.45,19.2,20.45,1.3,2082
2009-11-05,2461,11079063,235420908,21.15,21.6,20.9,21.0,0.55,3486
2009-11-06,2461,4939236,103519810,21.5,21.5,20.5,20.55,-0.45,1742
2009-11-09,2461,2967837,60073021,20.4,20.6,20.0,20.0,-0.55,1060
2009-11-10,2461,4828566,100055249,20.1,21.05,20.1,20.5,0.5,1542
2009-11-11,2461,2670250,55120800,20.5,20.9,20.45,20.5,0.0,833
2009-11-12,2461,2229975,45947245,20.5,20.95,20.15,20.35,-0.15,707
2009-11-13,2461,10908781,233823315,20.3,21.75,20.2,21.75,1.4,3031
2009-11-16,2461,11345181,260943040,22.5,23.25,22.25,23.25,1.5,2311
2009-11-17,2461,17243906,399952788,23.25,23.6,22.6,22.6,-0.65,3662
2009-11-18,2461,15506804,365992701,22.8,24.15,22.65,23.8,1.2,3914
2009-11-19,2461,5439309,138430400,25.45,25.45,25.45,25.45,1.65,1088
2009-11-20,2461,19521989,523668053,27.2,27.2,26.1,27.15,1.7,6201
2009-11-23,2461,7476405,199757856,26.9,27.15,26.25,26.5,-0.65,2652
2009-11-24,2461,8414949,220237713,26.55,26.7,25.65,26.25,-0.25,2712
2009-11-25,2461,4382844,112379194,26.0,26.25,25.3,25.45,-0.8,1737
2009-11-26,2461,9346317,249441561,25.55,27.2,25.55,27.2,1.75,2676
2009-11-27,2461,18381386,506272047,27.2,28.3,26.7,27.1,-0.1,6084
2009-11-30,2461,6801456,183644781,27.7,27.8,26.5,26.6,-0.5,2475
2009-12-01,2461,5088602,137669850,27.0,27.75,26.5,26.5,-0.1,2210
2009-12-02,2461,7016408,183761624,27.0,27.3,25.5,25.5,-1.0,2692
2009-12-03,2461,5869696,150196968,25.5,26.2,25.0,25.0,-0.5,2220
2009-12-04,2461,5133869,127900000,25.25,25.7,24.4,24.55,-0.45,1951
2009-12-07,2461,7596181,193491014,24.8,25.9,24.6,25.35,0.8,2754
2009-12-08,2461,4840137,123018485,25.5,25.8,25.05,25.1,-0.25,1743
2009-12-09,2461,10842491,282685562,25.1,26.55,25.1,26.25,1.15,3457
2009-12-10,2461,5680776,144683017,26.25,26.35,24.9,25.05,-1.2,2101
2009-12-11,2461,4817014,123002048,25.3,25.9,25.3,25.4,0.35,1595
2009-12-14,2461,10965970,289856825,25.35,27.15,25.3,27.15,1.75,3369
2009-12-15,2461,10512353,284466879,27.25,27.6,26.25,26.3,-0.85,3296
2009-12-16,2461,5165292,135778530,26.3,26.75,25.8,25.85,-0.45,1896
2009-12-17,2461,4289871,111148448,26.15,26.6,25.0,25.0,-0.85,1607
2009-12-18,2461,2755637,68854031,24.6,25.4,24.35,25.25,0.25,1167
2009-12-21,2461,1284229,32448898,25.25,25.6,25.05,25.1,-0.15,624
2009-12-22,2461,3298381,84300201,25.5,25.9,25.15,25.5,0.4,1220
2009-12-23,2461,2349524,59966404,25.7,25.8,25.25,25.5,0.0,948
2009-12-24,2461,6248762,161902338,25.5,26.4,25.35,25.6,0.1,2173
2009-12-25,2461,2274753,58098810,25.7,25.95,25.2,25.3,-0.3,1001
2009-12-28,2461,2206024,56240357,25.5,25.7,25.3,25.6,0.3,744
2009-12-29,2461,4090918,105661538,25.8,26.2,25.5,25.55,-0.05,1533
2009-12-30,2461,2133260,54772697,25.55,25.95,25.55,25.55,0.0,774
2009-12-31,2461,3929333,101851970,25.65,26.25,25.6,25.75,0.2,1427
2010-01-04,2461,2474229,63771662,25.75,26.2,25.55,25.6,-0.15,876
2010-01-05,2461,3382492,86706519,25.95,26.15,25.1,25.1,-0.5,1080
2010-01-06,2461,2033993,50901822,25.1,25.4,24.8,24.8,-0.3,888
2010-01-07,2461,2625065,64252788,24.8,25.2,23.8,23.85,-0.95,1021
2010-01-08,2461,3354914,78154607,23.85,24.0,23.05,23.35,-0.5,1280
2010-01-11,2461,3382075,79716113,23.35,23.9,23.25,23.75,0.4,1177
2010-01-12,2461,1594254,37871475,24.0,24.0,23.6,23.6,-0.15,587
2010-01-13,2461,1790452,41629766,23.5,23.5,23.1,23.2,-0.4,681
2010-01-14,2461,1698068,40127745,23.25,23.9,23.25,23.5,0.3,732
2010-01-15,2461,4489691,110894487,23.65,25.1,23.6,25.1,1.6,1495
2010-01-18,2461,4598948,115065811,25.2,25.3,24.65,24.65,-0.45,1466
2010-01-19,2461,2581255,64619030,24.95,25.5,24.65,24.65,0.0,1086
2010-01-20,2461,1273613,31314582,25.0,25.0,24.15,24.35,-0.3,552
2010-01-21,2461,1461281,35367662,24.15,24.7,23.75,23.75,-0.6,648
2010-01-22,2461,1634005,37679315,23.75,23.75,22.6,22.9,-0.85,686
2010-01-25,2461,1006772,23092098,22.9,23.3,22.6,22.7,-0.2,409
2010-01-26,2461,1928610,42189196,22.75,23.2,21.15,21.15,-1.55,736
2010-01-27,2461,1765162,35927755,21.0,21.5,19.7,19.8,-1.35,702
2010-01-28,2461,1267939,26097818,20.1,20.95,19.8,20.95,1.15,524
2010-01-29,2461,836205,17036889,20.5,20.8,20.1,20.35,-0.6,377
2010-02-01,2461,1669000,34940800,20.5,21.45,20.35,21.15,0.8,642
2010-02-02,2461,1068221,22303702,21.4,21.45,20.1,20.15,-1.0,485
2010-02-03,2461,788002,15967842,20.3,20.6,20.0,20.4,0.25,383
2010-02-04,2461,551302,11323639,20.6,20.7,20.35,20.65,0.25,257
2010-02-05,2461,1412818,27512681,19.3,20.0,19.25,19.8,-0.85,494
2010-02-06,2461,760500,14465100,19.4,19.65,18.5,18.8,-1.0,311
2010-02-08,2461,512000,9714900,18.8,19.2,18.7,19.2,0.4,207
2010-02-09,2461,845222,16583754,19.1,20.1,18.95,19.85,0.65,357
2010-02-10,2461,934244,18994727,20.3,20.8,20.0,20.2,0.35,378
2010-02-22,2461,432347,8933977,21.0,21.0,20.2,20.5,0.3,207
2010-02-23,2461,236355,4830871,20.2,20.7,20.2,20.5,0.0,145
2010-02-24,2461,545635,11214531,20.3,20.8,20.2,20.55,0.05,260
2010-02-25,2461,2954500,62797499,20.6,21.7,20.6,21.05,0.5,1158
2010-02-26,2461,774000,16207600,21.2,21.3,20.6,20.8,-0.25,321
2010-03-01,2461,3686826,80642676,21.15,22.25,20.9,22.25,1.45,1164
2010-03-02,2461,2363254,52456049,22.5,22.5,21.85,21.85,-0.4,794
2010-03-03,2461,719490,15740256,22.0,22.05,21.7,21.85,0.0,300
2010-03-04,2461,920031,20099913,21.85,22.35,21.4,21.6,-0.25,423
2010-03-05,2461,1759468,38725246,22.0,22.15,21.6,22.05,0.45,629
2010-03-08,2461,1455804,32540917,22.3,22.55,22.1,22.25,0.2,532
2010-03-09,2461,764757,16950350,22.35,22.4,22.0,22.0,-0.25,332
2010-03-10,2461,1533490,33637782,22.2,22.3,21.65,21.85,-0.15,488
2010-03-11,2461,4737986,107426430,21.9,23.2,21.85,22.6,0.75,1643
2010-03-12,2461,2017050,45682268,22.8,22.95,22.45,22.55,-0.05,648
2010-03-15,2461,1019000,22583100,22.55,22.6,21.9,21.9,-0.65,375
2010-03-16,2461,1320500,29280899,21.9,22.55,21.65,22.1,0.2,516
2010-03-17,2461,2303481,52415171,22.25,23.1,22.1,22.65,0.55,922
2010-03-18,2461,1557507,35477307,22.75,23.0,22.45,22.75,0.1,599
2010-03-19,2461,6192965,147616888,22.8,24.3,22.75,24.3,1.55,2052
2010-03-22,2461,15492910,392020049,24.8,26.0,24.45,25.55,1.25,4900
2010-03-23,2461,6557956,166993421,25.8,26.0,24.5,24.5,-1.05,2309
2010-03-24,2461,3515098,87936772,25.05,25.4,24.6,24.8,0.3,1225
2010-03-25,2461,1855225,45824544,25.0,25.05,24.4,24.7,-0.1,745
2010-03-26,2461,3315933,83576125,24.8,25.4,24.8,25.05,0.35,1185
2010-03-29,2461,7182549,188065131,25.3,26.75,25.2,25.8,0.75,2522
2010-03-30,2461,2732245,70347057,25.8,26.25,25.45,25.5,-0.3,1104
2010-03-31,2461,2190019,55462667,25.5,25.9,24.8,24.85,-0.65,998
2010-04-01,2461,3058004,76227298,25.0,25.45,24.45,24.8,-0.05,978
2010-04-02,2461,2184556,54624230,24.9,25.4,24.7,24.75,-0.05,769
2010-04-06,2461,2763604,68405644,24.8,25.0,24.55,24.65,-0.1,892
2010-04-07,2461,1591660,39329864,24.7,25.0,24.5,24.65,0.0,625
2010-04-08,2461,3289375,82861848,24.8,25.6,24.7,24.85,0.2,1270
2010-04-09,2461,1638923,40211262,24.9,25.0,24.3,24.3,-0.55,676
2010-04-12,2461,1224864,30124967,24.7,24.8,24.4,24.55,0.25,503
2010-04-13,2461,1434582,34496940,24.5,24.5,23.0,23.8,-0.75,638
2010-04-14,2461,969291,23099159,23.7,24.25,23.4,24.2,0.4,455
2010-04-15,2461,1470986,35350110,24.3,24.4,23.8,24.0,-0.2,615
2010-04-16,2461,4111177,102047841,24.2,25.2,24.2,24.7,0.7,1594
2010-04-19,2461,2440287,57739557,24.2,24.5,23.0,23.0,-1.7,973
2010-04-20,2461,1604610,37115310,23.1,23.55,22.8,23.1,0.1,624
2010-04-21,2461,1787194,41979938,23.4,23.8,23.25,23.45,0.35,729
2010-04-22,2461,831095,19347722,23.25,23.45,23.1,23.35,-0.1,370
2010-04-23,2461,1774403,42154568,23.4,24.0,23.4,23.6,0.25,690
2010-04-26,2461,3036485,73498489,23.7,24.55,23.7,23.9,0.3,1072
2010-04-27,2461,1090802,25916033,23.9,24.2,23.55,23.55,-0.35,493
2010-04-28,2461,1145013,26380900,23.0,23.3,22.6,23.2,-0.35,471
2010-04-29,2461,1299252,30270119,23.3,23.55,23.1,23.1,-0.1,496
2010-04-30,2461,1436472,32757048,23.3,23.45,22.1,22.4,-0.7,563
2010-05-03,2461,1236000,26927550,22.2,22.55,21.45,21.85,-0.55,554
2010-05-04,2461,1050323,22884340,22.0,22.1,21.4,21.85,0.0,401
2010-05-05,2461,1574144,32735993,21.05,21.4,20.5,20.6,-1.25,489
2010-05-06,2461,1121389,22621816,20.5,20.6,19.9,20.05,-0.55,402
2010-05-07,2461,1104021,21501023,18.8,20.35,18.8,20.35,0.3,438
2010-05-10,2461,1012774,20642241,20.1,20.7,20.1,20.55,0.2,393
2010-05-11,2461,755206,15630822,20.65,20.9,20.5,20.5,-0.05,368
2010-05-12,2461,1259162,26441134,20.4,21.4,20.4,20.8,0.3,551
2010-05-13,2461,803002,16956642,21.0,21.3,20.95,21.05,0.25,298
2010-05-14,2461,944100,20303834,21.05,21.95,21.0,21.85,0.8,413
2010-05-17,2461,3038800,67381850,21.5,22.75,21.2,22.2,0.35,1192
2010-05-18,2461,931100,20447880,22.4,22.4,21.5,21.7,-0.5,427
2010-05-19,2461,873510,19072571,21.6,22.2,21.45,21.9,0.2,465
2010-05-20,2461,1283817,28452292,22.1,22.6,21.5,21.5,-0.4,481
2010-05-21,2461,1159569,23317384,20.0,20.45,20.0,20.05,-1.45,505
2010-05-24,2461,869528,17707680,20.15,20.7,20.05,20.5,0.45,290
2010-05-25,2461,1142081,22535260,20.1,20.3,19.1,19.55,-0.95,430
2010-05-26,2461,890421,17337408,19.6,19.85,19.25,19.55,0.0,348
2010-05-27,2461,549011,10965829,19.5,20.45,19.5,20.3,0.75,271
2010-05-28,2461,885183,18153843,20.7,20.8,20.2,20.25,-0.05,331
2010-05-31,2461,1936174,40101301,20.4,21.2,20.1,20.85,0.6,557
2010-06-01,2461,1338479,27977660,20.8,21.3,20.55,20.7,-0.15,531
2010-06-02,2461,1039011,21574125,20.4,21.15,20.1,20.25,-0.45,410
2010-06-03,2461,533300,11000449,20.7,20.8,20.5,20.6,0.35,257
2010-06-04,2461,1244000,26209950,20.7,21.4,20.65,20.9,0.3,472
2010-06-07,2461,866191,17295936,20.0,20.25,19.8,20.15,-0.75,381
2010-06-08,2461,883127,18044165,20.1,20.7,20.05,20.3,0.15,380
2010-06-09,2461,779207,15538716,20.3,20.65,19.05,19.5,-0.8,336
2010-06-10,2461,574336,11258069,19.6,19.8,19.35,19.8,0.3,245
2010-06-11,2461,537300,10791218,20.1,20.3,19.9,19.95,0.15,231
2010-06-14,2461,788517,16083444,20.2,20.6,20.15,20.45,0.5,362
2010-06-15,2461,593235,12138394,20.6,20.6,20.25,20.55,0.1,246
2010-06-17,2461,3095264,65548883,20.55,21.6,20.55,21.25,0.7,1139
2010-06-18,2461,3205714,69866197,21.5,22.15,21.45,21.85,0.6,1234
2010-06-21,2461,8873110,202024811,22.4,23.35,22.05,23.35,1.5,2485
2010-06-22,2461,10313270,249194754,24.0,24.45,23.9,24.2,0.85,3045
2010-06-23,2461,4375612,104600159,24.1,24.25,23.5,23.55,-0.65,1498
2010-06-24,2461,10469422,256729486,23.85,25.0,23.6,24.3,0.75,3389
2010-06-25,2461,2214598,53012141,24.0,24.2,23.65,23.7,-0.6,935
2010-06-28,2461,1770300,42444640,24.3,24.3,23.6,23.6,-0.1,666
2010-06-29,2461,2618007,60308962,24.0,24.1,22.3,23.0,-0.6,1129
2010-06-30,2461,1628542,36053412,22.1,22.4,21.85,22.15,-0.85,658
2010-07-01,2461,1429200,31979990,22.25,22.7,22.1,22.2,0.05,624
2010-07-02,2461,1769794,40251314,22.45,23.2,22.3,22.65,0.45,814
2010-07-05,2461,985500,22552000,22.75,23.2,22.7,22.8,0.15,408
2010-07-06,2461,2922100,67684750,22.8,23.45,22.6,23.0,0.2,1078
2010-07-07,2461,1072163,24796950,23.45,23.45,22.8,22.8,-0.2,501
2010-07-08,2461,2594912,60791328,23.15,23.8,23.0,23.1,0.3,904
2010-07-09,2461,2014781,46460756,23.2,23.4,22.8,22.95,-0.15,697
2010-07-12,2461,5255664,125691365,23.1,24.3,23.0,24.0,1.05,1815
2010-07-13,2461,2351794,55892270,24.25,24.3,23.25,23.35,-0.65,962
2010-07-14,2461,1873287,44023861,23.8,23.9,23.1,23.1,-0.25,739
2010-07-15,2461,1485908,34933515,23.25,23.7,23.2,23.35,0.25,639
2010-07-16,2461,1691223,39557433,23.55,23.8,23.05,23.05,-0.3,641
2010-07-19,2461,1555363,36217803,23.1,23.55,22.95,23.2,0.15,584
2010-07-20,2461,790438,18355066,23.4,23.4,23.1,23.2,0.0,338
2010-07-21,2461,1536565,35743615,23.3,23.5,22.95,23.0,-0.2,608
2010-07-22,2461,1125577,26144006,23.0,23.55,22.95,23.15,0.15,474
2010-07-23,2461,3385011,79181954,23.3,23.8,23.1,23.15,0.0,1128
2010-07-26,2461,3437895,81398243,23.2,24.0,23.15,23.9,0.75,1257
2010-07-27,2461,7021734,170526101,24.2,24.65,23.65,23.65,-0.25,2252
2010-07-28,2461,2102106,49313817,23.65,23.85,23.25,23.35,-0.3,895
2010-07-29,2461,2487000,58553298,23.5,23.9,23.3,23.35,0.0,850
2010-07-30,2461,1601535,36909345,23.35,23.5,22.8,22.8,-0.55,694
2010-08-02,2461,1575690,36402098,22.9,23.4,22.9,22.95,0.15,573
2010-08-03,2461,1160407,26775738,23.1,23.3,22.85,23.0,0.05,474
2010-08-04,2461,2036553,47641139,23.0,23.65,22.95,23.5,0.5,769
2010-08-05,2461,9924500,238760422,23.6,24.5,23.35,24.15,0.65,2977
2010-08-06,2461,2172681,52058689,24.15,24.35,23.7,23.85,-0.3,935
2010-08-09,2461,8973242,225300048,24.65,25.5,24.65,24.85,1.0,3045
2010-08-10,2461,4281829,105833241,25.0,25.1,24.35,24.55,-0.3,1513
2010-08-11,2461,2509016,60513027,24.55,24.8,23.6,23.7,-0.85,1091
2010-08-12,2461,1206064,28578966,23.25,24.0,23.2,23.75,0.05,530
2010-08-13,2461,2505168,60517285,24.0,24.5,23.8,24.2,0.45,943
2010-08-16,2461,12390209,311508484,24.25,25.5,24.2,25.25,0.0,3275
2010-08-17,2461,5094647,126735180,25.15,25.45,24.5,24.5,-0.75,1565
2010-08-18,2461,9746349,250389941,25.3,26.2,25.2,25.3,0.8,3102
2010-08-19,2461,2919855,73640557,25.1,25.65,24.85,25.25,-0.05,1079
2010-08-20,2461,1843144,45934112,25.0,25.3,24.8,24.85,-0.4,712
2010-08-23,2461,2644496,64684875,24.85,24.85,24.3,24.35,-0.5,927
2010-08-24,2461,2524719,60776226,24.15,24.4,23.9,24.15,-0.2,914
2010-08-25,2461,2737775,64042125,23.9,24.0,22.95,23.0,-1.15,1018
2010-08-26,2461,1482868,34230538,23.0,23.3,22.8,22.9,-0.1,615
2010-08-27,2461,1013900,23282808,22.9,23.25,22.8,22.9,0.0,404
2010-08-30,2461,2002716,46807745,23.4,23.7,23.05,23.05,0.15,676
2010-08-31,2461,2765561,61201976,23.0,23.2,21.45,21.45,-1.6,1006
2010-09-01,2461,2485244,52122737,21.5,21.75,20.25,21.15,-0.3,931
2010-09-02,2461,1599208,34102753,21.45,21.7,20.9,20.9,-0.25,665
2010-09-03,2461,1987230,42739200,21.0,21.8,21.0,21.8,0.9,844
2010-09-06,2461,1212483,26561525,21.95,22.15,21.55,21.95,0.15,563
2010-09-07,2461,944243,20416771,21.9,21.95,21.45,21.45,-0.5,449
2010-09-08,2461,759573,16321880,21.45,21.8,21.2,21.45,0.0,343
2010-09-09,2461,667163,14296738,21.45,21.7,21.1,21.2,-0.25,323
2010-09-10,2461,740681,15836201,21.4,21.6,21.2,21.2,0.0,324
2010-09-13,2461,1423881,30750640,21.4,21.95,21.2,21.95,0.75,530
2010-09-14,2461,11391870,263333537,22.2,23.45,22.15,22.9,0.95,2697
2010-09-15,2461,7335425,169124292,22.2,23.75,22.2,23.5,0.6,2057
2010-09-16,2461,16732869,406827375,23.6,25.1,23.3,25.1,1.6,3949
2010-09-17,2461,17462928,439010850,25.1,25.45,24.8,25.15,0.05,4999
2010-09-20,2461,4235980,105127707,25.15,25.15,24.55,24.6,-0.55,1643
2010-09-21,2461,11868259,299269143,24.7,25.45,24.7,25.05,0.45,3336
2010-09-23,2461,7115974,179768241,25.1,25.5,24.9,25.3,0.25,2249
2010-09-24,2461,2698265,67409895,25.4,25.4,24.8,24.8,-0.5,1101
2010-09-27,2461,5611400,141941797,25.25,25.55,25.0,25.5,0.7,1850
2010-09-28,2461,15751436,408921576,25.65,26.5,25.3,25.3,-0.2,5371
2010-09-29,2461,4501225,112529303,25.3,25.45,24.8,24.8,-0.5,1746
2010-09-30,2461,2623230,64505165,24.8,25.05,24.1,24.35,-0.45,1314
2010-10-01,2461,2092463,51636896,24.4,24.95,24.3,24.5,0.15,865
2010-10-04,2461,1963874,47753474,24.5,24.85,23.85,23.85,-0.65,832
2010-10-05,2461,1360733,32131583,23.7,23.8,23.4,23.65,-0.2,593
2010-10-06,2461,2357101,56310736,23.9,24.25,23.65,23.75,0.1,959
2010-10-07,2461,1518413,35911112,23.7,23.9,23.5,23.5,-0.25,608
2010-10-08,2461,4509816,109212996,23.85,24.6,23.45,24.2,0.7,1683
2010-10-11,2461,1503189,35881691,24.3,24.35,23.5,23.5,-0.7,698
2010-10-12,2461,1075000,25202300,23.8,23.8,23.25,23.3,-0.2,497
2010-10-13,2461,3138857,74980980,23.4,24.15,23.3,24.0,0.7,1135
2010-10-14,2461,1387856,33251427,24.2,24.3,23.7,23.75,-0.25,563
2010-10-15,2461,2921678,70169872,23.9,24.3,23.65,24.0,0.25,938
2010-10-18,2461,1725635,41367722,24.3,24.3,23.65,23.65,-0.35,618
2010-10-19,2461,1695259,39198557,23.3,23.65,22.8,22.8,-0.85,788
2010-10-20,2461,1329592,30387903,22.7,23.15,22.5,22.95,0.15,591
2010-10-21,2461,987100,22391775,23.0,23.05,22.5,22.55,-0.4,479
2010-10-22,2461,981008,22100180,22.65,22.8,22.4,22.4,-0.15,432
2010-10-25,2461,1352427,30947641,22.55,23.4,22.45,22.6,0.2,574
2010-10-26,2461,954968,21770775,22.7,22.95,22.7,22.75,0.15,380
2010-10-27,2461,680471,15476966,22.75,22.9,22.65,22.65,-0.1,289
2010-10-28,2461,725246,16437458,22.6,22.8,22.5,22.5,-0.15,303
2010-10-29,2461,564100,12797724,22.5,22.85,22.5,22.65,0.15,260
2010-11-01,2461,1532265,34061480,22.6,22.7,22.0,22.0,-0.65,627
2010-11-02,2461,1797367,38583634,22.0,22.0,21.1,21.35,-0.65,735
2010-11-03,2461,1213520,25439459,21.35,21.55,20.5,20.6,-0.75,533
2010-11-04,2461,611222,12812477,20.6,21.25,20.6,21.0,0.4,291
2010-11-05,2461,729599,15257107,21.2,21.25,20.7,20.85,-0.15,326
2010-11-08,2461,942068,19407343,20.85,21.0,20.35,20.45,-0.4,360
2010-11-09,2461,684670,14230851,20.35,21.1,20.35,20.8,0.35,313
2010-11-10,2461,365081,7539868,20.8,20.95,20.5,20.6,-0.2,170
2010-11-11,2461,759510,15723554,20.5,20.95,20.4,20.75,0.15,271
2010-11-12,2461,446510,9179303,20.6,20.7,20.45,20.5,-0.25,205
2010-11-15,2461,299000,6096250,20.5,20.65,20.25,20.25,-0.25,152
2010-11-16,2461,397608,8073260,20.25,20.5,20.2,20.25,0.0,194
2010-11-17,2461,454407,9140158,20.1,20.25,20.0,20.15,-0.1,216
2010-11-18,2461,278260,5640826,20.15,20.45,20.15,20.3,0.15,151
2010-11-19,2461,281043,5717157,20.45,20.45,20.2,20.3,0.0,143
2010-11-22,2461,537400,10794760,20.3,20.3,20.0,20.0,-0.3,216
2010-11-23,2461,428131,8616256,20.1,20.2,20.0,20.0,0.0,170
2010-11-24,2461,874762,17289434,19.8,19.9,19.65,19.7,-0.3,332
2010-11-25,2461,917250,18441486,19.8,20.3,19.7,20.2,0.5,379
2010-11-26,2461,391994,7882979,20.45,20.45,19.95,19.95,-0.25,216
2010-11-29,2461,342114,6891891,20.2,20.3,20.0,20.1,0.15,161
2010-11-30,2461,547456,11052592,20.0,20.3,20.0,20.05,-0.05,242
2010-12-01,2461,1691714,34708527,20.25,21.0,20.1,20.8,0.75,648
2010-12-02,2461,1289369,27009421,21.0,21.15,20.7,20.95,0.15,528
2010-12-03,2461,681000,14272698,21.15,21.25,20.8,20.85,-0.1,276
2010-12-06,2461,802021,16823484,21.0,21.15,20.7,20.95,0.1,302
2010-12-07,2461,1433858,30538281,20.95,21.5,20.95,21.4,0.45,518
2010-12-08,2461,611081,12995016,21.25,21.4,21.15,21.15,-0.25,253
2010-12-09,2461,1076318,23070839,21.15,21.6,21.15,21.35,0.2,368
2010-12-10,2461,1520495,32823992,21.4,21.9,21.25,21.5,0.15,609
2010-12-13,2461,793306,17156311,21.6,21.85,21.45,21.6,0.1,291
2010-12-14,2461,1067021,22772086,21.6,21.8,21.05,21.05,-0.55,449
2010-12-15,2461,813809,16906324,21.1,21.2,20.6,20.6,-0.45,333
2010-12-16,2461,517491,10673990,20.6,20.8,20.5,20.55,-0.05,252
2010-12-17,2461,468635,9662540,20.6,20.8,20.5,20.5,-0.05,247
2010-12-20,2461,456162,9459836,20.6,21.0,20.5,20.6,0.1,205
2010-12-21,2461,1021204,21343901,20.65,21.15,20.6,20.75,0.15,367
2010-12-22,2461,629147,13104311,20.75,21.0,20.75,20.9,0.15,265
2010-12-23,2461,1746937,37166804,20.9,21.5,20.9,21.4,0.5,709
2010-12-24,2461,728365,15422425,21.5,21.5,20.95,20.95,-0.45,316
2010-12-27,2461,606603,12602048,20.95,21.0,20.5,20.5,-0.45,246
2010-12-28,2461,582980,11912197,20.55,20.65,20.25,20.35,-0.15,251
2010-12-29,2461,945163,19076924,20.3,20.5,20.0,20.1,-0.25,415
2010-12-30,2461,661786,13485326,20.15,20.55,20.15,20.3,0.2,280
2010-12-31,2461,537428,10868287,20.15,20.35,20.15,20.15,-0.15,220
2011-01-03,2461,659294,13216042,20.2,20.25,20.0,20.0,-0.15,263
2011-01-04,2461,1055083,21164202,20.0,20.2,20.0,20.1,0.1,448
2011-01-05,2461,1486000,30145200,20.1,20.6,20.05,20.1,0.0,612
2011-01-06,2461,564773,11366613,20.1,20.3,20.05,20.1,0.0,229
2011-01-07,2461,751319,15035348,20.2,20.3,19.7,19.8,-0.3,325
2011-01-10,2461,511245,10220725,20.0,20.15,19.85,19.95,0.15,209
2011-01-11,2461,781182,15629369,20.0,20.2,19.85,20.0,0.05,333
2011-01-12,2461,873485,17725868,20.25,20.4,20.1,20.2,0.2,338
2011-01-13,2461,3158550,65354929,20.3,21.0,20.1,20.7,0.5,1250
2011-01-14,2461,739883,15212742,20.7,20.75,20.4,20.7,0.0,372
2011-01-17,2461,1140433,23821125,20.8,21.25,20.6,20.6,-0.1,410
2011-01-18,2461,557715,11507992,20.6,20.95,20.35,20.35,-0.25,245
2011-01-19,2461,640608,13113986,20.55,20.65,20.35,20.45,0.1,244
2011-01-20,2461,531256,10836855,20.45,20.6,20.3,20.35,-0.1,216
2011-01-21,2461,429460,8677050,20.3,20.3,20.15,20.15,-0.2,206
2011-01-24,2461,348075,6973438,20.0,20.3,19.95,20.0,-0.15,168
2011-01-25,2461,487474,9735031,20.05,20.2,19.8,19.9,-0.1,221
2011-01-26,2461,971213,19641060,19.9,20.4,19.9,20.1,0.2,337
2011-01-27,2461,418564,8392814,20.2,20.2,20.0,20.05,-0.05,175
2011-01-28,2461,529996,10570967,20.05,20.1,19.85,20.0,-0.05,237
2011-02-08,2461,403908,8036035,20.0,20.15,19.7,19.75,-0.25,223
2011-02-09,2461,336081,6642337,19.75,19.9,19.65,19.7,-0.05,143
2011-02-10,2461,712671,13747366,19.7,19.7,19.1,19.25,-0.45,279
2011-02-11,2461,951585,17883272,19.1,19.45,18.35,18.5,-0.75,344
2011-02-14,2461,1124922,20264314,18.1,18.55,17.7,18.5,0.0,481
2011-02-15,2461,599381,10957559,18.4,18.7,17.8,18.35,-0.15,225
2011-02-16,2461,397912,7244206,18.35,18.4,18.1,18.15,-0.2,187
2011-02-17,2461,412001,7480218,18.0,18.3,18.0,18.2,0.05,168
2011-02-18,2461,504346,9234780,18.4,18.55,18.05,18.3,0.1,212
2011-02-21,2461,471565,8509543,18.05,18.2,17.9,18.15,-0.15,232
2011-02-22,2461,1256062,21908678,18.0,18.0,16.9,17.4,-0.75,415
2011-02-23,2461,757285,12852708,17.1,17.3,16.65,16.8,-0.6,299
2011-02-24,2461,964244,15794925,15.9,16.8,15.9,16.25,-0.55,351
2011-02-25,2461,829078,13573234,16.3,16.6,16.1,16.5,0.25,287
2011-03-01,2461,442594,7451978,16.7,16.95,16.65,16.9,0.4,197
2011-03-02,2461,152684,2564608,16.8,16.9,16.7,16.8,-0.1,103
2011-03-03,2461,664232,11524709,16.95,17.75,16.9,17.55,0.75,320
2011-03-04,2461,347370,6020492,17.6,17.7,17.15,17.2,-0.35,182
2011-03-07,2461,186081,3169697,17.2,17.2,16.9,17.1,-0.1,106
2011-03-08,2461,179912,3043614,17.0,17.05,16.85,16.9,-0.2,94
2011-03-09,2461,189545,3234137,17.2,17.2,16.95,17.0,0.1,95
2011-03-10,2461,201000,3398900,17.15,17.15,16.8,16.8,-0.2,90
2011-03-11,2461,664534,11191941,16.5,17.0,16.45,16.65,-0.15,214
2011-03-14,2461,666632,10643462,16.5,16.5,15.7,16.05,-0.6,223
2011-03-15,2461,1050128,15951513,16.0,16.1,14.95,14.95,-1.1,356
2011-03-16,2461,808250,11742161,14.3,14.95,14.3,14.55,-0.4,323
2011-03-17,2461,897408,12681381,14.15,14.4,13.8,14.05,-0.5,273
2011-03-18,2461,690268,9975935,14.15,14.7,14.15,14.5,0.45,296
2011-03-21,2461,666991,10125259,14.55,15.5,14.55,15.5,1.0,237
2011-03-22,2461,1323800,21208268,16.0,16.25,15.85,16.0,0.5,486
2011-03-23,2461,303504,4786461,16.0,16.0,15.6,15.7,-0.3,168
2011-03-24,2461,703245,11200281,15.75,16.2,15.75,16.05,0.35,215
2011-03-25,2461,199244,3176516,16.2,16.25,15.8,15.85,-0.2,113
2011-03-28,2461,214000,3341250,15.7,15.75,15.55,15.55,-0.3,79
2011-03-29,2461,258189,4015737,15.5,15.7,15.5,15.5,-0.05,88
2011-03-30,2461,181230,2811574,15.55,15.6,15.4,15.55,0.05,91
2011-03-31,2461,296572,4695937,15.55,16.0,15.55,15.9,0.35,136
2011-04-01,2461,88671,1399418,16.1,16.1,15.65,15.75,-0.15,51
2011-04-06,2461,184162,2902358,15.85,15.85,15.7,15.8,0.05,89
2011-04-07,2461,451725,7250285,15.9,16.2,15.8,16.05,0.25,213
2011-04-08,2461,310831,5032786,16.05,16.3,16.05,16.1,0.05,125
2011-04-11,2461,174081,2754337,16.0,16.0,15.7,15.9,-0.2,70
2011-04-12,2461,110000,1731650,15.9,15.9,15.7,15.7,-0.2,48
2011-04-13,2461,181244,2831980,15.6,15.8,15.55,15.55,-0.15,84
2011-04-14,2461,102821,1604589,15.6,15.8,15.5,15.75,0.2,67
2011-04-15,2461,198113,3112408,15.8,15.9,15.5,15.5,-0.25,108
2011-04-18,2461,113071,1752361,15.5,15.8,15.3,15.3,-0.2,67
2011-04-19,2461,265049,3970235,15.2,15.3,14.7,15.0,-0.3,122
2011-04-20,2461,265045,4024227,15.0,15.3,15.0,15.2,0.2,125
2011-04-21,2461,303586,4671414,15.5,15.5,15.3,15.35,0.15,147
2011-04-22,2461,332999,5175881,15.45,15.75,15.4,15.55,0.2,152
2011-04-25,2461,487557,7648564,15.55,16.0,15.3,15.75,0.2,202
2011-04-26,2461,938858,15021711,15.7,16.3,15.7,16.2,0.45,329
2011-04-27,2461,699670,11297634,16.5,16.55,15.9,16.0,-0.2,272
2011-04-28,2461,829503,13368196,16.0,16.4,15.75,16.3,0.3,273
2011-04-29,2461,4397800,73218988,16.2,16.85,16.1,16.4,0.1,1255
2011-05-03,2461,760064,12058040,16.35,16.4,15.6,15.7,-0.7,283
2011-05-04,2461,424468,6633629,15.7,15.8,15.5,15.6,-0.1,179
2011-05-05,2461,756339,11687184,15.6,15.75,15.3,15.3,-0.3,279
2011-05-06,2461,445400,6721389,15.2,15.3,15.0,15.1,-0.2,195
2011-05-09,2461,383314,5853255,15.05,15.5,15.05,15.15,0.05,152
2011-05-10,2461,1760781,27791055,15.35,16.1,15.15,16.05,0.9,493
2011-05-11,2461,2281590,36900233,16.05,16.35,15.8,16.35,0.3,578
2011-05-12,2461,13640971,232064940,16.35,17.45,16.2,17.45,1.1,3350
2011-05-13,2461,8052121,141663920,17.75,18.0,17.25,17.6,0.15,2588
2011-05-16,2461,2014049,34755427,17.6,17.6,17.0,17.0,-0.6,666
2011-05-17,2461,1358026,23111038,17.0,17.25,16.75,17.0,0.0,594
2011-05-18,2461,1307369,22558373,17.0,17.5,17.0,17.05,0.05,586
2011-05-19,2461,992163,16737496,17.3,17.35,16.6,16.6,-0.45,443
2011-05-20,2461,1441803,24146648,16.6,17.0,16.5,16.5,-0.1,490
2011-05-23,2461,987300,15615095,16.65,16.65,15.6,15.6,-0.9,400
2011-05-24,2461,1826280,27555950,15.7,15.7,14.8,14.9,-0.7,601
2011-05-25,2461,526654,7963107,14.9,15.25,14.9,15.2,0.3,278
2011-05-26,2461,768452,11758214,15.35,15.5,15.0,15.2,0.0,357
2011-05-27,2461,882981,13694656,15.2,15.65,15.2,15.5,0.3,352
2011-05-30,2461,463148,7070921,15.5,15.5,15.2,15.2,-0.3,215
2011-05-31,2461,838391,12939161,15.2,15.6,15.2,15.25,0.05,314
2011-06-01,2461,901526,13954098,15.3,15.6,15.3,15.35,0.1,361
2011-06-02,2461,895163,13835801,15.2,15.65,15.2,15.35,0.0,337
2011-06-03,2461,560000,8602700,15.4,15.55,15.25,15.3,-0.05,207
2011-06-07,2461,324253,4945232,15.25,15.35,15.2,15.2,-0.1,158
2011-06-08,2461,376080,5730757,15.35,15.4,15.15,15.15,-0.05,192
2011-06-09,2461,998735,15341895,15.1,15.55,15.1,15.4,0.25,441
2011-06-10,2461,677808,10242085,15.4,15.5,15.0,15.0,-0.4,283
2011-06-13,2461,504801,7442812,14.8,14.9,14.6,14.6,-0.4,213
2011-06-14,2461,386754,5682407,14.6,14.8,14.6,14.7,0.1,158
2011-06-15,2461,615383,9149779,14.7,15.05,14.7,14.7,0.0,257
2011-06-16,2461,754293,10835607,14.6,14.7,14.1,14.7,0.0,285
2011-06-17,2461,614779,8862972,14.7,14.7,14.15,14.65,-0.05,240
2011-06-20,2461,733408,10636302,14.6,14.85,14.15,14.2,-0.45,271
2011-06-21,2461,1393081,18966063,14.2,14.3,13.3,13.7,-0.5,480
2011-06-22,2461,543456,7499741,13.7,14.0,13.6,13.9,0.2,233
2011-06-23,2461,270455,3723510,13.85,13.9,13.7,13.7,-0.2,91
2011-06-24,2461,215158,2915064,13.7,13.7,13.45,13.55,-0.15,104
2011-06-27,2461,172001,2333914,13.75,13.75,13.5,13.65,0.1,79
2011-06-28,2461,175200,2389230,13.7,13.75,13.55,13.6,-0.05,90
2011-06-29,2461,1625501,23192939,13.75,14.55,13.6,14.55,0.95,511
2011-06-30,2461,1954467,29118821,15.05,15.05,14.55,14.55,0.0,739
2011-07-01,2461,414570,6083470,14.65,14.85,14.55,14.65,0.1,229
2011-07-04,2461,604600,8702420,14.85,14.85,14.2,14.3,-0.35,258
2011-07-05,2461,570877,8234115,14.3,14.65,14.15,14.15,-0.15,236
2011-07-06,2461,362600,5106319,14.15,14.4,13.7,13.95,-0.2,171
2011-07-07,2461,374050,5220591,14.1,14.1,13.9,13.9,-0.05,161
2011-07-08,2461,240111,3349441,14.1,14.1,13.8,13.9,0.0,119
2011-07-11,2461,645389,8771487,13.8,13.9,13.3,13.7,-0.2,248
2011-07-12,2461,750617,9872144,13.4,13.55,12.9,12.9,-0.8,271
2011-07-13,2461,717803,9263266,12.9,13.15,12.6,12.6,-0.3,246
2011-07-14,2461,639100,8040449,12.4,12.85,12.4,12.6,0.0,250
2011-07-15,2461,631214,7806074,11.85,12.6,11.85,12.6,0.0,248
2011-07-18,2461,212366,2689857,12.6,12.75,12.5,12.7,0.1,117
2011-07-19,2461,213014,2675526,12.7,12.75,12.45,12.5,-0.2,100
2011-07-20,2461,288088,3682762,12.6,12.9,12.6,12.7,0.2,137
2011-07-21,2461,565338,7298075,12.65,13.1,12.65,12.9,0.2,239
2011-07-22,2461,497607,6503841,13.0,13.2,13.0,13.05,0.15,183
2011-07-25,2461,231941,3012937,13.15,13.15,12.8,12.85,-0.2,97
2011-07-26,2461,168316,2175425,12.95,13.0,12.85,13.0,0.15,61
2011-07-27,2461,237577,3067211,13.0,13.0,12.75,12.85,-0.15,106
2011-07-28,2461,209300,2661853,12.8,12.8,12.5,12.65,-0.2,86
2011-07-29,2461,312000,3899200,12.8,12.8,12.35,12.35,-0.3,135
2011-08-01,2461,247837,3072828,12.35,12.5,12.35,12.45,0.1,116
2011-08-02,2461,262000,3205050,12.4,12.45,12.05,12.1,-0.35,120
2011-08-03,2461,1101663,13479820,11.95,12.55,11.7,12.5,0.4,360
2011-08-04,2461,440345,5518393,12.6,12.85,12.1,12.3,-0.2,201
2011-08-05,2461,823410,9433541,11.45,11.6,11.45,11.45,-0.85,240
2011-08-08,2461,892052,9552201,10.7,11.0,10.65,10.65,-0.8,251
2011-08-09,2461,1400619,13936290,9.91,10.35,9.91,10.05,-0.6,337
2011-08-10,2461,560963,5806469,10.2,10.5,10.2,10.35,0.3,204
2011-08-11,2461,453264,4557857,10.05,10.3,9.95,10.1,-0.25,189
2011-08-12,2461,502395,5210017,10.25,10.45,10.25,10.35,0.25,187
2011-08-15,2461,1197635,13206116,10.4,11.05,10.4,11.05,0.7,297
2011-08-16,2461,923360,10281799,11.25,11.25,10.9,11.15,0.1,367
2011-08-17,2461,405000,4479850,11.15,11.2,10.9,11.15,0.0,128
2011-08-18,2461,371576,4068876,11.1,11.25,10.8,11.05,-0.1,172
2011-08-19,2461,473038,4913992,10.45,10.7,10.3,10.5,-0.55,184
2011-08-22,2461,661015,6750751,10.0,10.75,9.99,10.15,-0.35,286
2011-08-23,2461,366571,3779164,10.35,10.55,10.1,10.55,0.4,168
2011-08-24,2461,180068,1865547,10.6,10.6,10.25,10.25,-0.3,107
2011-08-25,2461,231300,2363460,10.35,10.45,10.1,10.1,-0.15,100
2011-08-26,2461,262007,2633671,10.15,10.15,9.9,10.1,0.0,90
2011-08-29,2461,381181,3973431,10.2,10.55,10.2,10.35,0.25,172
2011-08-30,2461,567000,5986650,10.4,10.75,10.35,10.6,0.25,221
2011-08-31,2461,314408,3321724,10.55,10.7,10.4,10.7,0.1,125
2011-09-01,2461,404974,4379170,10.7,10.95,10.65,10.75,0.05,172
2011-09-02,2461,291264,3078122,10.65,10.75,10.45,10.6,-0.15,123
2011-09-05,2461,168000,1724200,10.5,10.5,10.2,10.25,-0.35,67
2011-09-06,2461,188000,1898100,10.25,10.45,10.0,10.05,-0.2,65
2011-09-07,2461,209040,2108458,10.1,10.3,10.0,10.15,0.1,87
2011-09-08,2461,348081,3587421,10.2,10.5,10.2,10.2,0.05,120
2011-09-09,2461,245041,2515070,10.15,10.4,10.15,10.25,0.05,80
2011-09-13,2461,237100,2410320,10.1,10.25,10.05,10.2,-0.05,90
2011-09-14,2461,447684,4526293,10.25,10.4,9.85,9.85,-0.35,175
2011-09-15,2461,271001,2762210,10.1,10.35,10.0,10.1,0.25,104
2011-09-16,2461,345101,3574610,10.25,10.45,10.25,10.45,0.35,109
2011-09-19,2461,277002,2919470,10.5,10.7,10.35,10.4,-0.05,119
2011-09-20,2461,225610,2331232,10.4,10.45,10.2,10.3,-0.1,84
2011-09-21,2461,405223,4177096,10.4,10.4,10.25,10.35,0.05,135
2011-09-22,2461,367100,3714940,10.15,10.3,9.96,10.25,-0.1,112
2011-09-23,2461,362100,3615390,10.0,10.15,9.86,10.05,-0.2,108
2011-09-26,2461,571000,5631460,10.0,10.05,9.35,9.35,-0.7,155
2011-09-27,2461,665350,6500384,9.5,9.94,9.46,9.8,0.45,180
2011-09-28,2461,261001,2554379,9.9,9.92,9.64,9.84,0.04,65
2011-09-29,2461,316933,3123720,9.65,9.95,9.65,9.86,0.02,90
2011-09-30,2461,528097,5231731,9.9,9.95,9.8,9.87,0.01,134
2011-10-03,2461,429000,4261280,9.7,10.05,9.7,9.9,0.03,129
2011-10-04,2461,822979,8230731,9.81,10.15,9.81,9.99,0.09,165
2011-10-05,2461,544000,5445270,10.0,10.05,9.98,10.0,0.01,110
2011-10-06,2461,1326021,13449062,10.05,10.25,10.05,10.05,0.05,291
2011-10-07,2461,298265,3016050,10.1,10.2,10.05,10.05,0.0,111
2011-10-11,2461,340808,3454380,10.2,10.2,10.1,10.1,0.05,102
2011-10-12,2461,519137,5221620,10.1,10.15,10.0,10.05,-0.05,141
2011-10-13,2461,503805,5098100,10.15,10.2,10.05,10.1,0.05,122
2011-10-14,2461,2105611,21872232,10.1,10.5,10.1,10.4,0.3,557
2011-10-17,2461,966313,10183600,10.55,10.6,10.45,10.5,0.1,241
2011-10-18,2461,269027,2771976,10.35,10.45,10.2,10.2,-0.3,103
2011-10-19,2461,269305,2757471,10.3,10.3,10.15,10.2,0.0,81
2011-10-20,2461,498001,5056660,10.15,10.2,10.1,10.15,-0.05,100
2011-10-21,2461,321000,3231950,10.15,10.15,10.0,10.1,-0.05,89
2011-10-24,2461,512443,5280111,10.3,10.35,10.2,10.3,0.2,165
2011-10-25,2461,458001,4758260,10.3,10.45,10.3,10.4,0.1,154
2011-10-26,2461,756000,7869300,10.3,10.5,10.3,10.45,0.05,216
2011-10-27,2461,3767078,40284890,10.5,11.0,10.35,10.75,0.3,815
2011-10-28,2461,2648965,28572870,10.75,10.85,10.65,10.8,0.05,476
2011-10-31,2461,1622660,17610826,10.9,10.95,10.7,10.8,0.0,327
2011-11-01,2461,753408,8124114,10.8,10.85,10.7,10.8,0.0,164
2011-11-02,2461,4054319,44696285,10.55,11.2,10.55,11.0,0.2,849
2011-11-03,2461,1395300,15322319,11.15,11.15,10.8,10.9,-0.1,320
2011-11-04,2461,1042163,11465643,11.0,11.1,10.9,11.1,0.2,294
2011-11-07,2461,3189378,35891741,11.1,11.4,10.95,11.2,0.1,667
2011-11-08,2461,1240343,13793722,11.2,11.25,11.05,11.05,-0.15,251
2011-11-09,2461,8580858,97910840,11.2,11.55,11.0,11.0,-0.05,1262
2011-11-10,2461,2368133,25282049,10.75,10.95,10.55,10.95,-0.05,496
2011-11-11,2461,902433,9740571,10.9,10.9,10.65,10.85,-0.1,282
2011-11-14,2461,670265,7282685,11.05,11.05,10.7,10.7,-0.15,220
2011-11-15,2461,493505,5266175,10.75,10.85,10.6,10.65,-0.05,134
2011-11-16,2461,791530,8353441,10.55,10.75,10.5,10.6,-0.05,188
2011-11-17,2461,1529774,16229926,10.4,10.7,10.35,10.6,0.0,308
2011-11-18,2461,570161,5957573,10.5,10.6,10.4,10.45,-0.15,159
2011-11-21,2461,1433311,14664406,10.45,10.45,10.05,10.15,-0.3,272
2011-11-22,2461,1191735,12089760,10.15,10.25,10.05,10.25,0.1,265
2011-11-23,2461,944051,9496863,10.1,10.15,10.0,10.15,-0.1,203
2011-11-24,2461,628050,6284360,10.05,10.1,9.91,10.1,-0.05,190
2011-11-25,2461,609380,6074740,10.05,10.05,9.91,10.05,-0.05,138
2011-11-28,2461,560000,5670780,9.92,10.2,9.92,10.0,-0.05,135
2011-11-29,2461,302081,3043360,10.15,10.15,10.05,10.05,0.05,84
2011-11-30,2461,338001,3372550,10.05,10.05,9.92,10.0,-0.05,93
2011-12-01,2461,535169,5468223,10.1,10.35,10.1,10.3,0.3,174
2011-12-02,2461,844300,8667864,10.35,10.4,10.05,10.05,-0.25,184
2011-12-05,2461,230020,2304545,10.1,10.1,9.96,10.0,-0.05,66
2011-12-06,2461,548001,5442209,10.0,10.0,9.82,10.0,0.0,161
2011-12-07,2461,176478,1759599,9.98,10.05,9.92,9.92,-0.08,71
2011-12-08,2461,104163,1030107,10.0,10.0,9.8,9.87,-0.05,49
2011-12-09,2461,466170,4506475,9.8,9.8,9.54,9.74,-0.13,126
2011-12-12,2461,162001,1579279,9.79,9.83,9.67,9.73,-0.01,49
2011-12-13,2461,160000,1544730,9.6,9.73,9.52,9.7,-0.03,55
2011-12-14,2461,261000,2526060,9.7,9.78,9.56,9.78,0.08,69
2011-12-15,2461,170886,1646173,9.6,9.69,9.6,9.68,-0.1,50
2011-12-16,2461,317805,3120263,9.72,10.0,9.62,10.0,0.32,85
2011-12-19,2461,532754,5224448,10.0,10.0,9.7,9.95,-0.05,146
2011-12-20,2461,640327,6389087,9.92,10.05,9.81,9.94,-0.01,95
2011-12-21,2461,788000,8002600,10.0,10.3,10.0,10.1,0.16,219
2011-12-22,2461,427980,4205653,10.05,10.1,9.72,9.73,-0.37,189
2011-12-23,2461,311000,3075280,9.8,9.98,9.8,9.94,0.21,114
2011-12-26,2461,182000,1801290,9.95,9.98,9.85,9.86,-0.08,61
2011-12-27,2461,132605,1301197,9.88,9.88,9.78,9.8,-0.06,63
2011-12-28,2461,211000,2077700,9.8,9.9,9.8,9.82,0.02,87
2011-12-29,2461,215000,2093480,9.83,9.83,9.65,9.76,-0.06,77
2011-12-30,2461,377809,3725169,9.8,9.92,9.8,9.84,0.08,116
2012-01-02,2461,140400,1368553,9.84,9.84,9.69,9.77,-0.07,46
2012-01-03,2461,108001,1058039,9.85,9.85,9.78,9.78,0.01,44
2012-01-04,2461,229100,2263931,9.8,9.93,9.8,9.81,0.03,95
2012-01-05,2461,217047,2140693,9.84,9.9,9.81,9.9,0.09,82
2012-01-06,2461,465791,4590689,9.79,9.95,9.78,9.81,-0.09,151
2012-01-09,2461,633635,6141315,9.81,9.81,9.67,9.7,-0.11,140
2012-01-10,2461,366887,3555306,9.7,9.8,9.62,9.67,-0.03,107
2012-01-11,2461,781002,7523627,9.64,9.69,9.6,9.65,-0.02,169
2012-01-12,2461,885000,8477640,9.65,9.68,9.53,9.56,-0.09,177
2012-01-13,2461,396817,3796561,9.58,9.69,9.5,9.56,0.0,132
2012-01-16,2461,270572,2620584,9.99,9.99,9.54,9.54,-0.02,101
2012-01-17,2461,260446,2503482,9.59,9.7,9.56,9.63,0.09,97
2012-01-18,2461,307069,2965624,9.63,9.69,9.62,9.69,0.06,105
2012-01-30,2461,454091,4489668,9.69,9.95,9.69,9.89,0.2,166
2012-01-31,2461,791142,7898170,9.9,10.1,9.89,10.0,0.11,245
2012-02-01,2461,925504,9470339,10.05,10.4,10.0,10.3,0.3,315
2012-02-02,2461,859409,9082992,10.5,10.75,10.4,10.55,0.25,302
2012-02-03,2461,888163,9509058,10.65,10.9,10.45,10.9,0.35,332
2012-02-04,2461,3013948,33789228,10.95,11.55,10.75,10.85,-0.05,842
2012-02-06,2461,1107645,12110813,10.85,11.1,10.8,10.85,0.0,333
2012-02-07,2461,1157187,12567646,10.85,11.0,10.65,10.75,-0.1,319
2012-02-08,2461,628679,6873262,10.75,11.05,10.75,10.9,0.15,235
2012-02-09,2461,1750681,19516739,10.9,11.3,10.9,11.15,0.25,443
2012-02-10,2461,1069192,11950869,11.25,11.25,11.1,11.1,-0.05,272
2012-02-13,2461,1290487,14487076,11.1,11.35,11.1,11.2,0.1,290
2012-02-14,2461,1813517,20423339,11.3,11.35,11.15,11.3,0.1,423
2012-02-15,2461,5504740,65908061,11.5,12.05,11.5,12.05,0.75,1010
2012-02-16,2461,9060875,111730270,12.4,12.65,11.6,11.6,-0.45,2223
2012-02-17,2461,2644907,31005713,12.0,12.05,11.4,11.65,0.05,779
2012-02-20,2461,1344335,15613902,11.85,11.85,11.5,11.55,-0.1,374
2012-02-21,2461,1325883,15177646,11.55,11.65,11.35,11.4,-0.15,367
2012-02-22,2461,1429244,16553116,11.4,11.75,11.3,11.6,0.2,410
2012-02-23,2461,1475623,17427917,11.8,12.05,11.65,11.65,0.05,467
2012-02-24,2461,2272184,26498201,11.7,11.85,11.25,11.55,-0.1,597
2012-02-29,2461,1030875,11853529,11.6,11.75,11.35,11.4,-0.15,276
2012-03-01,2461,766020,8786484,11.3,11.6,11.3,11.45,0.05,223
2012-03-02,2461,791518,9145557,11.5,11.65,11.45,11.55,0.1,234
2012-03-03,2461,970359,11230526,11.55,11.65,11.5,11.55,0.0,287
2012-03-05,2461,1028116,11797572,11.6,11.65,11.3,11.3,-0.25,275
2012-03-06,2461,1831887,20384344,11.35,11.35,11.0,11.2,-0.1,346
2012-03-07,2461,943227,10543511,11.0,11.4,10.9,11.4,0.2,232
2012-03-08,2461,1280024,14818570,11.6,11.65,11.45,11.65,0.25,347
2012-03-09,2461,1684508,19832592,11.8,11.9,11.65,11.8,0.15,397
2012-03-12,2461,1146500,13462271,11.9,11.95,11.65,11.8,0.0,251
2012-03-13,2461,712138,8394587,11.8,11.9,11.7,11.8,0.0,204
2012-03-14,2461,1587267,18903238,11.9,12.05,11.75,11.95,0.15,383
2012-03-15,2461,893472,10646264,11.95,12.0,11.85,11.95,0.0,213
2012-03-16,2461,2465066,29632576,11.95,12.15,11.85,11.9,-0.05,581
2012-03-19,2461,864505,10173158,11.9,11.9,11.65,11.85,-0.05,229
2012-03-20,2461,486500,5679150,11.8,11.85,11.6,11.7,-0.15,121
2012-03-21,2461,891380,10254969,11.55,11.7,11.3,11.65,-0.05,209
2012-03-22,2461,1969368,23094816,11.45,11.85,11.35,11.7,0.05,354
2012-03-23,2461,530145,6161928,11.6,11.7,11.5,11.7,0.0,161
2012-03-26,2461,311887,3616687,11.7,11.7,11.55,11.65,-0.05,94
2012-03-27,2461,278344,3221153,11.65,11.65,11.5,11.55,-0.1,80
2012-03-28,2461,593062,6879462,11.55,11.75,11.45,11.65,0.1,168
2012-03-29,2461,1730557,19680338,11.45,11.55,11.15,11.35,-0.3,303
2012-03-30,2461,861067,9777715,11.2,11.5,11.15,11.45,0.1,149
2012-04-02,2461,909250,10181348,11.3,11.4,11.1,11.3,-0.15,168
2012-04-03,2461,974004,10788694,11.3,11.3,10.9,11.05,-0.25,179
2012-04-05,2461,938100,10107000,10.65,11.05,10.35,11.05,0.0,193
2012-04-06,2461,323455,3592789,10.9,11.3,10.9,11.3,0.25,119
2012-04-09,2461,284192,3196496,11.0,11.4,11.0,11.3,0.0,88
2012-04-10,2461,1957081,22689308,11.2,11.8,11.2,11.4,0.1,292
2012-04-11,2461,369547,4162117,11.15,11.3,11.15,11.25,-0.15,127
2012-04-12,2461,220096,2497980,11.25,11.5,11.25,11.35,0.1,89
2012-04-13,2461,295041,3369157,11.4,11.5,11.3,11.3,-0.05,112
2012-04-16,2461,120773,1330907,11.3,11.3,10.9,11.0,-0.3,84
2012-04-17,2461,321291,3458427,11.0,11.0,10.6,10.6,-0.4,112
2012-04-18,2461,147502,1563518,10.6,10.7,10.45,10.45,-0.15,72
2012-04-19,2461,378006,3912311,10.45,10.5,10.2,10.25,-0.2,120
2012-04-20,2461,298297,3021820,10.25,10.3,10.0,10.0,-0.25,110
2012-04-23,2461,235335,2344259,10.0,10.1,9.86,9.86,-0.14,94
2012-04-24,2461,202000,2003460,9.8,10.0,9.8,9.95,0.09,61
2012-04-25,2461,71082,712665,10.0,10.1,10.0,10.0,0.05,38
2012-04-26,2461,185163,1840986,10.0,10.05,9.86,9.86,-0.14,55
2012-04-27,2461,253001,2510059,10.0,10.0,9.87,9.97,0.11,68
2012-04-30,2461,62000,616290,9.8,9.99,9.8,9.93,-0.04,29
2012-05-02,2461,395152,4036014,10.0,10.4,10.0,10.35,0.42,110
2012-05-03,2461,162265,1670402,10.35,10.4,10.25,10.3,-0.05,64
2012-05-04,2461,142246,1475345,10.25,10.5,10.25,10.35,0.05,55
2012-05-07,2461,142000,1453050,10.3,10.35,10.2,10.2,-0.15,46
2012-05-08,2461,155227,1597849,10.35,10.35,10.25,10.25,0.05,57
2012-05-09,2461,198080,2010873,10.2,10.25,10.1,10.2,-0.05,86
2012-05-10,2461,108900,1108887,10.2,10.25,10.15,10.2,0.0,41
2012-05-11,2461,170001,1721360,10.2,10.2,10.05,10.2,0.0,45
2012-05-14,2461,145002,1460120,10.05,10.2,10.0,10.0,-0.2,55
2012-05-15,2461,127003,1270870,10.0,10.15,9.91,10.15,0.15,60
2012-05-16,2461,142081,1417551,10.15,10.15,9.87,9.97,-0.18,46
2012-05-17,2461,94202,939179,10.0,10.0,9.91,9.97,0.0,42
2012-05-18,2461,141066,1381844,9.89,9.89,9.7,9.7,-0.27,62
2012-05-21,2461,140572,1373537,9.72,9.88,9.72,9.83,0.13,54
2012-05-22,2461,74595,735548,9.89,9.9,9.82,9.85,0.02,43
2012-05-23,2461,112002,1087298,9.82,9.84,9.68,9.71,-0.14,40
2012-05-24,2461,354000,3386690,9.52,9.7,9.5,9.7,-0.01,89
2012-05-25,2461,152000,1455920,9.72,9.72,9.5,9.5,-0.2,58
2012-05-28,2461,97493,928632,9.5,9.59,9.5,9.55,0.05,44
2012-05-29,2461,201181,1976920,9.63,9.9,9.6,9.89,0.34,84
2012-05-30,2461,109081,1067053,9.89,9.89,9.71,9.83,-0.06,48
2012-05-31,2461,67001,651529,9.8,9.8,9.65,9.8,-0.03,42
2012-06-01,2461,94009,912994,9.72,9.8,9.61,9.69,-0.11,49
2012-06-04,2461,390252,3623866,9.51,9.51,9.07,9.45,-0.24,173
2012-06-05,2461,132408,1255545,9.41,9.57,9.4,9.56,0.11,69
2012-06-06,2461,35002,334348,9.61,9.61,9.52,9.6,0.04,18
2012-06-07,2461,203001,1926819,9.64,9.64,9.4,9.52,-0.08,80
2012-06-08,2461,166004,1570766,9.48,9.52,9.4,9.52,0.0,92
2012-06-11,2461,236002,2271318,9.64,9.7,9.6,9.6,0.08,74
2012-06-12,2461,33000,315220,9.57,9.59,9.51,9.59,-0.01,20
2012-06-13,2461,56362,540739,9.56,9.64,9.56,9.6,0.01,43
2012-06-14,2461,85037,816936,9.6,9.67,9.56,9.58,-0.02,52
2012-06-15,2461,155081,1487893,9.58,9.66,9.53,9.64,0.06,73
2012-06-18,2461,233436,2286373,9.7,9.85,9.7,9.78,0.14,98
2012-06-19,2461,126033,1222639,9.75,9.76,9.65,9.65,-0.13,57
2012-06-20,2461,136047,1315976,9.7,9.75,9.65,9.66,0.01,58
2012-06-21,2461,94305,907926,9.66,9.68,9.57,9.67,0.01,52
2012-06-22,2461,1157199,11860129,9.81,10.3,9.81,10.3,0.63,376
2012-06-25,2461,2086883,21922442,10.35,10.7,10.35,10.35,0.05,746
2012-06-26,2461,537830,5474739,10.35,10.35,10.1,10.1,-0.25,198
2012-06-27,2461,232524,2371187,10.25,10.25,10.1,10.25,0.15,118
2012-06-28,2461,214068,2186190,10.3,10.3,10.1,10.25,0.0,119
2012-06-29,2461,240293,2448386,10.2,10.25,10.1,10.25,0.0,106
2012-07-02,2461,234001,2408360,10.25,10.4,10.15,10.4,0.15,82
2012-07-03,2461,232001,2409260,10.4,10.45,10.3,10.4,0.0,80
2012-07-04,2461,171946,1787592,10.4,10.45,10.35,10.4,0.0,70
2012-07-05,2461,173704,1794893,10.4,10.4,10.25,10.25,-0.15,77
2012-07-06,2461,163256,1671034,10.25,10.35,10.1,10.15,-0.1,61
2012-07-09,2461,380633,3949604,10.25,10.6,10.15,10.3,0.15,202
2012-07-10,2461,241715,2493655,10.5,10.5,10.2,10.2,-0.1,109
2012-07-11,2461,80627,827676,10.2,10.3,10.2,10.3,0.1,48
2012-07-12,2461,193113,1962952,10.2,10.3,10.1,10.1,-0.2,84
2012-07-13,2461,137000,1382250,10.1,10.25,10.05,10.05,-0.05,73
2012-07-16,2461,117245,1180200,10.3,10.3,10.05,10.05,0.0,47
2012-07-17,2461,130157,1310620,10.2,10.2,10.0,10.0,-0.05,63
2012-07-18,2461,180491,1807920,10.1,10.15,9.97,10.0,0.0,69
2012-07-19,2461,156000,1561150,10.1,10.1,9.97,10.0,0.0,60
2012-07-20,2461,221500,2254348,10.0,10.25,10.0,10.15,0.15,89
2012-07-23,2461,181040,1809852,10.1,10.15,9.91,10.0,-0.15,67
2012-07-24,2461,251000,2501360,9.95,10.0,9.93,10.0,0.0,70
2012-07-25,2461,159000,1585470,9.95,10.0,9.93,10.0,0.0,55
2012-07-26,2461,111000,1109490,10.0,10.05,9.96,10.0,0.0,42
2012-07-27,2461,140851,1420644,10.0,10.15,10.0,10.15,0.15,58
2012-07-30,2461,149230,1515684,10.15,10.25,10.1,10.15,0.0,43
2012-07-31,2461,199001,2030810,10.15,10.3,10.1,10.3,0.15,78
2012-08-01,2461,419326,4288674,10.3,10.3,10.1,10.3,0.0,111
2012-08-03,2461,562408,5882693,10.3,10.6,10.25,10.45,0.15,195
2012-08-06,2461,973933,10482286,10.6,10.9,10.6,10.75,0.3,298
2012-08-07,2461,914284,9949716,10.8,11.0,10.75,10.9,0.15,277
2012-08-08,2461,394514,4317623,10.9,11.1,10.8,10.95,0.05,133
2012-08-09,2461,376401,4099970,10.95,11.0,10.8,10.95,0.0,122
2012-08-10,2461,1836501,20732661,11.2,11.5,11.1,11.25,0.3,400
2012-08-13,2461,1364224,15587392,11.25,11.55,11.1,11.45,0.2,329
2012-08-14,2461,1201489,13850723,11.45,11.7,11.4,11.55,0.1,293
2012-08-15,2461,532888,6158805,11.6,11.65,11.45,11.6,0.05,156
2012-08-16,2461,891998,10342674,11.6,11.7,11.45,11.6,0.0,200
2012-08-17,2461,1038678,11999445,11.6,11.65,11.45,11.6,0.0,238
2012-08-20,2461,1208847,13981839,11.6,11.65,11.45,11.55,-0.05,246
2012-08-21,2461,740111,8515262,11.5,11.6,11.4,11.5,-0.05,171
2012-08-22,2461,752009,8447399,11.45,11.45,11.1,11.35,-0.15,214
2012-08-23,2461,414256,4608416,11.2,11.2,11.05,11.05,-0.3,155
2012-08-24,2461,548808,5983914,11.0,11.0,10.7,10.9,-0.15,150
2012-08-27,2461,560226,6163310,10.9,11.05,10.9,11.0,0.1,115
2012-08-28,2461,523229,5709443,11.0,11.05,10.7,10.85,-0.15,139
2012-08-29,2461,267102,2894154,10.8,10.9,10.8,10.85,0.0,76
2012-08-30,2461,292144,3198667,10.85,11.05,10.85,10.95,0.1,80
2012-08-31,2461,609437,6723832,10.9,11.15,10.9,10.95,0.0,139
2012-09-03,2461,568805,6349785,11.1,11.3,11.0,11.2,0.25,140
2012-09-04,2461,451002,5082772,11.25,11.35,11.2,11.25,0.05,113
2012-09-05,2461,314142,3521839,11.25,11.3,11.1,11.2,-0.05,88
2012-09-06,2461,403921,4553668,11.2,11.4,11.15,11.15,-0.05,96
2012-09-07,2461,391968,4448983,11.35,11.45,11.3,11.45,0.3,103
2012-09-10,2461,548975,6294455,11.5,11.6,11.3,11.55,0.1,155
2012-09-11,2461,1445772,17035329,12.0,12.0,11.7,11.8,0.25,385
2012-09-12,2461,764029,9033590,11.85,11.95,11.75,11.75,-0.05,232
2012-09-13,2461,530724,6227294,11.75,11.8,11.6,11.6,-0.15,147
2012-09-14,2461,592319,6965863,11.75,11.85,11.7,11.7,0.1,193
2012-09-17,2461,435602,5126289,11.75,11.8,11.7,11.75,0.05,132
2012-09-18,2461,453894,5350719,11.65,11.95,11.65,11.7,-0.05,152
2012-09-19,2461,412928,4801162,11.7,11.75,11.6,11.65,-0.05,116
2012-09-20,2461,354268,4141858,11.65,11.75,11.65,11.65,0.0,100
2012-09-21,2461,403326,4662098,11.8,11.8,11.4,11.5,-0.15,114
2012-09-24,2461,2932835,35638764,11.5,12.3,11.5,12.3,0.8,826
2012-09-25,2461,2972539,37067574,12.5,12.75,12.05,12.3,0.0,871
2012-09-26,2461,2529345,31372209,12.15,12.55,12.15,12.25,-0.05,474
2012-09-27,2461,1188442,14599686,12.15,12.4,12.15,12.3,0.05,573
2012-09-28,2461,1226327,15267936,12.35,12.6,12.3,12.4,0.1,316
2012-10-01,2461,541340,6624730,12.4,12.45,12.05,12.05,-0.35,190
2012-10-02,2461,640809,7703174,12.05,12.2,11.9,11.95,-0.1,224
2012-10-03,2461,686500,8273249,12.05,12.15,11.95,11.95,0.0,178
2012-10-04,2461,1698671,20258564,12.0,12.1,11.7,11.9,-0.05,377
2012-10-05,2461,721695,8507079,11.9,11.95,11.65,11.75,-0.15,218
2012-10-08,2461,389387,4555649,11.9,11.9,11.55,11.55,-0.2,119
2012-10-09,2461,637200,7342630,11.55,11.7,11.4,11.4,-0.15,149
2012-10-11,2461,1258250,14070823,11.3,11.35,10.9,11.2,-0.2,287
2012-10-12,2461,377001,4194161,11.15,11.25,11.05,11.1,-0.1,99
2012-10-15,2461,362817,3978121,11.1,11.1,10.9,10.95,-0.15,105
2012-10-16,2461,133542,1481374,11.0,11.2,11.0,11.2,0.25,62
2012-10-17,2461,267223,2966414,11.3,11.3,10.95,11.1,-0.1,87
2012-10-18,2461,182118,2004046,11.1,11.15,10.95,10.95,-0.15,73
2012-10-19,2461,293163,3198258,11.05,11.1,10.8,10.9,-0.05,88
2012-10-22,2461,169001,1833161,10.7,11.0,10.7,10.9,0.0,62
2012-10-23,2461,173000,1886600,10.8,11.0,10.8,10.95,0.05,61
2012-10-24,2461,202480,2209205,10.95,11.05,10.85,10.85,-0.1,74
2012-10-25,2461,262001,2834960,10.9,10.95,10.7,10.75,-0.1,71
2012-10-26,2461,941000,9856300,10.8,10.8,10.1,10.5,-0.25,218
2012-10-29,2461,461144,4949825,10.75,10.9,10.6,10.7,0.2,193
2012-10-30,2461,319986,3412349,10.55,10.85,10.55,10.75,0.05,108
2012-10-31,2461,296100,3162625,11.0,11.0,10.5,10.65,-0.1,91
2012-11-01,2461,611244,6559184,10.65,11.0,10.4,10.85,0.2,131
2012-11-02,2461,408002,4446220,10.95,11.1,10.8,10.85,0.0,83
2012-11-05,2461,186171,1997760,10.75,10.85,10.7,10.75,-0.1,44
2012-11-06,2461,202001,2182961,11.0,11.0,10.7,11.0,0.25,61
2012-11-07,2461,215163,2354976,11.0,11.0,10.9,10.95,-0.05,65
2012-11-08,2461,175514,1886673,10.85,10.85,10.65,10.75,-0.2,55
2012-11-09,2461,228616,2484901,10.65,11.0,10.65,10.85,0.1,82
2012-11-12,2461,704002,7898222,10.95,11.45,10.9,11.2,0.35,288
2012-11-13,2461,288848,3181939,11.1,11.1,10.9,11.0,-0.2,116
2012-11-14,2461,147408,1623738,11.0,11.05,10.95,11.05,0.05,69
2012-11-15,2461,143081,1565741,10.8,11.05,10.8,11.05,0.0,48
2012-11-16,2461,161100,1777650,11.05,11.25,10.9,10.9,-0.15,76
2012-11-19,2461,156817,1705691,10.95,10.95,10.8,10.85,-0.05,63
2012-11-20,2461,328244,3557909,10.9,10.95,10.75,10.75,-0.1,78
2012-11-21,2461,249081,2665458,10.75,10.85,10.65,10.65,-0.1,72
2012-11-22,2461,119220,1273031,10.7,10.8,10.6,10.6,-0.05,50
2012-11-23,2461,341616,3661078,10.6,10.8,10.6,10.7,0.1,117
2012-11-26,2461,274893,2985982,10.75,10.95,10.75,10.9,0.2,105
2012-11-27,2461,133024,1443909,10.9,10.9,10.8,10.8,-0.1,63
2012-11-28,2461,202946,2198864,10.85,10.9,10.8,10.85,0.05,84
2012-11-29,2461,327978,3607857,10.9,11.05,10.9,11.0,0.15,118
2012-11-30,2461,357827,3984378,11.1,11.2,11.05,11.2,0.2,162
2012-12-03,2461,367650,4132614,11.2,11.35,11.15,11.15,-0.05,182
2012-12-04,2461,276350,3083202,11.2,11.25,11.05,11.15,0.0,117
2012-12-05,2461,1721950,20008710,11.25,11.85,11.25,11.65,0.5,526
2012-12-06,2461,772940,8875073,11.6,11.7,11.35,11.35,-0.3,245
2012-12-07,2461,801203,9171214,11.5,11.6,11.25,11.5,0.15,214
2012-12-10,2461,1293635,15106131,11.5,11.8,11.45,11.65,0.15,422
2012-12-11,2461,573143,6538087,11.8,11.8,11.3,11.5,-0.15,242
2012-12-12,2461,413213,4760109,11.55,11.65,11.45,11.45,-0.05,138
2012-12-13,2461,675081,7745931,11.5,11.6,11.4,11.6,0.15,196
2012-12-14,2461,611098,7066726,11.5,11.6,11.5,11.55,-0.05,190
2012-12-17,2461,4175912,50035200,11.7,12.1,11.7,12.0,0.45,1084
2012-12-18,2461,852900,10161467,12.0,12.05,11.8,11.9,-0.1,271
2012-12-19,2461,582091,6922973,12.0,12.0,11.8,11.9,0.0,203
2012-12-20,2461,837091,9878114,11.9,11.95,11.7,11.7,-0.2,239
2012-12-21,2461,545000,6413400,11.7,12.0,11.65,11.8,0.1,187
2012-12-22,2461,353685,4180711,11.85,11.95,11.75,11.8,0.0,119
2012-12-24,2461,410797,4837124,11.75,11.85,11.7,11.8,0.0,90
2012-12-25,2461,467314,5539768,11.95,11.95,11.75,11.9,0.1,131
2012-12-26,2461,325182,3875734,11.9,12.0,11.85,11.9,0.0,127
2012-12-27,2461,405700,4837943,11.95,12.0,11.85,11.85,-0.05,124
2012-12-28,2461,471276,5601692,11.9,11.95,11.85,11.85,0.0,136
2013-01-02,2461,417694,5005578,11.95,12.1,11.85,12.0,0.15,168
2013-01-03,2461,771638,9293872,12.1,12.15,11.95,11.95,-0.05,175
2013-01-04,2461,355363,4240300,11.95,12.0,11.9,11.9,-0.05,103
2013-01-07,2461,456132,5468518,12.0,12.05,11.9,12.0,0.1,139
2013-01-08,2461,496608,5880964,12.0,12.0,11.75,11.85,-0.15,159
2013-01-09,2461,419503,4958555,11.9,11.9,11.8,11.85,0.0,142
2013-01-10,2461,540481,6375950,11.85,11.9,11.65,11.75,-0.1,160
2013-01-11,2461,560533,6654015,11.8,11.95,11.8,11.95,0.2,131
2013-01-14,2461,234300,2769539,11.95,11.95,11.7,11.9,-0.05,82
2013-01-15,2461,6146957,77535799,12.0,12.7,11.95,12.7,0.8,1408
2013-01-16,2461,1970439,24672495,12.75,12.75,12.35,12.4,-0.3,623
2013-01-17,2461,2255495,27199112,12.45,12.55,11.6,11.95,-0.45,619
2013-01-18,2461,776302,9445988,12.05,12.3,12.0,12.1,0.15,263
2013-01-21,2461,1299450,16133696,12.35,12.55,12.25,12.45,0.35,389
2013-01-22,2461,1345254,16815722,12.6,12.6,12.35,12.4,-0.05,403
2013-01-23,2461,1879516,23308094,12.55,12.6,12.25,12.3,-0.1,355
2013-01-24,2461,6300146,80725965,12.5,13.1,12.25,12.7,0.4,1600
2013-01-25,2461,2431918,30877511,12.75,12.85,12.55,12.7,0.0,729
2013-01-28,2461,6180852,81754459,12.8,13.45,12.8,13.2,0.5,1637
2013-01-29,2461,3070637,40647269,13.4,13.55,13.0,13.25,0.05,1044
2013-01-30,2461,2569011,33694192,13.45,13.5,12.95,13.05,-0.2,789
2013-01-31,2461,1479179,19130679,13.0,13.15,12.8,12.8,-0.25,516
2013-02-01,2461,1268413,16287213,12.7,13.0,12.7,12.8,0.0,452
2013-02-04,2461,1280074,16230728,13.0,13.0,12.55,12.6,-0.2,410
2013-02-05,2461,590316,7471361,12.5,12.75,12.5,12.65,0.05,245
2013-02-06,2461,901245,11393272,12.65,12.75,12.6,12.6,-0.05,281
2013-02-18,2461,2332787,30668907,12.95,13.45,12.9,13.15,0.55,625
2013-02-19,2461,1680077,21925789,13.25,13.35,12.85,12.95,-0.2,490
2013-02-20,2461,1183748,15250558,13.0,13.1,12.8,12.85,-0.1,388
2013-02-21,2461,708993,9097908,12.85,12.95,12.7,12.9,0.05,242
2013-02-22,2461,838597,10794447,12.9,13.0,12.8,12.9,0.0,226
2013-02-23,2461,1063956,13817579,12.9,13.1,12.85,12.95,0.05,337
2013-02-25,2461,995655,13022343,13.0,13.2,13.0,13.05,0.1,311
2013-02-26,2461,836134,10754028,12.9,13.0,12.8,12.8,-0.25,265
2013-02-27,2461,837137,10785102,12.8,13.05,12.75,12.85,0.05,225
2013-03-01,2461,700449,9033562,12.95,13.05,12.75,12.9,0.05,242
2013-03-04,2461,705412,9067269,13.05,13.05,12.8,12.85,-0.05,196
2013-03-05,2461,838815,10799828,12.85,12.95,12.8,12.85,0.0,210
2013-03-06,2461,650163,8396534,12.9,13.0,12.85,12.9,0.05,200
2013-03-07,2461,594791,7707854,12.85,13.05,12.85,12.9,0.0,205
2013-03-08,2461,5129119,69577488,13.0,13.8,13.0,13.8,0.9,1310
2013-03-11,2461,6499817,91631355,14.25,14.3,13.85,13.9,0.1,1743
2013-03-12,2461,1882040,26107800,14.0,14.1,13.75,13.8,-0.1,527
2013-03-13,2461,1491530,20531807,13.8,13.95,13.6,13.7,-0.1,465
2013-03-14,2461,1975393,27525459,13.7,14.15,13.7,13.75,0.05,605
2013-03-15,2461,1593850,21682290,13.75,14.0,13.4,13.45,-0.3,472
2013-03-18,2461,1394163,18724799,13.35,13.6,13.25,13.3,-0.15,362
2013-03-19,2461,902505,12025039,13.35,13.45,13.25,13.3,0.0,284
2013-03-20,2461,518052,6944489,13.3,13.5,13.3,13.4,0.1,172
2013-03-21,2461,422133,5675931,13.45,13.6,13.35,13.5,0.1,159
2013-03-22,2461,1144655,15757954,13.5,13.95,13.5,13.8,0.3,419
2013-03-25,2461,3273639,45708425,13.9,14.15,13.65,13.9,0.1,880
2013-03-26,2461,877122,12124408,13.9,13.95,13.75,13.9,0.0,270
2013-03-27,2461,529185,7317462,13.9,14.0,13.75,13.75,-0.15,229
2013-03-28,2461,397083,5490559,13.9,13.9,13.75,13.8,0.05,179
2013-03-29,2461,1238836,17395734,13.9,14.2,13.85,14.0,0.2,426
2013-04-01,2461,535500,7405786,14.0,14.0,13.7,13.7,-0.3,255
2013-04-02,2461,755103,10344675,13.7,13.85,13.6,13.65,-0.05,275
2013-04-03,2461,706523,9713124,13.7,13.85,13.65,13.75,0.1,270
2013-04-08,2461,1025681,13663787,13.6,13.6,13.2,13.3,-0.45,439
2013-04-09,2461,758307,10180900,13.15,13.55,13.15,13.5,0.2,283
2013-04-10,2461,3428754,48405274,13.6,14.4,13.6,14.2,0.7,1010
2013-04-11,2461,7475538,111882493,14.3,15.15,14.1,15.15,0.95,1544
2013-04-12,2461,10894764,169406872,15.2,15.85,15.2,15.5,0.35,2546
2013-04-15,2461,9986786,162753993,15.6,16.55,15.6,16.55,1.05,2487
2013-04-16,2461,8380251,139601612,16.55,17.0,16.3,16.6,0.05,2503
2013-04-17,2461,4836104,79979064,16.65,16.7,16.4,16.6,0.0,1179
2013-04-18,2461,11541411,199749090,16.55,17.75,16.45,17.75,1.15,3111
2013-04-19,2461,6513898,115847258,17.75,18.15,17.5,17.6,-0.15,2132
2013-04-22,2461,5399754,96621927,17.4,18.3,17.35,18.2,0.6,1477
2013-04-23,2461,8592538,161303541,18.2,19.15,18.0,18.4,0.2,2975
2013-04-24,2461,11259863,213292413,18.7,19.65,18.2,19.65,1.25,2873
2013-04-25,2461,15824855,311767506,19.6,20.7,18.5,19.0,-0.65,4875
2013-04-26,2461,4949860,93806826,19.05,19.2,18.6,18.65,-0.35,1615
2013-04-29,2461,4075601,76211604,18.9,19.15,18.35,18.4,-0.25,1373
2013-04-30,2461,8284002,157985335,18.85,19.4,18.5,19.2,0.8,2189
2013-05-02,2461,4975919,97978869,19.35,19.9,19.25,19.6,0.4,1697
2013-05-03,2461,2946602,58041712,19.8,19.95,19.45,19.6,0.0,979
2013-05-06,2461,2860342,55154514,19.8,19.85,19.05,19.1,-0.5,889
2013-05-07,2461,1963567,37725050,19.1,19.35,19.1,19.15,0.05,599
2013-05-08,2461,11003868,221543090,19.35,20.45,19.2,20.45,1.3,3031
2013-05-09,2461,22755584,488103199,20.95,21.85,20.7,21.85,1.4,6461
2013-05-10,2461,12608361,273505860,22.3,22.35,21.0,21.75,-0.1,3841
2013-05-13,2461,6507550,136081760,21.7,21.7,20.25,20.3,-1.45,2333
2013-05-14,2461,6601245,137658619,20.4,21.1,20.4,20.8,0.5,2299
2013-05-15,2461,7212851,149235111,21.0,21.3,19.95,21.05,0.25,2300
2013-05-16,2461,4645473,97769013,21.25,21.45,20.7,20.7,-0.35,1566
2013-05-17,2461,4306900,89920870,20.7,21.25,20.4,20.95,0.25,1471
2013-05-20,2461,8190160,177665585,20.95,22.35,20.8,21.85,0.9,2680
2013-05-21,2461,5640302,121217728,21.85,21.9,21.1,21.3,-0.55,1546
2013-05-22,2461,3629576,77469707,21.4,21.6,21.15,21.3,0.0,1417
2013-05-23,2461,6017378,121502200,21.15,21.35,19.85,19.85,-1.45,2061
2013-05-24,2461,3719234,73559346,19.85,20.15,19.45,19.75,-0.1,1428
2013-05-27,2461,2119818,42528176,19.85,20.25,19.85,20.0,0.25,949
2013-05-28,2461,2134193,42076959,20.1,20.1,19.55,19.75,-0.25,830
2013-05-29,2461,3232428,65170287,19.8,20.4,19.75,20.4,0.65,1166
2013-05-30,2461,6040674,125642435,20.35,21.25,20.15,21.15,0.75,2006
2013-05-31,2461,6837677,148658023,21.5,21.95,21.5,21.8,0.65,2089
2013-06-03,2461,3445888,75330590,21.6,22.25,21.5,21.65,-0.15,1254
2013-06-04,2461,2439061,51953842,21.7,21.7,21.1,21.15,-0.5,893
2013-06-05,2461,2174725,46459286,21.15,21.6,21.1,21.25,0.1,788
2013-06-06,2461,2716029,55927440,21.2,21.2,20.25,20.4,-0.85,848
2013-06-07,2461,2901899,57786488,20.5,20.6,19.5,19.5,-0.9,949
2013-06-10,2461,1254321,24853971,19.75,20.0,19.5,19.7,0.2,523
2013-06-11,2461,1319081,26133403,19.7,20.0,19.65,19.8,0.1,477
2013-06-13,2461,1144408,22266573,19.6,19.7,19.2,19.3,-0.5,385
2013-06-14,2461,1893039,35554467,19.05,19.35,18.5,18.5,-0.8,692
2013-06-17,2461,2203164,41284715,18.5,18.95,18.3,18.8,0.3,728
2013-06-18,2461,1776817,32942277,18.8,18.85,18.35,18.8,0.0,727
2013-06-19,2461,4482980,86418559,19.0,19.65,18.8,19.0,0.2,1449
2013-06-20,2461,1472779,27458220,18.75,18.9,18.4,18.55,-0.45,597
2013-06-21,2461,1246154,22778026,18.0,18.55,17.8,18.55,0.0,482
2013-06-24,2461,1640086,29813648,18.5,18.6,17.85,17.9,-0.65,555
2013-06-25,2461,1781055,31032838,17.9,17.95,17.15,17.25,-0.65,676
2013-06-26,2461,975624,17151785,17.7,17.8,17.45,17.55,0.3,368
2013-06-27,2461,2060404,36937799,17.85,18.1,17.75,17.8,0.25,718
2013-06-28,2461,1447315,25819206,17.9,18.0,17.7,17.8,0.0,429
2013-07-01,2461,1842366,33403800,17.8,18.4,17.8,18.3,0.5,676
2013-07-02,2461,2638227,49091869,18.45,18.8,18.4,18.7,0.4,940
2013-07-03,2461,1574495,29249507,18.6,18.75,18.4,18.45,-0.25,607
2013-07-04,2461,3508382,65174086,18.3,19.0,18.1,18.95,0.5,898
2013-07-05,2461,9991201,189843906,19.1,19.35,18.6,18.95,0.0,1780
2013-07-08,2461,4449500,83843725,18.95,19.1,18.25,18.95,0.0,807
2013-07-09,2461,8471002,160266386,19.0,19.1,18.4,18.5,-0.45,1494
2013-07-10,2461,2607327,47050135,18.5,18.65,17.55,17.6,-0.9,995
2013-07-11,2461,3637200,63521610,17.7,17.95,17.15,17.4,-0.2,1086
2013-07-12,2461,1151000,20136850,17.4,17.7,17.4,17.45,0.05,427
2013-07-15,2461,1276252,22636144,17.45,17.9,17.45,17.75,0.3,447
2013-07-16,2461,2143475,38916021,17.85,18.45,17.75,18.05,0.3,792
2013-07-17,2461,2696001,48614516,17.8,18.3,17.7,17.9,0.0,885
2013-07-18,2461,2030000,36332550,18.05,18.1,17.75,17.8,-0.1,592
2013-07-19,2461,735500,13087649,17.85,17.95,17.7,17.75,-0.05,282
2013-07-22,2461,975090,17378791,17.8,18.0,17.7,17.8,0.05,404
2013-07-23,2461,1757634,31681097,17.8,18.2,17.8,18.0,0.2,608
2013-07-24,2461,949061,17057439,18.0,18.15,17.8,18.0,0.0,315
2013-07-25,2461,712095,12746589,18.0,18.0,17.8,17.9,-0.1,310
2013-07-26,2461,1244188,22446552,17.95,18.25,17.9,17.95,0.05,456
2013-07-29,2461,1027043,18664066,18.1,18.35,18.05,18.05,0.1,341
2013-07-30,2461,574287,10350200,18.15,18.15,17.9,18.05,0.0,225
2013-07-31,2461,633217,11381690,18.15,18.15,17.8,17.8,-0.25,241
2013-08-01,2461,791501,13983566,17.8,17.85,17.5,17.65,-0.15,288
2013-08-02,2461,806501,14351568,17.8,17.9,17.65,17.8,0.15,266
2013-08-05,2461,3095866,56091838,18.0,18.35,17.85,18.05,0.25,869
2013-08-06,2461,1256002,22428484,17.9,18.05,17.7,17.7,-0.35,432
2013-08-07,2461,1049165,18500294,17.7,17.85,17.45,17.55,-0.15,353
2013-08-08,2461,619274,10854357,17.55,17.65,17.4,17.5,-0.05,254
2013-08-09,2461,859245,15166485,17.55,17.85,17.45,17.5,0.0,312
2013-08-12,2461,2290502,38254334,17.45,17.45,16.4,16.6,-0.9,769
2013-08-13,2461,1710983,27833871,16.6,16.6,16.1,16.2,-0.4,619
2013-08-14,2461,5220469,81270051,16.2,16.4,15.1,15.15,-1.05,1605
2013-08-15,2461,2690868,40695898,15.15,15.3,14.9,15.15,0.0,857
2013-08-16,2461,1180375,17949997,15.0,15.35,15.0,15.3,0.15,389
2013-08-19,2461,912982,13818327,15.4,15.4,15.0,15.1,-0.2,361
2013-08-20,2461,1368592,20576658,15.1,15.35,14.75,14.8,-0.3,494
2013-08-22,2461,1569380,23429350,14.7,15.1,14.7,14.95,0.15,630
2013-08-23,2461,1039806,15670040,15.1,15.15,14.95,15.0,0.05,354
2013-08-26,2461,895406,13341627,15.1,15.1,14.8,14.9,-0.1,379
2013-08-27,2461,936000,13973050,14.85,15.1,14.8,14.85,-0.05,335
2013-08-28,2461,647000,9497300,14.8,14.8,14.55,14.75,-0.1,372
2013-08-29,2461,1335899,19819692,14.75,14.9,14.7,14.85,0.1,539
2013-08-30,2461,1967844,29653369,14.9,15.25,14.85,15.2,0.35,728
2013-09-02,2461,1198452,18249490,15.2,15.35,15.15,15.25,0.05,398
2013-09-03,2461,1126668,17286519,15.3,15.45,15.2,15.4,0.15,489
2013-09-04,2461,880233,13486928,15.4,15.45,15.2,15.2,-0.2,320
2013-09-05,2461,3683386,58757270,15.25,16.25,15.25,16.25,1.05,1294
2013-09-06,2461,3789100,61912027,16.2,16.55,16.1,16.25,0.0,1303
2013-09-09,2461,1798021,28529383,16.3,16.35,15.6,15.65,-0.6,650
2013-09-10,2461,2990631,47716419,15.7,16.15,15.7,15.85,0.2,1038
2013-09-11,2461,1414000,22532850,15.85,16.1,15.75,16.05,0.2,466
2013-09-12,2461,1413070,22820270,16.05,16.3,15.95,16.15,0.1,767
2013-09-13,2461,3013083,49954971,16.15,16.8,16.15,16.5,0.35,1051
2013-09-14,2461,3871511,65643837,16.65,17.3,16.55,17.05,0.55,1436
2013-09-16,2461,2541123,42881222,17.2,17.2,16.7,16.9,-0.15,827
2013-09-17,2461,3247351,55547934,17.0,17.4,16.9,17.0,0.1,978
2013-09-18,2461,2958460,49416030,17.2,17.2,16.5,16.65,-0.35,923
2013-09-23,2461,2441453,41616100,17.0,17.2,16.9,17.0,0.35,858
2013-09-24,2461,1482217,25023683,16.85,17.1,16.75,16.75,-0.25,531
2013-09-25,2461,2607234,44550901,16.9,17.25,16.8,17.0,0.25,851
2013-09-26,2461,846245,14261139,17.1,17.1,16.7,16.7,-0.3,391
2013-09-27,2461,2326496,39614606,16.85,17.15,16.85,16.9,0.2,728
2013-09-30,2461,4022000,69280600,16.9,17.5,16.7,17.35,0.45,1194
2013-10-01,2461,2237005,38621089,17.45,17.45,17.1,17.1,-0.25,768
2013-10-02,2461,1759025,30106529,17.1,17.25,17.0,17.1,0.0,522
2013-10-03,2461,1773197,30458184,17.2,17.3,17.0,17.0,-0.1,494
2013-10-04,2461,964582,16466759,17.1,17.2,17.0,17.0,0.0,333
2013-10-07,2461,1294183,22053847,17.05,17.15,16.9,16.95,-0.05,361
2013-10-08,2461,1147290,19201306,16.95,16.95,16.55,16.6,-0.35,407
2013-10-09,2461,1661245,27662001,16.6,16.9,16.4,16.75,0.15,512
2013-10-11,2461,490203,8199354,16.95,16.95,16.6,16.6,-0.15,241
2013-10-14,2461,1354390,22292782,16.7,16.7,16.35,16.6,0.0,334
2013-10-15,2461,733214,12200800,16.75,16.8,16.55,16.7,0.1,236
2013-10-16,2461,786174,13113448,16.7,16.75,16.55,16.7,0.0,232
2013-10-17,2461,3527819,60403684,16.7,17.35,16.7,17.1,0.4,1085
2013-10-18,2461,1642326,28050306,17.15,17.2,17.0,17.1,0.0,478
2013-10-21,2461,1404002,24204636,17.2,17.4,17.1,17.1,0.0,465
2013-10-22,2461,3677950,64177077,17.1,17.6,17.0,17.35,0.25,1181
2013-10-23,2461,1220000,21029800,17.35,17.45,17.1,17.15,-0.2,387
2013-10-24,2461,1293100,21987259,17.15,17.15,16.9,16.95,-0.2,412
2013-10-25,2461,1066854,18110731,16.95,17.1,16.85,16.9,-0.05,306
2013-10-28,2461,880049,14838217,16.9,17.05,16.65,16.85,-0.05,268
2013-10-29,2461,728642,12377231,16.8,17.1,16.8,17.05,0.2,243
2013-10-30,2461,520437,8864806,17.05,17.15,16.95,17.0,-0.05,158
2013-10-31,2461,589240,10022006,17.0,17.1,16.95,16.95,-0.05,176
2013-11-01,2461,1186000,20163400,16.95,17.3,16.7,16.85,-0.1,394
2013-11-04,2461,2718320,46579758,16.9,17.3,16.9,16.95,0.1,817
2013-11-05,2461,632000,10693950,16.9,17.1,16.85,16.9,-0.05,271
2013-11-06,2461,957829,16034384,16.9,17.0,16.65,16.65,-0.25,353
2013-11-07,2461,777000,12940650,16.65,16.8,16.6,16.6,-0.05,220
2013-11-08,2461,816198,13405375,16.5,16.6,16.3,16.3,-0.3,261
2013-11-11,2461,1131250,18400062,16.3,16.45,16.15,16.2,-0.1,347
2013-11-12,2461,1292245,20741081,16.2,16.3,15.7,16.1,-0.1,388
2013-11-13,2461,407919,6506660,16.0,16.1,15.85,15.9,-0.2,138
2013-11-14,2461,717002,11495432,16.0,16.15,15.9,16.05,0.15,251
2013-11-15,2461,1093677,17680767,16.1,16.35,16.0,16.25,0.2,316
2013-11-18,2461,742530,12101835,16.3,16.5,16.1,16.3,0.05,239
2013-11-19,2461,394543,6460549,16.35,16.45,16.25,16.35,0.05,193
2013-11-20,2461,573822,9385506,16.3,16.45,16.3,16.3,-0.05,176
2013-11-21,2461,401000,6482200,16.2,16.3,16.05,16.2,-0.1,129
2013-11-22,2461,290000,4677700,16.2,16.3,16.05,16.2,0.0,142
2013-11-25,2461,341001,5524116,16.2,16.35,16.1,16.25,0.05,145
2013-11-26,2461,547000,8957550,16.25,16.5,16.15,16.45,0.2,223
2013-11-27,2461,680230,11284767,16.5,16.75,16.35,16.65,0.2,326
2013-11-28,2461,1088163,18373121,16.7,17.05,16.65,16.95,0.3,532
2013-11-29,2461,1204000,20404400,17.0,17.1,16.75,17.1,0.15,352
2013-12-02,2461,951159,16058970,17.1,17.1,16.75,16.9,-0.2,253
2013-12-03,2461,949163,15857754,16.8,16.85,16.65,16.65,-0.25,306
2013-12-04,2461,629898,10498504,16.65,16.75,16.6,16.6,-0.05,222
2013-12-05,2461,325489,5436091,16.7,16.8,16.65,16.7,0.1,139
2013-12-06,2461,691000,11649850,16.7,16.95,16.7,16.9,0.2,275
2013-12-09,2461,17476128,313894905,17.0,18.05,17.0,18.05,1.15,2803
2013-12-10,2461,10202062,181758251,18.1,18.1,17.4,17.95,-0.1,2577
2013-12-11,2461,3276538,57823467,17.85,17.9,17.5,17.75,-0.2,993
2013-12-12,2461,4005726,71232656,17.7,18.0,17.5,18.0,0.25,973
2013-12-13,2461,5139936,92535483,18.0,18.4,17.6,17.8,-0.2,2358
2013-12-16,2461,4498966,80098048,17.8,18.0,17.6,17.6,-0.2,1195
2013-12-17,2461,1919436,33715380,17.7,17.75,17.45,17.5,-0.1,502
2013-12-18,2461,2214256,38355963,17.5,17.55,17.2,17.3,-0.2,698
2013-12-19,2461,1271665,22029120,17.45,17.5,17.2,17.25,-0.05,412
2013-12-20,2461,1100565,19109678,17.25,17.45,17.25,17.35,0.1,340
2013-12-23,2461,1596001,27707667,17.4,17.55,17.2,17.2,-0.15,452
2013-12-24,2461,1529641,26526766,17.3,17.5,17.15,17.45,0.25,437
2013-12-25,2461,948325,16451421,17.5,17.5,17.25,17.35,-0.1,403
2013-12-26,2461,6624817,117452200,17.35,18.05,17.15,17.8,0.45,1813
2013-12-27,2461,3448081,61678983,17.9,18.05,17.7,17.7,-0.1,916
2013-12-30,2461,1436178,25430316,17.8,17.85,17.6,17.6,-0.1,433
2013-12-31,2461,1500000,26585400,17.65,17.8,17.65,17.65,0.05,418
2014-01-02,2461,1927687,34146862,17.65,17.85,17.6,17.8,0.15,531
2014-01-03,2461,2476735,44486056,17.85,18.15,17.8,17.8,0.0,677
2014-01-06,2461,1214000,21614550,17.8,17.95,17.7,17.7,-0.1,335
2014-01-07,2461,4442000,79978350,17.7,18.2,17.7,18.1,0.4,1098
2014-01-08,2461,21846677,410414491,18.1,19.25,18.1,18.8,0.7,4651
2014-01-09,2461,20863191,399662764,18.8,19.8,17.9,18.35,-0.45,4998
2014-01-10,2461,14278240,276646947,18.95,19.6,18.8,19.6,1.25,3058
2014-01-13,2461,12468791,246366621,20.0,20.2,19.1,19.55,-0.05,3404
2014-01-14,2461,15658516,311409288,19.8,20.25,19.5,19.6,0.05,4168
2014-01-15,2461,14339870,291742924,20.2,20.65,19.95,20.55,0.95,4255
2014-01-16,2461,7774121,156830620,20.45,20.55,19.9,20.1,-0.45,2232
2014-01-17,2461,5329157,104654182,20.0,20.0,19.25,19.7,-0.4,1716
2014-01-20,2461,4745390,94122100,19.8,20.2,19.45,20.1,0.4,1398
2014-01-21,2461,4384951,87847572,20.3,20.35,19.75,19.9,-0.2,1353
2014-01-22,2461,4334731,84696319,19.9,20.0,19.15,19.3,-0.6,1362
2014-01-23,2461,3307030,63954472,19.4,19.65,19.1,19.1,-0.2,918
2014-01-24,2461,2578789,48911479,19.0,19.25,18.7,18.8,-0.3,954
2014-01-27,2461,3013658,55174607,18.4,18.55,18.1,18.2,-0.6,1062
2014-02-05,2461,1589081,29028214,17.85,18.7,17.85,18.6,0.4,613
2014-02-06,2461,2140365,40269369,18.6,19.0,18.6,18.65,0.05,1017
2014-02-07,2461,1976150,37502928,19.0,19.25,18.75,19.0,0.35,807
2014-02-10,2461,2100219,39287453,19.15,19.2,18.35,18.4,-0.6,778
2014-02-11,2461,2051723,37462341,18.4,18.45,18.1,18.3,-0.1,614
2014-02-12,2461,1542750,28437671,18.45,18.65,18.3,18.4,0.1,555
2014-02-13,2461,1580976,28806162,18.5,18.5,18.15,18.15,-0.25,585
2014-02-14,2461,3272669,58912967,18.25,18.4,17.6,17.75,-0.4,1140
2014-02-17,2461,1611007,28681119,17.8,18.0,17.7,17.75,0.0,570
2014-02-18,2461,2278913,40622184,17.8,18.15,17.65,18.1,0.35,733
2014-02-19,2461,1248757,22474845,18.1,18.1,17.95,17.95,-0.15,424
2014-02-20,2461,3173357,57816777,17.95,18.4,17.9,18.15,0.2,997
2014-02-21,2461,5757040,106900545,18.3,18.9,18.2,18.85,0.7,1656
2014-02-24,2461,2104933,39031859,18.85,18.85,18.4,18.4,-0.45,823
2014-02-25,2461,2084058,38404664,18.6,18.6,18.3,18.3,-0.1,781
2014-02-26,2461,1709081,31298525,18.3,18.55,18.15,18.25,-0.05,600
2014-02-27,2461,1330010,24300730,18.35,18.45,18.15,18.15,-0.1,562
2014-03-03,2461,2750267,49692717,18.15,18.3,17.8,18.15,0.0,733
2014-03-04,2461,1178088,21469496,18.15,18.35,18.1,18.25,0.1,407
2014-03-05,2461,9793104,185483064,18.4,19.3,18.4,19.0,0.75,2899
2014-03-06,2461,7116337,136544592,19.0,19.5,18.8,18.9,-0.1,2073
2014-03-07,2461,4112887,76703173,18.95,19.15,18.2,18.35,-0.55,1508
2014-03-10,2461,1139697,20932929,18.45,18.5,18.25,18.4,0.05,453
2014-03-11,2461,1654345,30431741,18.4,18.6,18.2,18.6,0.2,596
2014-03-12,2461,752500,13902894,18.55,18.6,18.4,18.4,-0.2,295
2014-03-13,2461,4640565,87281521,18.5,19.0,18.5,19.0,0.6,1364
2014-03-14,2461,6611184,127065323,19.8,19.8,18.6,18.7,-0.3,1961
2014-03-17,2461,1700302,31708776,18.7,18.8,18.55,18.55,-0.15,515
2014-03-18,2461,1899002,35512584,18.7,18.9,18.55,18.75,0.2,545
2014-03-19,2461,1901531,35193614,18.8,18.85,18.3,18.35,-0.4,601
2014-03-20,2461,1309207,23727765,18.3,18.3,18.0,18.05,-0.3,462
2014-03-21,2461,1870324,33510789,18.2,18.2,17.8,17.8,-0.25,703
2014-03-24,2461,4597205,77375195,17.7,17.75,16.6,16.95,-0.85,1599
2014-03-25,2461,3089350,52822967,17.1,17.25,16.9,17.2,0.25,1044
2014-03-26,2461,1066711,18417267,17.3,17.35,17.1,17.35,0.15,434
2014-03-27,2461,1011000,17449450,17.4,17.4,17.2,17.2,-0.15,358
2014-03-28,2461,2001000,34045550,17.2,17.3,16.75,16.75,-0.45,720
2014-03-31,2461,875573,14916451,16.8,17.2,16.75,17.1,0.35,527
2014-04-01,2461,712883,12237187,17.2,17.25,17.1,17.2,0.1,456
2014-04-02,2461,812900,13990756,17.3,17.35,17.15,17.2,0.0,384
2014-04-03,2461,809326,13865739,17.3,17.3,17.0,17.2,0.0,413
2014-04-07,2461,583866,9960109,17.1,17.15,17.0,17.1,-0.1,348
2014-04-08,2461,842564,14438388,17.1,17.2,17.05,17.15,0.05,334
2014-04-09,2461,2126858,36995030,17.15,17.5,17.15,17.35,0.2,788
2014-04-10,2461,2931179,51491741,17.45,17.75,17.2,17.6,0.25,1094
2014-04-11,2461,3237164,56936333,17.75,17.75,17.35,17.45,-0.15,1110
2014-04-14,2461,4980970,82150263,17.6,17.6,16.25,16.25,-1.2,1579
2014-04-15,2461,1512163,24620068,16.35,16.4,16.05,16.4,0.15,705
2014-04-16,2461,872168,14399356,16.4,16.6,16.3,16.6,0.2,547
2014-04-17,2461,1631012,26947392,16.6,16.7,16.4,16.55,-0.05,669
2014-04-18,2461,1114001,18311867,16.6,16.7,16.35,16.4,-0.15,454
2014-04-21,2461,880668,14388201,16.3,16.45,16.25,16.25,-0.15,341
2014-04-22,2461,5434343,91729050,16.3,17.25,16.25,17.1,0.85,2038
2014-04-23,2461,2743500,46766798,17.1,17.25,16.8,16.9,-0.2,1082
2014-04-24,2461,1177001,19772766,16.9,17.1,16.6,16.6,-0.3,584
2014-04-25,2461,3168245,51218692,16.6,16.8,15.7,16.5,-0.1,995
2014-04-28,2461,1479100,23983988,15.95,16.4,15.95,16.2,-0.3,713
2014-04-29,2461,1057916,17349329,16.2,16.5,16.2,16.3,0.1,494
2014-04-30,2461,987201,15961465,16.3,16.35,16.05,16.15,-0.15,389
2014-05-02,2461,3011700,49227981,16.25,16.5,16.2,16.35,0.2,986
2014-05-05,2461,612299,9982105,16.45,16.45,16.25,16.3,-0.05,330
2014-05-06,2461,751409,12227944,16.3,16.4,16.2,16.3,0.0,306
2014-05-07,2461,3957979,66152697,16.3,16.9,16.3,16.65,0.35,1388
2014-05-08,2461,1794026,29957973,16.85,16.95,16.55,16.8,0.15,509
2014-05-09,2461,3307310,56538336,17.15,17.3,16.9,17.0,0.2,923
2014-05-12,2461,1156611,19528748,17.05,17.15,16.75,16.85,-0.15,335
2014-05-13,2461,1572173,26498447,16.85,17.1,16.65,16.7,-0.15,423
2014-05-14,2461,1945001,32391266,16.65,16.95,16.4,16.5,-0.2,495
2014-05-15,2461,1954794,31968988,16.2,16.65,16.15,16.65,0.15,583
2014-05-16,2461,1399294,23345380,16.5,16.85,16.5,16.75,0.1,477
2014-05-19,2461,543215,9008556,16.7,16.7,16.55,16.55,-0.2,232
2014-05-20,2461,1130992,18916057,16.55,16.85,16.55,16.65,0.1,309
2014-05-21,2461,2084004,35051415,16.65,17.0,16.5,16.75,0.1,730
2014-05-22,2461,996668,16647621,16.75,16.85,16.6,16.7,-0.05,364
2014-05-23,2461,975006,16260849,16.6,16.85,16.55,16.65,-0.05,309
2014-05-26,2461,694759,11569048,16.65,16.7,16.6,16.7,0.05,267
2014-05-27,2461,826282,13756251,16.7,16.8,16.55,16.55,-0.15,229
2014-05-28,2461,634076,10551406,16.6,16.7,16.6,16.6,0.05,287
2014-05-29,2461,811328,13530044,16.75,16.75,16.6,16.65,0.05,276
2014-05-30,2461,1037163,17353555,16.65,16.85,16.6,16.65,0.0,349
2014-06-03,2461,902430,15105681,16.65,16.8,16.65,16.7,0.05,280
2014-06-04,2461,1069409,17979849,16.85,16.9,16.75,16.8,0.1,349
2014-06-05,2461,4580469,78598442,16.85,17.3,16.8,17.1,0.3,1311
2014-06-06,2461,1472281,25044520,17.1,17.25,16.8,16.85,-0.25,451
2014-06-09,2461,1753000,29975548,17.1,17.3,16.85,17.2,0.35,560
2014-06-10,2461,940614,16072622,17.3,17.3,17.0,17.1,-0.1,296
2014-06-11,2461,2505001,43518417,17.25,17.55,17.2,17.35,0.25,745
2014-06-12,2461,822081,14165347,17.35,17.35,17.15,17.25,-0.1,275
2014-06-13,2461,823993,14151578,17.2,17.3,17.1,17.2,-0.05,237
2014-06-16,2461,1553110,26768750,17.2,17.4,17.0,17.4,0.2,421
2014-06-17,2461,1159715,20058475,17.3,17.45,17.15,17.25,-0.15,304
2014-06-18,2461,1348468,23126106,17.45,17.45,17.05,17.1,-0.15,449
2014-06-19,2461,568644,9781862,17.1,17.35,17.1,17.15,0.05,245
2014-06-20,2461,746195,12742193,17.15,17.3,16.9,16.95,-0.2,202
2014-06-23,2461,1098904,18560795,17.15,17.15,16.7,16.7,-0.25,360
2014-06-24,2461,723250,12088511,16.75,16.8,16.65,16.7,0.0,224
2014-06-25,2461,465245,7825850,16.6,16.95,16.6,16.85,0.15,164
2014-06-26,2461,581678,9830618,16.9,17.0,16.8,16.9,0.05,184
2014-06-27,2461,1185438,20252722,16.9,17.25,16.8,17.0,0.1,347
2014-06-30,2461,2008413,34479782,17.15,17.35,16.9,17.2,0.2,698
2014-07-01,2461,13763310,251190850,17.6,18.4,17.6,18.4,1.2,3541
2014-07-02,2461,6560201,118264575,18.45,18.45,17.55,17.7,-0.7,2111
2014-07-03,2461,2341023,41663853,17.6,17.95,17.6,17.8,0.1,758
2014-07-04,2461,2465900,43348736,17.85,17.9,17.4,17.55,-0.25,836
2014-07-07,2461,4471216,80123364,17.55,18.15,17.4,17.85,0.3,1181
2014-07-08,2461,2455215,43754240,17.85,18.1,17.6,17.7,-0.15,705
2014-07-09,2461,1297579,23130046,17.7,17.95,17.65,17.75,0.05,487
2014-07-10,2461,1749100,31000923,17.95,17.95,17.55,17.6,-0.15,551
2014-07-11,2461,3023511,51881955,17.6,17.65,16.85,16.9,-0.7,956
2014-07-14,2461,913165,15452842,16.8,17.05,16.8,16.95,0.05,372
2014-07-15,2461,768002,13040084,17.2,17.2,16.9,16.9,-0.05,297
2014-07-16,2461,573000,9644500,16.9,17.0,16.75,16.9,0.0,252
2014-07-17,2461,898259,15104931,17.0,17.0,16.75,16.8,-0.1,307
2014-07-18,2461,1296291,21658355,16.7,16.8,16.65,16.7,-0.1,462
2014-07-21,2461,593109,9980774,16.75,16.9,16.75,16.85,0.15,198
2014-07-22,2461,1349783,23067876,16.85,17.25,16.85,17.15,0.3,454
2014-07-24,2461,1021126,17548164,17.25,17.3,17.1,17.2,0.05,308
2014-07-25,2461,2671282,46646061,17.4,17.6,17.25,17.35,0.15,893
2014-07-28,2461,6356804,114014010,17.6,18.15,17.6,17.8,0.45,2012
2014-07-29,2461,2230626,39307088,17.9,18.0,17.3,17.35,-0.45,886
2014-07-30,2461,830082,14566593,17.75,17.75,17.45,17.55,0.2,315
2014-07-31,2461,1052201,18567611,17.7,17.8,17.5,17.65,0.1,411
2014-08-01,2461,1186035,20777964,17.2,17.7,17.2,17.7,0.05,348
2014-08-04,2461,935144,16623088,17.75,17.9,17.65,17.8,0.1,367
2014-08-05,2461,1093846,19168219,17.8,17.8,17.35,17.5,-0.3,442
2014-08-06,2461,2047223,34977583,17.5,17.5,16.8,17.2,-0.3,709
2014-08-07,2461,1107918,18497787,16.6,16.85,16.6,16.65,0.0,457
2014-08-08,2461,726777,11960591,16.6,16.6,16.35,16.45,-0.2,262
2014-08-11,2461,1382860,22526959,16.55,16.55,16.15,16.2,-0.25,489
2014-08-12,2461,1606642,26053557,16.2,16.3,16.15,16.3,0.1,362
2014-08-13,2461,3238696,53221799,16.3,16.7,16.1,16.65,0.35,841
2014-08-14,2461,1145431,18972727,16.65,16.7,16.45,16.65,0.0,305
2014-08-15,2461,503000,8323250,16.65,16.7,16.5,16.5,-0.15,187
2014-08-18,2461,1063095,17306565,16.5,16.5,16.15,16.45,-0.05,298
2014-08-19,2461,465640,7678720,16.5,16.6,16.4,16.45,0.0,171
2014-08-20,2461,560723,9209320,16.5,16.55,16.35,16.4,-0.05,167
2014-08-21,2461,762681,12392047,16.35,16.35,16.15,16.35,-0.05,225
2014-08-22,2461,521040,8511300,16.25,16.45,16.2,16.45,0.1,208
2014-08-25,2461,422245,6900805,16.5,16.5,16.3,16.4,-0.05,185
2014-08-26,2461,544001,8919366,16.4,16.55,16.3,16.35,-0.05,182
2014-08-27,2461,1227009,20290549,16.35,16.65,16.35,16.6,0.25,384
2014-08-28,2461,2718670,45840085,16.7,17.0,16.65,16.8,0.2,936
2014-08-29,2461,543547,9131211,16.75,16.85,16.7,16.85,0.05,245
2014-09-01,2461,834005,14013533,16.9,17.0,16.65,16.65,-0.2,301
2014-09-02,2461,675000,11174500,16.8,16.8,16.45,16.5,-0.15,210
2014-09-03,2461,405629,6697427,16.6,16.65,16.45,16.55,0.05,140
2014-09-04,2461,729777,12004942,16.65,16.65,16.35,16.45,-0.1,210
2014-09-05,2461,363041,5977730,16.55,16.6,16.35,16.5,0.05,146
2014-09-09,2461,346933,5771337,16.6,16.7,16.6,16.65,0.15,158
2014-09-10,2461,385000,6366200,16.7,16.7,16.45,16.55,-0.1,161
2014-09-11,2461,1594486,26870988,16.6,16.95,16.6,16.7,0.15,506
2014-09-12,2461,462651,7712255,16.75,16.8,16.6,16.7,0.0,200
2014-09-15,2461,270002,4515232,16.65,16.8,16.65,16.65,-0.05,117
2014-09-16,2461,550857,9094553,16.7,16.7,16.45,16.5,-0.15,190
2014-09-17,2461,600002,9948832,16.5,16.7,16.45,16.45,-0.05,195
2014-09-18,2461,801795,13345575,16.5,16.9,16.45,16.8,0.35,249
2014-09-19,2461,704000,11764650,16.8,16.85,16.65,16.75,-0.05,175
2014-09-22,2461,309362,5160921,16.8,16.8,16.6,16.6,-0.15,132
2014-09-23,2461,450000,7457350,16.6,16.7,16.45,16.5,-0.1,154
2014-09-24,2461,568420,9415326,16.5,16.65,16.45,16.6,0.1,155
2014-09-25,2461,712329,11703308,16.6,16.7,16.25,16.3,-0.3,224
2014-09-26,2461,612005,9892430,16.1,16.4,16.0,16.1,-0.2,244
2014-09-29,2461,233005,3810230,16.15,16.45,16.15,16.3,0.2,101
2014-09-30,2461,430313,6965703,16.4,16.4,16.1,16.2,-0.1,197
2014-10-01,2461,289001,4694266,16.2,16.35,16.2,16.25,0.05,107
2014-10-02,2461,183163,2976498,16.2,16.35,16.1,16.25,0.0,93
2014-10-03,2461,609015,10011043,16.3,16.55,16.25,16.3,0.05,226
2014-10-06,2461,4799514,82003338,16.5,17.4,16.5,16.9,0.6,1407
2014-10-07,2461,2108206,35810659,16.8,17.3,16.7,16.75,-0.15,778
2014-10-08,2461,1870109,31522097,16.7,17.05,16.5,17.0,0.25,512
2014-10-09,2461,1098165,18708627,17.1,17.25,16.85,16.95,-0.05,377
2014-10-13,2461,1708373,28007008,16.55,16.6,16.2,16.25,-0.7,476
2014-10-14,2461,1005467,16283611,16.1,16.35,16.0,16.3,0.05,284
2014-10-15,2461,560719,9053004,16.25,16.3,16.05,16.1,-0.2,214
2014-10-16,2461,1971300,29925870,15.1,15.9,15.0,15.3,-0.8,652
2014-10-17,2461,1861009,28529335,15.3,15.75,14.85,15.0,-0.3,503
2014-10-20,2461,583308,8889803,15.1,15.35,15.1,15.3,0.3,190
2014-10-21,2461,389111,5985426,15.3,15.55,15.15,15.3,0.0,148
2014-10-22,2461,529011,8215465,15.4,15.6,15.4,15.5,0.2,214
2014-10-23,2461,413011,6366015,15.45,15.55,15.3,15.35,-0.15,113
2014-10-24,2461,354419,5406833,15.4,15.45,15.15,15.2,-0.15,163
2014-10-27,2461,830015,12277790,15.25,15.3,14.2,14.3,-0.9,338
2014-10-28,2461,1232572,17745040,14.35,14.6,14.3,14.55,0.25,613
2014-10-29,2461,561007,8285198,14.6,14.9,14.6,14.85,0.3,245
2014-10-30,2461,214763,3172638,14.85,14.9,14.7,14.9,0.05,90
2014-10-31,2461,371008,5571320,15.0,15.1,14.95,15.05,0.15,147
2014-11-03,2461,1081631,16477674,15.15,15.4,15.05,15.35,0.3,288
2014-11-04,2461,603023,9278000,15.25,15.5,15.25,15.4,0.05,181
2014-11-05,2461,713018,11022070,15.3,15.6,15.3,15.5,0.1,164
2014-11-06,2461,913002,14166330,15.5,15.65,15.35,15.35,-0.15,196
2014-11-07,2461,674052,10468247,15.35,15.65,15.3,15.4,0.05,181
2014-11-10,2461,737079,11426165,15.5,15.6,15.4,15.45,0.05,166
2014-11-11,2461,672593,10558857,15.5,15.85,15.5,15.75,0.3,217
2014-11-12,2461,3776057,61758216,15.9,16.6,15.85,16.15,0.4,954
2014-11-13,2461,1519529,24717972,16.1,16.4,15.9,16.4,0.25,379
2014-11-14,2461,2385127,39702545,16.4,16.85,16.3,16.6,0.2,513
2014-11-17,2461,1834633,30641922,16.6,16.85,16.6,16.6,0.0,434
2014-11-18,2461,1991641,32964340,16.6,16.8,16.25,16.55,-0.05,425
2014-11-19,2461,887245,14656937,16.55,16.6,16.45,16.55,0.0,263
2014-11-20,2461,383005,6327780,16.5,16.75,16.4,16.55,0.0,160
2014-11-21,2461,551006,9081199,16.55,16.6,16.35,16.55,0.0,183
2014-11-24,2461,428490,7063734,16.65,16.65,16.4,16.45,-0.1,158
2014-11-25,2461,384408,6283948,16.55,16.55,16.25,16.35,-0.1,135
2014-11-26,2461,331245,5398067,16.35,16.4,16.2,16.25,-0.1,141
2014-11-27,2461,387244,6323374,16.3,16.4,16.25,16.4,0.15,128
2014-11-28,2461,1233235,20566338,16.8,16.8,16.5,16.6,0.2,355
2014-12-01,2461,1036516,17235505,16.35,16.85,16.25,16.65,0.05,299
2014-12-02,2461,1710003,28821901,16.75,17.0,16.7,17.0,0.35,474
2014-12-03,2461,1385999,23562283,17.0,17.1,16.85,17.1,0.1,471
2014-12-04,2461,1555697,26522099,17.2,17.3,16.9,17.1,0.0,453
2014-12-05,2461,3077314,53538616,17.05,17.65,17.05,17.2,0.1,754
2014-12-08,2461,895525,15406801,17.4,17.4,17.05,17.1,-0.1,292
2014-12-09,2461,983888,16973589,17.2,17.35,17.0,17.15,0.05,238
2014-12-10,2461,1010119,17337034,17.3,17.3,17.0,17.05,-0.1,243
2014-12-11,2461,1564003,26729151,16.8,17.25,16.8,17.0,-0.05,356
2014-12-12,2461,872640,14724468,17.0,17.1,16.75,16.8,-0.2,253
2014-12-15,2461,445479,7420540,16.5,16.8,16.5,16.8,0.0,161
2014-12-16,2461,471711,7909806,16.6,16.95,16.6,16.85,0.05,152
2014-12-17,2461,608058,10131158,16.85,16.9,16.5,16.75,-0.1,178
2014-12-18,2461,259205,4338129,16.8,16.85,16.6,16.75,0.0,111
2014-12-19,2461,762163,12880578,16.85,17.1,16.65,16.85,0.1,235
2014-12-22,2461,725161,12221798,16.85,17.0,16.65,16.9,0.05,195
2014-12-23,2461,247233,4162683,16.85,17.0,16.7,16.9,0.0,112
2014-12-24,2461,1093030,18547851,16.9,17.1,16.8,17.0,0.1,257
2014-12-25,2461,664258,11282636,17.1,17.1,16.9,16.95,-0.05,179
2014-12-26,2461,899004,15331418,16.95,17.2,16.95,16.95,0.0,234
2014-12-27,2461,317163,5386202,17.1,17.1,16.9,17.0,0.05,96
2014-12-29,2461,396460,6698395,17.0,17.05,16.8,16.8,-0.2,167
2014-12-30,2461,368757,6237726,16.95,17.0,16.8,16.8,0.0,107
2014-12-31,2461,166817,2795599,16.8,16.8,16.7,16.75,-0.05,97
2015-01-05,2461,368163,6136927,16.6,16.8,16.55,16.75,0.0,126
2015-01-06,2461,482552,8041339,16.7,16.8,16.6,16.65,-0.1,138
2015-01-07,2461,401083,6691778,16.55,16.8,16.55,16.65,0.0,138
2015-01-08,2461,1327961,22543380,16.8,17.15,16.8,17.0,0.35,401
2015-01-09,2461,1222152,20950370,17.1,17.3,17.0,17.05,0.05,392
2015-01-12,2461,550197,9335366,17.05,17.1,16.85,16.85,-0.2,181
2015-01-13,2461,348282,5876623,16.85,17.0,16.75,16.9,0.05,153
2015-01-14,2461,362027,6083546,16.75,16.9,16.75,16.75,-0.15,124
2015-01-15,2461,659673,11138973,16.8,17.1,16.75,17.1,0.35,214
2015-01-16,2461,476218,8066249,17.2,17.2,16.85,16.85,-0.25,172
2015-01-19,2461,551539,9299741,17.0,17.0,16.6,16.65,-0.2,163
2015-01-20,2461,191988,3218048,16.65,16.85,16.65,16.7,0.05,93
2015-01-21,2461,327314,5457422,16.7,16.85,16.6,16.7,0.0,119
2015-01-22,2461,272002,4557684,16.75,16.85,16.7,16.85,0.15,110
2015-01-23,2461,355366,5984926,16.85,16.9,16.75,16.85,0.0,134
2015-01-26,2461,284336,4774690,16.85,16.85,16.7,16.75,-0.1,97
2015-01-27,2461,308350,5154474,16.85,16.9,16.65,16.7,-0.05,116
2015-01-28,2461,325103,5427163,16.8,16.8,16.65,16.65,-0.05,119
2015-01-29,2461,281327,4694674,16.65,16.8,16.6,16.65,0.0,110
2015-01-30,2461,638212,10568294,16.7,16.8,16.5,16.5,-0.15,227
2015-02-02,2461,742081,12154784,16.55,16.55,16.3,16.35,-0.15,188
2015-02-03,2461,400890,6579459,16.45,16.6,16.3,16.3,-0.05,124
2015-02-04,2461,404206,6592828,16.35,16.45,16.2,16.25,-0.05,140
2015-02-05,2461,274004,4444614,16.3,16.35,16.15,16.2,-0.05,113
2015-02-06,2461,246941,3989298,16.2,16.2,16.1,16.15,-0.05,97
2015-02-09,2461,533008,8582631,16.15,16.2,16.05,16.05,-0.1,127
2015-02-10,2461,315268,5090201,16.1,16.3,16.05,16.1,0.05,131
2015-02-11,2461,743012,11851886,16.1,16.15,15.85,16.0,-0.1,204
2015-02-12,2461,116667,1864302,16.0,16.0,15.9,16.0,0.0,65
2015-02-13,2461,259332,4202190,15.9,16.5,15.9,16.5,0.5,118
2015-02-24,2461,433496,7177174,16.75,16.75,16.4,16.6,0.1,203
2015-02-25,2461,259779,4258382,16.3,16.55,16.3,16.4,-0.2,115
2015-02-26,2461,268020,4374422,16.45,16.45,16.25,16.3,-0.1,134
2015-03-02,2461,197163,3183763,16.3,16.3,16.05,16.1,-0.2,128
2015-03-03,2461,285010,4572660,16.1,16.15,15.95,16.15,0.05,118
2015-03-04,2461,157081,2523396,16.15,16.15,16.0,16.05,-0.1,96
2015-03-05,2461,145007,2333062,16.05,16.15,16.05,16.15,0.1,71
2015-03-06,2461,304455,4897749,16.1,16.15,16.05,16.05,-0.1,165
2015-03-09,2461,290529,4707414,16.05,16.3,16.05,16.25,0.2,157
2015-03-10,2461,236612,3851010,16.45,16.45,16.15,16.3,0.05,109
2015-03-11,2461,182777,2958869,16.3,16.3,16.1,16.1,-0.2,112
2015-03-12,2461,155764,2511098,16.1,16.2,16.1,16.15,0.05,79
2015-03-13,2461,197817,3182172,16.2,16.2,16.05,16.05,-0.1,99
2015-03-16,2461,119635,1925840,16.05,16.15,16.05,16.1,0.05,73
2015-03-17,2461,590095,9463178,16.15,16.2,15.95,16.1,0.0,252
2015-03-18,2461,173189,2778656,16.1,16.15,16.0,16.0,-0.1,92
2015-03-19,2461,340887,5467192,16.0,16.1,15.95,16.05,0.05,128
2015-03-20,2461,373511,5986876,16.0,16.1,16.0,16.0,-0.05,142
2015-03-23,2461,224489,3601924,16.0,16.1,16.0,16.0,0.0,139
2015-03-24,2461,246036,3949976,16.0,16.1,15.95,16.05,0.05,104
2015-03-25,2461,165082,2648912,16.0,16.15,16.0,16.1,0.05,88
2015-03-26,2461,341379,5441369,16.1,16.15,15.85,15.9,-0.2,153
2015-03-27,2461,214741,3407195,15.9,15.95,15.8,15.95,0.05,174
2015-03-30,2461,281526,4471738,16.0,16.0,15.85,15.85,-0.1,195
2015-03-31,2461,220336,3471633,15.85,15.9,15.6,15.65,-0.2,136
2015-04-01,2461,554909,8589225,15.85,15.85,15.3,15.65,0.0,205
2015-04-02,2461,823635,12850261,15.65,15.9,15.4,15.9,0.25,275
2015-04-07,2461,277068,4364072,15.9,15.9,15.65,15.65,-0.25,177
2015-04-08,2461,347328,5438828,15.7,15.8,15.55,15.6,-0.05,153
2015-04-09,2461,196027,3034608,15.7,15.75,15.4,15.4,-0.2,114
2015-04-10,2461,367290,5639270,15.4,15.5,15.25,15.3,-0.1,167
2015-04-13,2461,291045,4431720,15.3,15.35,15.15,15.2,-0.1,144
2015-04-14,2461,199578,3021846,15.2,15.2,15.05,15.2,0.0,124
2015-04-15,2461,288044,4357060,15.25,15.35,15.05,15.2,0.0,200
2015-04-16,2461,255925,3886358,15.2,15.25,15.1,15.25,0.05,127
2015-04-17,2461,136007,2068455,15.25,15.25,15.15,15.25,0.0,95
2015-04-20,2461,205323,3096995,15.15,15.15,15.05,15.05,-0.2,110
2015-04-21,2461,135245,2041136,15.05,15.2,15.0,15.0,-0.05,79
2015-04-22,2461,300116,4505344,15.05,15.1,15.0,15.05,0.05,112
2015-04-23,2461,162085,2435663,15.05,15.1,15.0,15.0,-0.05,70
2015-04-24,2461,225320,3392415,15.1,15.1,15.0,15.05,0.05,109
2015-04-27,2461,292513,4399669,15.15,15.15,15.0,15.05,0.0,106
2015-04-28,2461,291735,4382580,15.05,15.1,15.0,15.0,-0.05,113
2015-04-29,2461,317383,4770921,15.0,15.1,15.0,15.1,0.1,116
2015-04-30,2461,286874,4311302,15.15,15.2,14.95,15.1,0.0,155
2015-05-04,2461,344510,5166841,15.15,15.15,14.9,14.9,-0.2,123
2015-05-05,2461,295281,4403835,14.9,15.0,14.85,14.9,0.0,99
2015-05-06,2461,288299,4286749,14.85,14.95,14.8,14.95,0.05,107
2015-05-07,2461,186590,2795208,15.0,15.05,14.9,14.9,-0.05,109
2015-05-08,2461,287003,4264845,14.9,14.95,14.8,14.95,0.05,83
2015-05-11,2461,826401,12167454,14.95,15.0,14.5,14.9,-0.05,232
2015-05-12,2461,715787,10464688,14.9,14.9,14.3,14.6,-0.3,239
2015-05-13,2461,287325,4250902,14.6,14.95,14.6,14.9,0.3,132
2015-05-14,2461,244005,3602725,14.9,14.9,14.6,14.9,0.0,97
2015-05-15,2461,829018,12663821,15.1,15.7,15.0,15.2,0.3,363
2015-05-18,2461,620020,9380550,15.25,15.4,14.9,15.3,0.1,202
2015-05-19,2461,755665,11551789,15.3,15.45,15.05,15.45,0.15,307
2015-05-20,2461,612372,9352434,15.45,15.45,15.15,15.4,-0.05,175
2015-05-21,2461,819064,12477329,15.3,15.4,15.1,15.4,0.0,204
2015-05-22,2461,377961,5787102,15.2,15.4,15.2,15.4,0.0,123
2015-05-25,2461,524081,8095347,15.25,15.55,15.25,15.45,0.05,172
2015-05-26,2461,1168081,18258901,15.45,15.8,15.45,15.5,0.05,273
2015-05-27,2461,365501,5669364,15.5,15.65,15.4,15.6,0.1,133
2015-05-28,2461,1052549,16407636,15.5,15.65,15.5,15.6,0.0,214
2015-05-29,2461,458016,7152949,15.65,15.7,15.6,15.6,0.0,98
2015-06-01,2461,789001,12299165,15.6,15.7,15.5,15.65,0.05,118
2015-06-02,2461,1513270,23680062,15.65,15.75,15.6,15.65,0.0,154
2015-06-03,2461,846817,13259795,15.65,15.75,15.6,15.7,0.05,124
2015-06-04,2461,2578950,41221516,15.75,16.2,15.65,15.75,0.05,595
2015-06-05,2461,1507000,23816650,15.75,16.0,15.65,15.75,0.0,384
2015-06-08,2461,841295,13166601,15.75,15.75,15.5,15.7,-0.05,191
2015-06-09,2461,1238000,18456800,15.7,15.7,14.15,14.15,-1.55,293
2015-06-10,2461,3017097,39368597,13.1,13.95,12.75,13.95,-0.2,870
2015-06-11,2461,1464010,19907842,13.5,14.15,13.2,14.15,0.2,518
2015-06-12,2461,569000,8027750,14.0,14.35,13.95,13.95,-0.2,203
2015-06-15,2461,132081,1834813,13.95,14.05,13.8,13.8,-0.15,81
2015-06-16,2461,304001,4139713,13.5,13.85,13.5,13.75,-0.05,116
2015-06-17,2461,732049,10409710,14.25,14.55,13.95,14.55,0.8,280
2015-06-18,2461,446744,6563548,14.5,14.9,14.45,14.7,0.15,192
2015-06-22,2461,412000,6068650,14.55,14.8,14.55,14.8,0.1,138
2015-06-23,2461,367181,5372142,14.8,14.8,14.5,14.6,-0.2,120
2015-06-24,2461,178163,2581997,14.7,14.7,14.45,14.45,-0.15,69
2015-06-25,2461,219839,3187906,14.6,14.6,14.35,14.6,0.15,80
2015-06-26,2461,199004,2875656,14.35,14.55,14.35,14.5,-0.1,66
2015-06-29,2461,397000,5694550,14.25,14.5,14.15,14.5,0.0,146
2015-06-30,2461,172002,2451078,14.45,14.45,14.2,14.2,-0.3,72
2015-07-01,2461,268244,3801414,14.2,14.25,14.1,14.25,0.05,95
2015-07-02,2461,288350,4077900,14.25,14.25,14.1,14.1,-0.15,77
2015-07-03,2461,145000,2034100,14.05,14.2,14.0,14.0,-0.1,58
2015-07-06,2461,116001,1594063,13.9,14.1,13.6,13.6,-0.4,53
2015-07-07,2461,541001,7364113,13.6,13.8,13.45,13.45,-0.15,129
2015-07-08,2461,944001,12452163,13.5,13.5,12.85,13.45,0.0,207
2015-07-09,2461,646002,8572226,13.2,13.6,13.0,13.6,0.15,132
2015-07-13,2461,339654,4719688,13.75,14.0,13.65,14.0,0.4,116
2015-07-14,2461,516348,7176689,14.0,14.15,13.65,13.95,-0.05,147
2015-07-15,2461,123001,1708064,14.0,14.0,13.8,13.9,-0.05,50
2015-07-16,2461,84003,1164989,14.0,14.0,13.8,13.85,-0.05,51
2015-07-17,2461,207022,2841848,13.9,13.9,13.6,13.6,-0.25,88
2015-07-20,2461,413008,5520357,13.45,13.75,13.1,13.75,0.15,113
2015-07-21,2461,240001,3248863,13.6,13.6,13.45,13.6,-0.15,75
2015-07-22,2461,341000,4601800,13.6,13.65,13.35,13.5,-0.1,87
2015-07-23,2461,390001,5217463,13.5,13.55,13.25,13.5,0.0,103
2015-07-24,2461,307001,4150113,13.3,13.65,13.3,13.65,0.15,81
2015-07-27,2461,634002,8599376,13.5,13.9,12.55,13.65,0.0,208
2015-07-28,2461,245505,3330242,13.65,13.7,13.45,13.55,-0.1,97
2015-07-29,2461,144173,1955299,13.45,13.6,13.45,13.6,0.05,63
2015-07-30,2461,233001,3154863,13.65,13.7,13.45,13.6,0.0,56
2015-07-31,2461,85027,1159571,13.6,13.7,13.5,13.7,0.1,38
2015-08-03,2461,143062,1941060,13.7,13.7,13.5,13.6,-0.1,55
2015-08-04,2461,790004,10563502,13.45,13.9,13.1,13.5,-0.1,192
2015-08-05,2461,82000,1102450,13.35,13.5,13.35,13.5,0.0,37
2015-08-06,2461,105062,1414078,13.5,13.55,13.4,13.5,0.0,41
2015-08-07,2461,121000,1639400,13.5,13.6,13.45,13.5,0.0,46
2015-08-10,2461,421001,5731263,13.5,13.7,13.5,13.5,0.0,101
2015-08-11,2461,61244,827179,13.6,13.6,13.45,13.5,0.0,43
2015-08-12,2461,116082,1576805,13.65,13.65,13.5,13.55,0.05,63
2015-08-13,2461,293001,3972763,13.5,13.65,13.5,13.65,0.1,65
2015-08-14,2461,241081,3257343,13.65,13.65,13.4,13.6,-0.05,79
2015-08-17,2461,149641,2020639,13.55,13.55,13.45,13.5,-0.1,54
2015-08-18,2461,134001,1794663,13.5,13.5,13.35,13.4,-0.1,43
2015-08-19,2461,945716,12481207,13.4,13.45,13.0,13.45,0.05,180
2015-08-20,2461,217001,2923213,13.3,13.7,13.2,13.55,0.1,91
2015-08-21,2461,377001,5068813,13.35,13.6,13.3,13.55,0.0,135
2015-08-24,2461,1652000,21905250,13.25,13.7,12.8,13.7,0.15,340
2015-08-25,2461,922001,12566113,13.45,14.0,13.2,13.9,0.2,251
2015-08-26,2461,274380,3768603,13.85,13.85,13.6,13.8,-0.1,123
2015-08-27,2461,373000,5128700,13.8,13.85,13.65,13.75,-0.05,145
2015-08-28,2461,186002,2550276,13.75,13.85,13.65,13.7,-0.05,98
2015-08-31,2461,120000,1649250,13.75,13.8,13.65,13.8,0.1,51
2015-09-01,2461,192000,2614000,13.7,13.8,13.5,13.75,-0.05,68
2015-09-02,2461,99167,1357437,13.6,13.75,13.6,13.75,0.0,50
2015-09-03,2461,710000,10144700,13.75,14.8,13.7,14.75,1.0,328
2015-09-04,2461,684583,10221360,14.75,15.2,14.45,14.7,-0.05,288
2015-09-07,2461,263001,3935515,14.7,15.2,14.7,15.0,0.3,114
2015-09-08,2461,204243,3057519,15.15,15.15,14.85,15.0,0.0,93
2015-09-09,2461,421000,6349100,15.0,15.25,14.95,15.05,0.05,149
2015-09-10,2461,641000,9794000,14.85,15.4,14.85,15.05,0.0,161
2015-09-11,2461,382751,5808539,15.2,15.4,15.0,15.2,0.15,128
2015-09-14,2461,902002,13703830,15.2,15.35,15.0,15.1,-0.1,167
2015-09-15,2461,359007,5402405,14.9,15.1,14.9,15.05,-0.05,87
2015-09-16,2461,416000,6234650,15.05,15.05,14.85,15.0,-0.05,111
2015-09-17,2461,464000,6932650,14.9,15.0,14.8,14.9,-0.1,138
2015-09-18,2461,394007,5855155,14.95,14.95,14.8,14.9,0.0,119
2015-09-21,2461,364212,5375548,14.65,14.85,14.5,14.8,-0.1,104
2015-09-22,2461,169011,2500109,15.0,15.0,14.65,14.75,-0.05,87
2015-09-23,2461,374008,5558470,14.75,14.95,14.65,14.95,0.2,123
2015-09-24,2461,281004,4179256,14.95,14.95,14.75,14.95,0.0,98
2015-09-25,2461,146034,2144039,14.8,14.85,14.5,14.5,-0.45,70
2015-09-30,2461,204008,3017170,14.5,15.0,14.5,15.0,0.5,75
2015-10-01,2461,159003,2371795,14.95,15.0,14.8,14.9,-0.1,53
2015-10-02,2461,104003,1545292,14.9,14.9,14.75,14.9,0.0,38
2015-10-05,2461,130502,1933126,14.85,14.9,14.7,14.9,0.0,80
2015-10-06,2461,208078,3096510,14.9,15.0,14.75,15.0,0.1,75
2015-10-07,2461,585244,8907295,15.0,15.45,15.0,15.2,0.2,177
2015-10-08,2461,232008,3459666,15.4,15.4,14.5,14.5,-0.7,103
2015-10-12,2461,121001,1766114,14.65,14.7,14.55,14.65,0.15,63
2015-10-13,2461,84081,1229386,14.6,14.7,14.55,14.6,-0.05,56
2015-10-14,2461,108888,1592974,14.6,14.7,14.55,14.6,0.0,67
2015-10-15,2461,60058,881742,14.6,14.75,14.6,14.6,0.0,51
2015-10-16,2461,67131,979848,14.6,14.7,14.55,14.55,-0.05,52
2015-10-19,2461,100003,1447142,14.5,14.6,14.4,14.4,-0.15,76
2015-10-20,2461,295060,4248359,14.45,14.5,14.3,14.35,-0.05,143
2015-10-21,2461,142723,2072632,14.4,14.65,14.4,14.6,0.25,82
2015-10-22,2461,142002,2071978,14.55,14.75,14.5,14.65,0.05,76
2015-10-23,2461,218509,3209530,14.8,14.8,14.65,14.65,0.0,99
2015-10-26,2461,148858,2202052,14.65,14.9,14.65,14.8,0.15,95
2015-10-27,2461,180205,2675900,14.8,15.0,14.7,14.9,0.1,84
2015-10-28,2461,147306,2182163,14.9,14.9,14.75,14.75,-0.15,66
2015-10-29,2461,124100,1828565,14.75,14.85,14.65,14.65,-0.1,65
2015-10-30,2461,71394,1037440,14.55,14.55,14.5,14.5,-0.15,49
2015-11-02,2461,82001,1206114,14.5,14.8,14.45,14.65,0.15,58
2015-11-03,2461,370454,5528225,14.75,15.1,14.7,15.0,0.35,184
2015-11-04,2461,298001,4374912,14.7,14.75,14.6,14.7,0.0,119
2015-11-05,2461,157336,2336622,14.7,14.95,14.7,14.9,0.2,82
2015-11-06,2461,110062,1625900,14.85,14.9,14.65,14.65,-0.25,59
2015-11-09,2461,76300,1091759,14.6,14.65,14.1,14.3,-0.35,67
2015-11-10,2461,74423,1061956,14.15,14.3,14.15,14.25,-0.05,48
2015-11-11,2461,136148,1903625,14.15,14.15,13.75,13.75,-0.5,80
2015-11-12,2461,208001,2814813,13.8,13.9,13.25,13.5,-0.25,84
2015-11-13,2461,120327,1640056,13.45,13.9,13.3,13.9,0.4,66
2015-11-16,2461,82200,1147773,13.6,14.1,13.6,14.0,0.1,42
2015-11-17,2461,117826,1667655,13.85,14.25,13.85,14.1,0.1,40
2015-11-18,2461,165000,2309450,14.1,14.15,13.9,13.9,-0.2,47
2015-11-19,2461,68163,957121,13.95,14.15,13.95,14.0,0.1,44
2015-11-20,2461,61584,860704,14.0,14.05,13.95,13.95,-0.05,37
2015-11-23,2461,123529,1720143,13.95,14.0,13.85,13.95,0.0,65
2015-11-24,2461,69939,973691,13.95,13.95,13.85,13.85,-0.1,33
2015-11-25,2461,51887,716597,13.85,13.85,13.75,13.85,0.0,39
2015-11-26,2461,143503,2006292,13.85,14.05,13.85,14.05,0.2,64
2015-11-27,2461,170164,2368721,14.0,14.0,13.85,13.95,-0.1,51
2015-11-30,2461,142323,1933396,13.9,13.9,13.5,13.55,-0.4,81
2015-12-01,2461,162010,2210930,13.55,13.75,13.55,13.7,0.15,81
2015-12-02,2461,81011,1105293,13.7,13.7,13.6,13.7,0.0,49
2015-12-03,2461,201163,2823582,13.95,14.15,13.8,14.1,0.4,107
2015-12-04,2461,73036,1019854,14.1,14.1,13.85,14.0,-0.1,51
2015-12-07,2461,88016,1232024,14.0,14.05,13.95,13.95,-0.05,63
2015-12-08,2461,50010,696440,13.8,14.0,13.8,14.0,0.05,40
2015-12-09,2461,51001,704513,14.0,14.0,13.75,13.75,-0.25,28
2015-12-10,2461,60647,830560,13.85,13.85,13.6,13.8,0.05,33
2015-12-11,2461,86245,1184930,13.8,13.9,13.65,13.65,-0.15,45
2015-12-14,2461,34019,460547,13.55,13.75,13.4,13.75,0.1,37
2015-12-15,2461,33500,456848,13.75,13.75,13.6,13.6,-0.15,20
2015-12-16,2461,37163,506207,13.6,13.7,13.6,13.6,0.0,28
2015-12-17,2461,114081,1566799,13.65,13.85,13.65,13.65,0.05,38
2015-12-18,2461,25688,351255,13.55,13.8,13.55,13.7,0.05,24
2015-12-21,2461,29663,407668,13.8,13.8,13.7,13.75,0.05,40
2015-12-22,2461,89012,1227656,13.9,13.9,13.75,13.75,0.0,62
2015-12-23,2461,95312,1319765,13.85,13.9,13.8,13.85,0.1,44
2015-12-24,2461,32027,441555,13.85,13.95,13.7,13.7,-0.15,44
2015-12-25,2461,42002,575676,13.75,13.8,13.6,13.75,0.05,18
2015-12-28,2461,50167,691027,13.85,13.85,13.75,13.75,0.0,56
2015-12-29,2461,61936,851057,13.65,13.8,13.65,13.8,0.05,55
2015-12-30,2461,235008,3214404,13.9,13.9,13.65,13.65,-0.15,70
2015-12-31,2461,60059,823395,13.65,13.75,13.6,13.65,0.0,45
2016-01-04,2461,92013,1250819,13.6,13.7,13.45,13.45,-0.2,80
2016-01-05,2461,119002,1601326,13.3,13.6,13.3,13.5,0.05,45
2016-01-06,2461,160009,2142669,13.5,13.5,13.3,13.3,-0.2,53
2016-01-07,2461,171490,2223393,13.15,13.15,12.8,12.9,-0.4,98
2016-01-08,2461,128110,1658730,12.9,13.1,12.9,12.9,0.0,52
2016-01-11,2461,57490,740415,12.9,13.0,12.8,12.85,-0.05,44
2016-01-12,2461,80012,1031049,13.05,13.05,12.8,12.8,-0.05,48
2016-01-13,2461,130163,1680382,12.8,13.05,12.8,12.8,0.0,67
2016-01-14,2461,45009,573208,12.8,12.8,12.65,12.8,0.0,33
2016-01-15,2461,147467,1911367,12.85,13.05,12.8,13.0,0.2,65
2016-01-18,2461,108006,1407928,12.8,13.2,12.8,13.0,0.0,55
2016-01-19,2461,159743,2080018,12.9,13.25,12.9,13.0,0.0,79
2016-01-20,2461,39011,501887,13.0,13.0,12.8,12.9,-0.1,32
2016-01-21,2461,71000,907250,12.8,12.85,12.7,12.85,-0.05,41
2016-01-22,2461,92004,1169399,12.85,12.85,12.6,12.75,-0.1,52
2016-01-25,2461,89004,1136648,12.75,12.85,12.7,12.85,0.1,66
2016-01-26,2461,4003,51036,12.7,12.8,12.7,12.8,-0.05,7
2016-01-27,2461,115128,1471477,12.75,12.9,12.7,12.75,-0.05,48
2016-01-28,2461,136003,1728139,12.75,12.75,12.65,12.75,0.0,57
2016-01-29,2461,87010,1113874,12.75,12.85,12.75,12.75,0.0,44
2016-01-30,2461,96399,1241687,12.85,13.0,12.8,12.85,0.1,56
2016-02-01,2461,168311,2181467,13.0,13.1,12.8,12.95,0.1,110
2016-02-02,2461,2407743,33839448,13.1,14.2,13.1,14.2,1.25,803
2016-02-03,2461,2258362,32678041,14.4,14.95,13.9,13.9,-0.3,927
2016-02-15,2461,244961,3383648,13.65,14.0,13.6,13.85,-0.05,167
2016-02-16,2461,2015141,30059366,14.8,15.2,14.5,14.8,0.95,747
2016-02-17,2461,1069233,15805310,15.0,15.1,14.55,14.65,-0.15,402
2016-02-18,2461,676205,9991487,14.75,15.2,14.6,14.6,-0.05,288
2016-02-19,2461,362008,5248015,14.65,14.7,14.35,14.4,-0.2,168
2016-02-22,2461,330837,4775332,14.45,14.5,14.3,14.5,0.1,142
2016-02-23,2461,353012,5130168,14.65,14.7,14.45,14.6,0.1,156
2016-02-24,2461,246011,3560004,14.55,14.6,14.35,14.4,-0.2,116
2016-02-25,2461,257973,3699006,14.4,14.45,14.3,14.35,-0.05,125
2016-02-26,2461,275004,3944256,14.35,14.45,14.25,14.35,0.0,115
2016-03-01,2461,229017,3325441,14.4,14.65,14.3,14.55,0.2,110
2016-03-02,2461,389292,5654029,14.6,14.65,14.4,14.55,0.0,154
2016-03-03,2461,1511016,22758190,14.5,15.5,14.5,15.0,0.45,522
2016-03-04,2461,451519,6789721,14.95,15.15,14.95,14.95,-0.05,186
2016-03-07,2461,668531,10054915,15.05,15.2,14.9,15.05,0.1,231
2016-03-08,2461,897008,13451920,15.15,15.2,14.75,15.2,0.15,210
2016-03-09,2461,474343,7246828,15.3,15.35,15.15,15.25,0.05,188
2016-03-10,2461,704663,10891787,15.2,15.7,15.2,15.7,0.45,243
2016-03-11,2461,813472,12526965,15.75,15.75,15.25,15.25,-0.45,291
2016-03-14,2461,468043,7107296,15.4,15.4,15.1,15.25,0.0,178
2016-03-15,2461,620042,9293351,15.3,15.3,14.8,14.8,-0.45,203
2016-03-16,2461,429081,6452315,14.85,15.15,14.8,15.05,0.25,162
2016-03-17,2461,191037,2870822,15.15,15.25,14.85,14.85,-0.2,118
2016-03-18,2461,284027,4266055,14.85,15.15,14.85,15.05,0.2,127
2016-03-21,2461,169049,2530638,15.0,15.05,14.9,14.9,-0.15,109
2016-03-22,2461,364152,5438230,14.9,15.05,14.9,14.9,0.0,108
2016-03-23,2461,1544979,23102768,14.95,15.15,14.65,14.9,0.0,353
2016-03-24,2461,2389310,36147300,14.95,15.35,14.9,15.05,0.15,482
2016-03-25,2461,1328007,20214805,15.05,15.5,15.05,15.1,0.05,288
2016-03-28,2461,514008,7808020,15.2,15.3,15.05,15.05,-0.05,164
2016-03-29,2461,604023,8824474,15.1,15.1,14.35,14.45,-0.6,248
2016-03-30,2461,677367,9766681,14.55,14.6,14.3,14.5,0.05,221
2016-03-31,2461,1303005,19030220,14.4,15.05,14.3,14.5,0.0,237
2016-04-01,2461,138182,2000095,14.45,14.6,14.4,14.5,0.0,135
2016-04-06,2461,120508,1738952,14.55,14.55,14.35,14.45,-0.05,89
2016-04-07,2461,208182,3006618,14.5,14.55,14.4,14.45,0.0,91
2016-04-08,2461,143346,2079183,14.5,14.6,14.45,14.6,0.15,50
2016-04-11,2461,344604,5076207,14.65,14.8,14.65,14.65,0.05,153
2016-04-12,2461,463497,6762448,14.7,14.7,14.5,14.55,-0.1,177
2016-04-13,2461,416267,6090368,14.6,14.7,14.55,14.55,0.0,104
2016-04-14,2461,614243,8984732,14.65,14.7,14.5,14.6,0.05,126
2016-04-15,2461,264803,3859452,14.6,14.65,14.5,14.5,-0.1,82
2016-04-18,2461,213189,3052391,14.3,14.45,14.2,14.3,-0.2,98
2016-04-19,2461,332006,4749534,14.4,14.4,14.25,14.3,0.0,92
2016-04-20,2461,257300,3676608,14.35,14.4,14.15,14.25,-0.05,118
2016-04-21,2461,371000,5280250,14.25,14.35,14.15,14.2,-0.05,88
2016-04-22,2461,848010,11990490,14.2,14.4,14.0,14.1,-0.1,171
2016-04-25,2461,190588,2672360,14.1,14.25,13.95,14.05,-0.05,74
2016-04-26,2461,285081,4030641,14.1,14.25,14.1,14.15,0.1,69
2016-04-27,2461,235001,3335314,14.2,14.25,14.1,14.1,-0.05,40
2016-04-28,2461,253817,3583469,14.2,14.2,14.0,14.15,0.05,56
2016-04-29,2461,308799,4275083,14.15,14.15,13.7,13.7,-0.45,133
2016-05-03,2461,85150,1162388,13.7,13.75,13.5,13.65,-0.05,44
2016-05-04,2461,380007,5061093,13.65,13.65,13.2,13.25,-0.4,123
2016-05-05,2461,145181,1930539,13.25,13.4,13.2,13.3,0.05,75
2016-05-06,2461,94006,1253030,13.35,13.45,13.3,13.4,0.1,29
2016-05-09,2461,297050,3987479,13.3,13.75,13.3,13.65,0.25,98
2016-05-10,2461,102008,1396660,13.7,13.75,13.55,13.65,0.0,45
2016-05-11,2461,107000,1444400,13.55,13.6,13.45,13.45,-0.2,68
2016-05-12,2461,239466,3295533,13.5,13.9,13.5,13.8,0.35,89
2016-05-13,2461,1299002,17266326,13.4,13.8,13.0,13.6,-0.2,271
2016-05-16,2461,412002,5516826,13.55,13.8,13.2,13.8,0.2,133
2016-05-17,2461,156300,2158675,13.8,13.9,13.65,13.8,0.0,60
2016-05-18,2461,213162,2940984,13.55,13.9,13.55,13.9,0.1,105
2016-05-19,2461,213000,2959650,13.9,13.95,13.85,13.9,0.0,81
2016-05-20,2461,54131,748506,13.85,13.85,13.75,13.85,-0.05,37
2016-05-23,2461,268168,3804700,13.8,14.4,13.8,14.4,0.55,114
2016-05-24,2461,173104,2475051,14.3,14.4,14.2,14.35,-0.05,70
2016-05-25,2461,225805,3229280,14.4,14.4,14.25,14.3,-0.05,61
2016-05-26,2461,147002,2094428,14.2,14.3,14.2,14.25,-0.05,39
2016-05-27,2461,209002,2954376,14.2,14.3,13.95,13.95,-0.3,77
2016-05-30,2461,55004,777756,14.1,14.2,14.1,14.1,0.15,32
2016-05-31,2461,78081,1106342,14.1,14.2,14.05,14.2,0.1,39
2016-06-01,2461,160000,2276650,14.3,14.35,14.15,14.15,-0.05,55
2016-06-02,2461,97471,1376944,14.15,14.15,14.1,14.1,-0.05,39
2016-06-03,2461,101150,1431787,14.1,14.3,14.0,14.15,0.05,56
2016-06-04,2461,45051,635465,14.15,14.15,14.1,14.1,-0.05,16
2016-06-06,2461,58224,820646,14.1,14.15,14.05,14.15,0.05,38
2016-06-07,2461,206574,2898062,14.1,14.15,13.95,13.95,-0.2,109
2016-06-08,2461,108000,1513750,14.1,14.1,13.95,13.95,0.0,55
2016-06-13,2461,71045,983564,13.95,13.95,13.8,13.8,-0.15,52
2016-06-14,2461,170200,2350639,13.8,13.9,13.75,13.85,0.05,63
2016-06-15,2461,97264,1354146,13.8,14.1,13.75,14.1,0.25,58
2016-06-16,2461,85200,1195160,14.05,14.1,13.95,13.95,-0.15,40
2016-06-17,2461,188002,2619076,14.05,14.05,13.85,13.85,-0.1,72
2016-06-20,2461,368301,5196764,13.95,14.3,13.95,14.1,0.25,165
2016-06-21,2461,227500,3195325,14.1,14.15,13.95,14.15,0.05,72
2016-06-22,2461,262749,3686186,14.1,14.1,13.95,14.1,-0.05,90
2016-06-23,2461,439718,6152427,14.05,14.05,13.95,13.95,-0.15,143
2016-06-24,2461,486000,6552750,13.55,13.7,13.25,13.5,0.0,221
2016-06-27,2461,242004,3284506,13.3,13.9,13.3,13.9,0.4,83
2016-06-28,2461,172009,2385767,14.1,14.1,13.75,13.8,-0.1,80
2016-06-29,2461,210015,2909955,13.95,13.95,13.8,13.9,0.1,46
2016-06-30,2461,164091,2275274,13.9,13.95,13.75,13.95,0.05,60
2016-07-01,2461,107701,1504627,14.05,14.05,13.8,13.85,-0.1,53
2016-07-04,2461,207001,2889514,13.95,14.05,13.9,14.0,0.15,63
2016-07-05,2461,110001,1539014,14.0,14.05,13.9,14.05,0.05,38
2016-07-06,2461,141000,1966750,14.0,14.0,13.9,13.95,-0.1,50
2016-07-07,2461,671197,9591087,14.0,14.5,13.9,14.15,0.2,244
2016-07-11,2461,515007,7302098,14.35,14.35,14.1,14.15,0.0,122
2016-07-12,2461,223664,3165961,14.1,14.25,14.1,14.15,0.0,86
2016-07-13,2461,209303,2950136,14.2,14.2,14.0,14.05,-0.1,76
2016-07-14,2461,305281,4347340,14.2,14.3,14.15,14.25,0.2,120
2016-07-15,2461,196235,2802258,14.35,14.35,14.15,14.35,0.1,88
2016-07-18,2461,128004,1837906,14.35,14.4,14.3,14.35,0.0,55
2016-07-19,2461,227078,3264019,14.35,14.5,14.3,14.4,0.05,80
2016-07-20,2461,263100,3785235,14.4,14.5,14.3,14.4,0.0,91
2016-07-21,2461,130001,1878714,14.4,14.5,14.4,14.45,0.05,59
2016-07-22,2461,151007,2174900,14.45,14.45,14.35,14.4,-0.05,51
2016-07-25,2461,188009,2685977,14.4,14.4,14.2,14.2,-0.2,57
2016-07-26,2461,114554,1650374,14.3,14.6,14.2,14.5,0.3,65
2016-07-27,2461,145734,2106816,14.5,14.6,14.35,14.45,-0.05,75
2016-07-28,2461,227003,3266142,14.55,14.55,14.3,14.3,-0.15,66
2016-07-29,2461,375820,5436438,14.4,14.6,14.25,14.6,0.3,100
2016-08-01,2461,309018,4547412,14.85,14.85,14.55,14.75,0.15,108
2016-08-02,2461,192964,2829918,14.6,14.8,14.55,14.65,-0.1,82
2016-08-03,2461,150013,2171835,14.65,14.65,14.4,14.55,-0.1,65
2016-08-04,2461,155011,2244104,14.75,14.75,14.35,14.45,-0.1,70
2016-08-05,2461,280245,4006828,14.4,14.4,14.25,14.25,-0.2,132
2016-08-08,2461,74491,1064319,14.3,14.35,14.25,14.35,0.1,37
2016-08-09,2461,111211,1586291,14.2,14.35,14.2,14.3,-0.05,60
2016-08-10,2461,255263,3622519,14.2,14.3,14.15,14.15,-0.15,92
2016-08-11,2461,234163,3325004,14.25,14.3,14.1,14.15,0.0,78
2016-08-12,2461,87098,1232581,14.3,14.3,14.1,14.15,0.0,43
2016-08-15,2461,147572,2083758,14.2,14.25,14.0,14.05,-0.1,51
2016-08-16,2461,117802,1651177,14.05,14.05,13.95,14.0,-0.05,53
2016-08-17,2461,88428,1241640,14.1,14.1,14.0,14.05,0.05,42
2016-08-18,2461,849873,12371670,14.1,14.8,14.1,14.75,0.7,338
2016-08-19,2461,374932,5521059,14.9,14.95,14.65,14.65,-0.1,145
2016-08-22,2461,1864975,28418516,14.5,15.7,14.5,15.2,0.55,790
2016-08-23,2461,1116088,17113455,15.4,15.55,15.05,15.45,0.25,447
2016-08-24,2461,2044173,32648618,15.5,16.15,15.45,16.0,0.55,833
2016-08-25,2461,745095,11892884,15.9,16.2,15.8,15.9,-0.1,326
2016-08-26,2461,365070,5776443,15.9,15.9,15.75,15.8,-0.1,148
2016-08-29,2461,801667,12889781,15.8,16.25,15.8,15.9,0.1,368
2016-08-30,2461,1000146,16181614,16.0,16.45,15.8,16.45,0.55,394
2016-08-31,2461,1613217,26483804,16.45,16.8,15.9,15.9,-0.55,669
2016-09-01,2461,518000,8180250,15.9,15.9,15.7,15.8,-0.1,174
2016-09-02,2461,313005,4955875,15.8,16.0,15.7,15.7,-0.1,131
2016-09-05,2461,335675,5330844,16.0,16.1,15.7,15.75,0.05,132
2016-09-06,2461,466653,7415745,15.55,16.05,15.55,15.95,0.2,159
2016-09-07,2461,735107,11887082,16.0,16.35,16.0,16.05,0.1,276
2016-09-08,2461,327102,5285852,16.05,16.3,16.05,16.05,0.0,131
2016-09-09,2461,615663,10023853,16.05,16.45,16.05,16.45,0.4,231
2016-09-10,2461,1673503,27855122,16.3,16.95,16.2,16.6,0.15,626
2016-09-12,2461,743910,12129089,16.65,16.65,16.2,16.25,-0.35,203
2016-09-13,2461,366500,5921250,16.3,16.35,16.05,16.25,0.0,120
2016-09-14,2461,259000,4175600,16.3,16.3,16.0,16.1,-0.15,98
2016-09-19,2461,441892,7208387,16.2,16.4,16.2,16.35,0.25,152
2016-09-20,2461,649207,10740415,16.3,16.8,16.3,16.55,0.2,207
2016-09-21,2461,943050,15728079,16.65,16.8,16.55,16.7,0.15,309
2016-09-22,2461,2817699,48320733,16.85,17.45,16.85,17.1,0.4,990
2016-09-23,2461,1013244,17337398,17.15,17.3,16.85,17.1,0.0,347
2016-09-26,2461,502372,8575924,17.2,17.25,16.9,17.1,0.0,230
2016-09-29,2461,670000,11429050,17.1,17.15,16.95,17.15,0.05,271
2016-09-30,2461,2691171,46818149,17.0,17.7,17.0,17.2,0.05,918
2016-10-03,2461,651022,11127224,17.2,17.25,16.95,17.15,-0.05,247
2016-10-04,2461,715005,12164082,17.2,17.25,16.9,16.95,-0.2,253
2016-10-05,2461,404000,6851750,16.9,17.05,16.85,16.9,-0.05,152
2016-10-06,2461,509522,8619969,16.9,17.05,16.8,16.85,-0.05,162
2016-10-07,2461,388163,6554303,16.8,17.0,16.8,16.9,0.05,154
2016-10-11,2461,1020150,16785264,16.95,17.1,16.05,16.15,-0.75,377
2016-10-12,2461,762494,12611698,16.25,16.8,16.15,16.65,0.5,253
2016-10-13,2461,301089,4980026,16.65,16.7,16.35,16.7,0.05,109
2016-10-14,2461,201209,3314187,16.8,16.85,16.3,16.5,-0.2,96
2016-10-17,2461,217008,3595628,16.5,16.7,16.4,16.5,0.0,82
2016-10-18,2461,238418,3939466,16.5,16.75,16.35,16.6,0.1,90
2016-10-19,2461,486245,8174028,16.7,16.95,16.5,16.7,0.1,172
2016-10-20,2461,258044,4311531,16.7,16.8,16.65,16.7,0.0,68
2016-10-21,2461,175086,2929326,16.7,16.8,16.65,16.75,0.05,64
2016-10-24,2461,177003,2961798,16.75,16.8,16.65,16.7,-0.05,78
2016-10-25,2461,2430708,42229876,16.6,17.8,16.6,17.3,0.6,839
2016-10-26,2461,905050,15756559,17.4,17.65,17.15,17.3,0.0,302
2016-10-27,2461,1046202,17716602,17.3,17.4,16.55,16.7,-0.6,334
2016-10-28,2461,444002,7366532,16.85,16.85,16.45,16.6,-0.1,187
2016-10-31,2461,431408,7200642,16.6,17.0,16.4,17.0,0.4,180
2016-11-01,2461,394043,6562062,16.8,16.9,16.55,16.7,-0.3,154
2016-11-02,2461,521887,8536606,16.5,16.5,16.25,16.4,-0.3,208
2016-11-03,2461,407150,6606629,16.4,16.4,16.1,16.2,-0.2,128
2016-11-04,2461,135199,2180122,16.2,16.25,16.0,16.2,0.0,70
2016-11-07,2461,531005,8609380,16.25,16.4,16.05,16.1,-0.1,128
2016-11-08,2461,188934,3060379,16.25,16.3,16.05,16.25,0.15,87
2016-11-09,2461,701887,11141678,16.1,16.25,15.55,15.7,-0.55,258
2016-11-10,2461,1484081,24655448,16.85,16.85,16.4,16.75,1.05,403
2016-11-11,2461,885734,14804753,16.4,16.95,16.3,16.75,0.0,356
2016-11-14,2461,753011,12658937,16.75,16.95,16.65,16.95,0.2,195
2016-11-15,2461,1043641,17884791,17.1,17.25,17.0,17.2,0.25,327
2016-11-16,2461,833000,14359200,17.3,17.4,16.95,17.05,-0.15,286
2016-11-17,2461,404163,6821888,17.0,17.1,16.75,16.85,-0.2,156
2016-11-18,2461,518162,8712911,16.9,16.9,16.75,16.75,-0.1,135
2016-11-21,2461,2466533,42845223,16.95,17.7,16.85,17.5,0.75,748
2016-11-22,2461,671208,11692051,17.5,17.5,17.3,17.45,-0.05,304
2016-11-23,2461,623006,10749402,17.4,17.4,17.15,17.25,-0.2,229
2016-11-24,2461,522000,8940400,17.3,17.3,17.05,17.1,-0.15,193
2016-11-25,2461,801245,13711908,17.1,17.35,16.9,17.3,0.2,283
2016-11-28,2461,489122,8430989,17.35,17.35,17.15,17.25,-0.05,190
2016-11-29,2461,468880,8065991,17.25,17.25,17.15,17.2,-0.05,127
2016-11-30,2461,544655,9298117,17.2,17.2,16.9,17.15,-0.05,188
2016-12-01,2461,2092353,36395037,17.05,17.6,17.05,17.3,0.15,482
2016-12-02,2461,977352,16968929,17.3,17.55,17.15,17.55,0.25,327
2016-12-05,2461,3323341,57967297,17.8,17.9,16.8,17.1,-0.45,882
2016-12-06,2461,2174788,37839358,17.25,17.55,17.15,17.5,0.4,518
2016-12-07,2461,1772217,31037873,17.55,17.6,17.45,17.5,0.0,411
2016-12-08,2461,998385,17441248,17.5,17.55,17.4,17.45,-0.05,247
2016-12-09,2461,5783963,103613070,17.45,18.4,17.45,18.4,0.95,1604
2016-12-12,2461,12427004,231021370,18.65,19.1,18.15,18.2,-0.2,4317
2016-12-13,2461,4792072,86176908,18.25,18.45,17.6,18.3,0.1,1841
2016-12-14,2461,5194697,97194532,18.45,18.95,18.15,18.85,0.55,1774
2016-12-15,2461,4108169,77518842,18.9,19.3,18.5,18.55,-0.3,1607
2016-12-16,2461,1717993,31701616,18.6,18.8,18.3,18.3,-0.25,733
2016-12-19,2461,1210100,22024200,18.3,18.4,18.05,18.1,-0.2,465
2016-12-20,2461,9308859,178542145,18.2,19.9,18.1,19.9,1.8,2742
2016-12-21,2461,9821772,194989503,20.2,20.2,19.4,19.5,-0.4,3317
2016-12-22,2461,3988512,76155473,19.5,19.65,18.85,19.0,-0.5,1541
2016-12-23,2461,2599746,49860474,19.1,19.4,18.95,19.0,0.0,991
2016-12-26,2461,1869486,35265946,19.2,19.2,18.7,18.7,-0.3,776
2016-12-27,2461,2933320,55670929,18.85,19.3,18.65,18.75,0.05,1094
2016-12-28,2461,1980191,37606247,19.05,19.15,18.8,19.0,0.25,791
2016-12-29,2461,1182361,22312459,19.0,19.0,18.75,18.95,-0.05,483
2016-12-30,2461,2600651,48814341,19.1,19.1,18.55,18.6,-0.35,987
2017-01-03,2461,3634762,69230276,18.7,19.5,18.55,19.4,0.8,1232
2017-01-04,2461,3076338,59399605,19.4,19.45,19.15,19.25,-0.15,1114
2017-01-05,2461,2703816,52034105,19.3,19.5,19.0,19.15,-0.1,985
2017-01-06,2461,3473166,66843207,19.2,19.45,19.0,19.3,0.15,1308
2017-01-09,2461,11278986,200860592,19.3,19.3,17.4,17.45,-1.85,3618
2017-01-10,2461,3025175,53463860,17.6,17.9,17.45,17.65,0.2,1167
2017-01-11,2461,2516380,45147590,17.85,18.15,17.75,17.85,0.2,995
2017-01-12,2461,4458307,77318326,17.9,17.9,17.15,17.3,-0.55,1678
2017-01-13,2461,1949468,33520851,17.3,17.4,17.05,17.2,-0.1,673
2017-01-16,2461,1381133,23552587,17.2,17.3,16.9,17.05,-0.15,525
2017-01-17,2461,1956369,33002079,17.05,17.15,16.7,17.0,-0.05,766
2017-01-18,2461,1718792,29618552,17.0,17.4,16.95,17.15,0.15,649
2017-01-19,2461,1318076,22505148,17.25,17.25,16.95,16.95,-0.2,508
2017-01-20,2461,598016,10166522,16.9,17.1,16.9,17.05,0.1,292
2017-01-23,2461,968306,16390101,17.05,17.05,16.85,16.9,-0.15,424
2017-01-24,2461,1047002,17649132,16.95,17.05,16.8,16.8,-0.1,389
2017-02-02,2461,1117546,18745716,16.9,16.95,16.6,16.7,-0.1,434
2017-02-03,2461,2034484,34753396,16.85,17.25,16.75,17.15,0.45,835
2017-02-06,2461,1675631,29117588,17.3,17.55,17.25,17.5,0.35,716
2017-02-07,2461,1113816,19425895,17.5,17.55,17.35,17.4,-0.1,407
2017-02-08,2461,805012,13895706,17.4,17.4,17.2,17.2,-0.2,301
2017-02-09,2461,1153200,19707657,17.2,17.25,16.95,17.1,-0.1,423
2017-02-10,2461,1733390,29978680,17.2,17.55,17.05,17.1,0.0,623
2017-02-13,2461,2278121,37876057,16.9,16.9,16.4,16.6,-0.5,854
2017-02-14,2461,1226009,20355012,16.7,16.8,16.5,16.6,0.0,400
2017-02-15,2461,1554292,26379204,16.7,17.1,16.7,17.05,0.45,671
2017-02-16,2461,789474,13408818,17.05,17.1,16.85,16.9,-0.15,327
2017-02-17,2461,580217,9857168,16.9,17.05,16.9,17.0,0.1,280
2017-02-18,2461,676728,11573567,17.05,17.2,17.0,17.15,0.15,255
2017-02-20,2461,800416,13732098,17.2,17.3,17.05,17.2,0.05,326
2017-02-21,2461,965224,16551017,17.3,17.3,17.05,17.15,-0.05,315
2017-02-22,2461,1890856,32766468,17.2,17.45,17.15,17.3,0.15,643
2017-02-23,2461,1600532,27887168,17.45,17.65,17.25,17.3,0.0,545
2017-02-24,2461,1192872,20373509,17.3,17.3,17.0,17.05,-0.25,389
2017-03-01,2461,1175156,19782386,17.05,17.1,16.65,16.8,-0.25,512
2017-03-02,2461,1052582,17544072,16.8,16.9,16.5,16.6,-0.2,469
2017-03-03,2461,1395569,23358819,16.6,17.0,16.5,16.85,0.25,635
2017-03-06,2461,486793,8241307,17.05,17.05,16.85,16.95,0.1,265
2017-03-07,2461,509490,8628287,16.95,17.0,16.9,17.0,0.05,228
2017-03-08,2461,1513327,25792309,17.0,17.2,16.8,16.85,-0.15,503
2017-03-09,2461,683237,11443077,16.85,16.95,16.65,16.75,-0.1,274
2017-03-10,2461,1039202,17184063,16.75,16.75,16.4,16.55,-0.2,430
2017-03-13,2461,2317719,36967514,16.1,16.2,15.6,15.95,-0.6,945
2017-03-14,2461,638179,10325637,16.1,16.3,16.05,16.15,0.2,316
2017-03-15,2461,605135,9805930,16.15,16.35,16.1,16.1,-0.05,259
2017-03-16,2461,823442,13348692,16.2,16.35,16.15,16.2,0.1,321
2017-03-17,2461,522001,8494017,16.3,16.4,16.2,16.35,0.15,224
2017-03-20,2461,1246552,20725109,16.45,16.75,16.4,16.7,0.35,530
2017-03-21,2461,677344,11201961,16.7,16.7,16.4,16.6,-0.1,266
2017-03-22,2461,615246,10239657,16.55,16.8,16.45,16.8,0.2,269
2017-03-23,2461,2372408,40513236,16.9,17.25,16.8,16.9,0.1,813
2017-03-24,2461,915715,15494199,16.9,17.05,16.8,16.95,0.05,319
2017-03-27,2461,1052288,17785608,16.95,17.1,16.6,16.65,-0.3,376
2017-03-28,2461,907990,14862833,16.65,16.75,16.1,16.35,-0.3,349
2017-03-29,2461,384350,6297179,16.35,16.45,16.25,16.45,0.1,151
2017-03-30,2461,2231783,37903611,16.4,17.2,16.4,17.05,0.6,880
2017-03-31,2461,3731213,60561809,16.5,16.7,16.05,16.2,-0.85,1578
2017-04-05,2461,1440526,23132410,16.2,16.3,15.9,16.1,-0.1,561
2017-04-06,2461,1290227,20546892,16.1,16.15,15.8,15.9,-0.2,441
2017-04-07,2461,853509,13608475,15.95,16.05,15.85,15.9,0.0,317
2017-04-10,2461,1363274,21802344,15.9,16.15,15.9,15.9,0.0,492
2017-04-11,2461,941170,15009977,16.0,16.0,15.85,15.9,0.0,288
2017-04-12,2461,806729,12772510,15.9,16.0,15.7,15.75,-0.15,274
2017-04-13,2461,451845,7168521,15.75,16.0,15.75,15.8,0.05,157
2017-04-14,2461,881734,13769256,15.85,15.9,15.5,15.55,-0.25,329
2017-04-17,2461,765012,11666842,15.55,15.75,15.05,15.2,-0.35,334
2017-04-18,2461,410010,6278110,15.35,15.45,15.2,15.3,0.1,170
2017-04-19,2461,364023,5593598,15.4,15.5,15.2,15.35,0.05,143
2017-04-20,2461,514698,7915866,15.35,15.5,15.3,15.4,0.05,147
2017-04-21,2461,352242,5423859,15.5,15.5,15.3,15.4,0.0,152
2017-04-24,2461,352004,5409310,15.4,15.45,15.25,15.4,0.0,134
2017-04-25,2461,170845,2641402,15.45,15.5,15.4,15.45,0.05,101
2017-04-26,2461,518682,8143488,15.5,15.8,15.5,15.7,0.25,246
2017-04-27,2461,554163,8799189,15.75,15.95,15.75,15.9,0.2,229
2017-04-28,2461,279600,4426775,15.95,16.0,15.75,15.9,0.0,133
2017-05-02,2461,418211,6600182,15.85,15.9,15.65,15.65,-0.25,171
2017-05-03,2461,325207,5106258,15.7,15.8,15.65,15.75,0.1,109
2017-05-04,2461,343771,5441830,15.75,16.0,15.7,15.9,0.15,145
2017-05-05,2461,454081,7183536,15.9,15.9,15.8,15.9,0.0,139
2017-05-08,2461,902548,14485576,15.95,16.35,15.8,16.3,0.4,314
2017-05-09,2461,4927091,79521728,16.3,16.4,15.55,15.55,-0.75,1127
2017-05-10,2461,319572,4993028,15.55,15.75,15.55,15.75,0.2,156
2017-05-11,2461,722402,11188218,15.75,15.75,15.2,15.2,-0.55,305
2017-05-12,2461,486755,7448307,15.3,15.5,15.2,15.25,0.05,204
2017-05-15,2461,407817,6209467,15.25,15.35,15.15,15.15,-0.1,184
2017-05-16,2461,874501,13044589,15.2,15.2,14.75,14.85,-0.3,353
2017-05-17,2461,624001,9201266,14.85,14.95,14.65,14.65,-0.2,250
2017-05-18,2461,1514001,21613364,14.5,14.5,14.1,14.45,-0.2,549
2017-05-19,2461,1065430,15772905,14.35,15.05,14.35,14.9,0.45,552
2017-05-22,2461,209202,3119230,14.95,15.0,14.8,14.9,0.0,115
2017-05-23,2461,186968,2779622,14.9,15.05,14.8,14.85,-0.05,89
2017-05-24,2461,276818,4134155,14.95,15.05,14.85,14.85,0.0,144
2017-05-25,2461,234328,3505486,14.9,15.05,14.9,15.0,0.15,101
2017-05-26,2461,302206,4550098,15.05,15.1,15.0,15.1,0.1,143
2017-05-31,2461,379308,5724465,15.15,15.2,15.0,15.15,0.05,151
2017-06-01,2461,336161,5081279,15.1,15.15,15.05,15.15,0.0,149
2017-06-02,2461,337486,5125688,15.2,15.25,15.1,15.2,0.05,158
2017-06-03,2461,496213,7479832,15.3,15.3,15.0,15.0,-0.2,167
2017-06-05,2461,458250,6899475,15.15,15.2,15.0,15.1,0.1,181
2017-06-06,2461,435000,6587350,15.2,15.2,15.1,15.1,0.0,144
2017-06-07,2461,169167,2559168,15.05,15.2,15.05,15.2,0.1,86
2017-06-08,2461,327400,4993180,15.25,15.3,15.2,15.3,0.1,147
2017-06-09,2461,313002,4755380,15.35,15.35,15.1,15.1,-0.2,93
2017-06-12,2461,556812,8523921,15.25,15.45,15.2,15.25,0.15,202
2017-06-13,2461,280065,4281354,15.25,15.3,15.25,15.3,0.05,116
2017-06-14,2461,443001,6644715,15.4,15.4,14.8,15.0,-0.3,196
2017-06-15,2461,193081,2917831,15.1,15.15,15.05,15.15,0.15,109
2017-06-16,2461,322426,4932795,15.15,15.45,15.1,15.3,0.15,183
2017-06-19,2461,259632,3992553,15.3,15.4,15.3,15.35,0.05,144
2017-06-20,2461,150491,2301911,15.35,15.4,15.2,15.35,0.0,97
2017-06-21,2461,224300,3444969,15.4,15.4,15.25,15.4,0.05,118
2017-06-22,2461,159082,2440012,15.4,15.4,15.3,15.35,-0.05,89
2017-06-23,2461,120181,1833710,15.3,15.35,15.2,15.25,-0.1,73
2017-06-26,2461,514026,7817895,15.25,15.3,15.1,15.15,-0.1,156
2017-06-27,2461,2763652,43242567,15.15,15.85,15.15,15.7,0.55,1087
2017-06-28,2461,1170327,18557681,15.65,16.1,15.65,15.75,0.05,544
2017-06-29,2461,654621,10227930,15.8,15.85,15.3,15.4,-0.35,272
2017-06-30,2461,237131,3668199,15.4,15.6,15.25,15.6,0.2,128
2017-07-03,2461,237547,3729809,15.85,15.85,15.65,15.7,0.1,101
2017-07-04,2461,489800,7602559,15.7,15.7,15.45,15.5,-0.2,207
2017-07-05,2461,789012,12195937,15.4,15.6,15.35,15.55,0.05,302
2017-07-06,2461,569888,8446491,14.75,14.9,14.75,14.85,0.0,268
2017-07-07,2461,395002,5833428,14.85,14.85,14.7,14.7,-0.15,157
2017-07-10,2461,224046,3293721,14.7,14.8,14.65,14.7,0.0,122
2017-07-11,2461,286001,4243465,14.95,14.95,14.75,14.9,0.2,106
2017-07-12,2461,497551,7315176,14.8,14.9,14.6,14.65,-0.25,202
2017-07-13,2461,270837,3994877,14.75,14.85,14.65,14.8,0.15,135
2017-07-14,2461,257933,3820450,14.75,14.9,14.7,14.9,0.1,108
2017-07-17,2461,185213,2761821,14.9,15.0,14.85,14.9,0.0,93
2017-07-18,2461,186528,2790759,14.95,15.0,14.9,14.95,0.05,116
2017-07-19,2461,281002,4217780,14.9,15.1,14.9,15.0,0.05,117
2017-07-20,2461,175096,2616228,15.05,15.05,14.9,14.9,-0.1,79
2017-07-21,2461,289213,4308969,14.95,14.95,14.8,14.9,0.0,113
2017-07-24,2461,200950,2996653,15.0,15.0,14.85,14.95,0.05,85
2017-07-25,2461,373408,5602770,15.0,15.1,14.95,15.05,0.1,133
2017-07-26,2461,454081,6877773,15.05,15.3,15.05,15.15,0.1,166
2017-07-27,2461,406201,6145705,15.15,15.25,15.05,15.2,0.05,131
2017-07-28,2461,577115,8757738,15.2,15.3,15.1,15.15,-0.05,169
2017-07-31,2461,265490,4009899,15.15,15.15,15.05,15.15,0.0,83
2017-08-01,2461,310015,4692726,15.05,15.2,15.05,15.2,0.05,113
2017-08-02,2461,253321,3829595,15.2,15.2,15.05,15.15,-0.05,109
2017-08-03,2461,4005450,61614133,15.15,15.65,15.15,15.2,0.05,1270
2017-08-04,2461,1296213,19760637,15.15,15.4,15.15,15.25,0.05,384
2017-08-07,2461,1393280,21406360,15.35,15.5,15.25,15.5,0.25,363
2017-08-08,2461,1550181,23657701,15.55,15.55,15.1,15.25,-0.25,437
2017-08-09,2461,1129181,17057150,15.25,15.25,15.0,15.25,0.0,329
2017-08-10,2461,4746928,74758192,15.55,16.3,15.4,15.45,0.2,1548
2017-08-11,2461,2162189,32710622,15.0,15.35,14.9,15.1,-0.35,672
2017-08-14,2461,1146500,17187173,15.1,15.2,14.8,14.8,-0.3,366
2017-08-15,2461,792673,11808384,14.8,15.05,14.8,14.85,0.05,228
2017-08-16,2461,439864,6528628,14.85,14.9,14.8,14.85,0.0,172
2017-08-17,2461,421000,6280000,14.95,15.1,14.8,14.95,0.1,191
2017-08-18,2461,368887,5501175,14.95,15.0,14.85,14.85,-0.1,156
2017-08-21,2461,337001,5027315,14.85,15.0,14.85,15.0,0.15,138
2017-08-22,2461,529000,8044000,15.0,15.35,15.0,15.25,0.25,209
2017-08-23,2461,372514,5675086,15.25,15.35,15.15,15.2,-0.05,143
2017-08-24,2461,437490,6660521,15.25,15.25,15.15,15.25,0.05,161
2017-08-25,2461,426093,6492760,15.3,15.3,15.2,15.25,0.0,154
2017-08-28,2461,951434,14587917,15.25,15.45,15.25,15.25,0.0,305
2017-08-29,2461,1398182,21043706,15.25,15.3,14.95,14.95,-0.3,419
2017-08-30,2461,556232,8401313,15.05,15.2,15.05,15.1,0.15,214
2017-08-31,2461,237166,3602763,15.2,15.25,15.15,15.2,0.1,129
2017-09-01,2461,1202399,18544434,15.25,15.55,15.25,15.4,0.2,430
2017-09-04,2461,1620635,25376691,15.55,15.8,15.55,15.6,0.2,588
2017-09-05,2461,929165,14550680,15.75,15.75,15.5,15.65,0.05,379
2017-09-06,2461,499001,7757065,15.65,15.65,15.5,15.55,-0.1,196
2017-09-07,2461,824819,12927033,15.55,15.85,15.55,15.6,0.05,301
2017-09-08,2461,590501,9206988,15.6,15.65,15.55,15.65,0.05,207
2017-09-11,2461,1272576,20224458,15.95,16.15,15.75,15.85,0.2,466
2017-09-12,2461,622489,9808225,15.9,15.9,15.65,15.75,-0.1,218
2017-09-13,2461,511200,8004319,15.85,15.85,15.55,15.7,-0.05,198
2017-09-14,2461,814101,12884066,15.75,15.95,15.6,15.9,0.2,331
2017-09-15,2461,402200,6374200,15.95,15.95,15.75,15.85,-0.05,165
2017-09-18,2461,1043579,16671191,16.0,16.15,15.9,16.0,0.15,328
2017-09-19,2461,976352,15646193,16.2,16.2,15.8,16.0,0.0,424
2017-09-20,2461,532206,8420146,16.05,16.05,15.7,15.7,-0.3,224
2017-09-21,2461,319000,5017500,15.65,15.85,15.65,15.7,0.0,121
2017-09-22,2461,690407,10763247,15.7,15.7,15.5,15.6,-0.1,262
2017-09-25,2461,716177,11082292,15.6,15.6,15.3,15.6,0.0,212
2017-09-26,2461,1219676,19206545,15.5,15.95,15.5,15.75,0.15,337
2017-09-27,2461,2722960,43065716,15.75,16.15,15.55,15.55,-0.2,631
2017-09-28,2461,1251389,19322919,15.65,15.65,15.35,15.35,-0.2,292
2017-09-29,2461,602783,9194488,15.35,15.4,15.15,15.3,-0.05,249
2017-09-30,2461,1085000,16532900,15.3,15.3,15.15,15.25,-0.05,227
2017-10-02,2461,4146327,64027718,15.25,15.6,15.25,15.4,0.15,761
2017-10-03,2461,3893213,60122750,15.45,15.5,15.3,15.35,-0.05,816
2017-10-05,2461,2217513,34234827,15.45,15.5,15.35,15.5,0.15,595
2017-10-06,2461,1736846,26836812,15.5,15.55,15.35,15.45,-0.05,436
2017-10-11,2461,1541419,23570644,15.5,15.55,15.1,15.2,-0.25,442
2017-10-12,2461,1560000,23609848,15.25,15.3,15.05,15.1,-0.1,449
2017-10-13,2461,661778,9994254,15.05,15.15,15.0,15.1,0.0,265
2017-10-16,2461,1318771,20132439,15.15,15.35,15.1,15.25,0.15,332
2017-10-17,2461,1337887,20175887,15.25,15.3,15.0,15.05,-0.2,431
2017-10-18,2461,694972,10449430,15.15,15.15,15.0,15.0,-0.05,222
2017-10-19,2461,358788,5425645,15.05,15.2,15.05,15.15,0.15,158
2017-10-20,2461,484512,7329480,15.1,15.2,15.05,15.2,0.05,150
2017-10-23,2461,395225,5991532,15.2,15.25,15.1,15.1,-0.1,137
2017-10-24,2461,9477801,146765081,15.2,15.8,15.1,15.6,0.5,1752
2017-10-25,2461,1361801,21178724,15.6,15.65,15.45,15.5,-0.1,492
2017-10-26,2461,1203752,18653663,15.5,15.6,15.35,15.55,0.05,296
2017-10-27,2461,5926799,94817862,16.25,16.3,15.6,15.6,0.05,1483
2017-10-30,2461,2488581,38917555,15.65,15.9,15.3,15.55,-0.05,670
2017-10-31,2461,5717804,91515091,15.6,16.25,15.5,16.15,0.6,1578
2017-11-01,2461,19762559,340099507,16.3,17.7,16.05,17.3,1.15,5304
2017-11-02,2461,7600214,131699913,17.6,17.8,16.9,16.95,-0.35,2423
2017-11-03,2461,3013207,51125448,17.1,17.3,16.8,17.0,0.05,984
2017-11-06,2461,3081003,52590549,17.2,17.25,16.9,17.1,0.1,913
2017-11-07,2461,4895678,84689676,17.3,17.55,17.0,17.05,-0.05,1360
2017-11-08,2461,2348500,39870050,17.05,17.3,16.7,16.85,-0.2,747
2017-11-09,2461,1920163,32072097,17.0,17.1,16.35,16.6,-0.25,698
2017-11-10,2461,5357944,92057511,16.7,17.45,16.6,17.4,0.8,1553
2017-11-13,2461,8360637,133064597,16.7,16.7,15.7,15.7,-1.7,1978
2017-11-14,2461,3856588,58819533,15.55,15.65,15.1,15.2,-0.5,1313
2017-11-15,2461,1868004,28543608,15.3,15.4,15.15,15.35,0.15,640
2017-11-16,2461,2236360,35097822,15.35,15.85,15.35,15.75,0.4,653
2017-11-17,2461,5926858,96254212,16.05,16.45,15.85,16.4,0.65,2062
2017-11-20,2461,2136511,34528877,16.3,16.5,15.95,16.0,-0.4,739
2017-11-21,2461,1341163,21762915,16.05,16.35,16.05,16.2,0.2,433
2017-11-22,2461,1540001,24958716,16.25,16.4,16.05,16.25,0.05,433
2017-11-23,2461,6933206,118076959,16.35,17.6,16.25,17.35,1.1,2159
2017-11-24,2461,6917584,120545351,17.6,17.75,17.0,17.35,0.0,1888
2017-11-27,2461,13768561,247178212,17.55,18.25,17.55,17.65,0.3,3767
2017-11-28,2461,7645329,137814595,18.05,18.3,17.75,17.85,0.2,1913
2017-11-29,2461,14734353,273962527,18.1,19.3,17.95,18.8,0.95,4301
2017-11-30,2461,20778840,389500234,18.95,19.7,17.45,17.75,-1.05,5845
2017-12-01,2461,16934510,299262430,18.4,18.45,16.9,17.0,-0.75,4697
2017-12-04,2461,4147482,70485626,17.1,17.3,16.75,16.9,-0.1,1335
2017-12-05,2461,2778039,46480547,16.9,17.1,16.45,16.45,-0.45,995
2017-12-06,2461,2102119,34425812,16.5,16.7,16.15,16.2,-0.25,841
2017-12-07,2461,1988016,32085256,16.25,16.4,16.0,16.1,-0.1,655
2017-12-08,2461,1220201,19704826,16.25,16.3,15.95,16.3,0.2,440
2017-12-11,2461,2620500,43065950,16.1,16.75,16.05,16.45,0.15,759
2017-12-12,2461,1252826,20511711,16.5,16.6,16.25,16.25,-0.2,504
2017-12-13,2461,1495456,24254561,16.2,16.35,16.1,16.2,-0.05,582
2017-12-14,2461,1425201,23325655,16.3,16.6,16.2,16.3,0.1,527
2017-12-15,2461,709208,11471269,16.4,16.4,16.1,16.15,-0.15,329
2017-12-18,2461,1223003,19847848,16.15,16.4,16.1,16.2,0.05,361
2017-12-19,2461,944251,15306340,16.25,16.35,16.1,16.1,-0.1,333
2017-12-20,2461,1559251,25508916,16.1,16.5,16.1,16.2,0.1,470
2017-12-21,2461,842553,13624506,16.3,16.35,16.1,16.15,-0.05,263
2017-12-22,2461,1343172,21585917,16.15,16.25,15.95,15.95,-0.2,460
2017-12-25,2461,1504159,24006755,16.05,16.15,15.85,15.85,-0.1,447
2017-12-26,2461,2573529,41808816,16.05,16.5,16.05,16.1,0.25,1030
2017-12-27,2461,796254,12868687,16.0,16.3,16.0,16.15,0.05,302
2017-12-28,2461,733215,11870413,16.15,16.25,16.15,16.2,0.05,234
2017-12-29,2461,3422240,56769530,16.25,16.85,16.25,16.4,0.2,1116
2018-01-02,2461,1279221,21130946,16.4,16.65,16.4,16.6,0.2,454
2018-01-03,2461,1073363,17821209,16.7,16.75,16.5,16.55,-0.05,364
2018-01-04,2461,3187680,54327360,16.8,17.25,16.8,17.05,0.5,1132
2018-01-05,2461,1325365,22443883,17.05,17.2,16.8,16.85,-0.2,456
2018-01-08,2461,1187028,19803362,16.95,17.0,16.5,16.6,-0.25,433
2018-01-09,2461,5907721,99409103,16.6,17.05,16.6,16.6,0.0,949
2018-01-10,2461,1544486,25802015,16.65,16.85,16.6,16.7,0.1,406
2018-01-11,2461,1816201,30645903,16.7,17.05,16.55,16.85,0.15,452
2018-01-12,2461,1482817,24878937,16.85,17.05,16.55,16.65,-0.2,503
2018-01-15,2461,889631,14868367,16.8,16.85,16.6,16.65,0.0,305
2018-01-16,2461,1289681,21732352,16.75,16.95,16.7,16.8,0.15,453
2018-01-17,2461,2138590,36333042,16.9,17.15,16.85,17.0,0.2,639
2018-01-18,2461,1447322,24583340,17.2,17.2,16.85,16.9,-0.1,446
2018-01-19,2461,642081,10810247,16.9,16.95,16.75,16.8,-0.1,234
2018-01-22,2461,951487,15976676,16.95,16.95,16.7,16.8,0.0,315
2018-01-23,2461,2810565,47920193,16.85,17.2,16.85,17.0,0.2,954
2018-01-24,2461,4993485,87193908,17.1,17.75,17.05,17.55,0.55,1642
2018-01-25,2461,2162379,37257352,17.4,17.6,16.95,16.95,-0.6,838
2018-01-26,2461,1517161,25953237,17.05,17.25,17.0,17.05,0.1,355
2018-01-29,2461,1135281,19196171,17.15,17.2,16.75,16.75,-0.3,428
2018-01-30,2461,1785325,29576425,16.8,16.9,16.4,16.4,-0.35,574
2018-01-31,2461,811020,13287777,16.4,16.5,16.25,16.45,0.05,293
2018-02-01,2461,818178,13477739,16.45,16.6,16.35,16.45,0.0,290
2018-02-02,2461,734211,12105708,16.45,16.6,16.4,16.5,0.05,243
2018-02-05,2461,966792,15720578,16.2,16.4,16.05,16.25,-0.25,296
2018-02-06,2461,2636441,41038492,15.7,15.9,15.05,15.4,-0.85,872
2018-02-07,2461,700205,11014575,15.8,15.95,15.5,15.5,0.1,283
2018-02-08,2461,652201,10169915,15.7,15.7,15.55,15.6,0.1,172
2018-02-09,2461,900234,13636826,15.1,15.45,14.9,15.4,-0.2,316
2018-02-12,2461,815206,12533629,15.45,15.6,15.25,15.3,-0.1,287
2018-02-21,2461,897135,13886997,15.35,15.6,15.35,15.5,0.2,282
2018-02-22,2461,917082,14288280,15.5,15.7,15.4,15.55,0.05,307
2018-02-23,2461,832116,13036676,15.65,15.8,15.6,15.7,0.15,284
2018-02-26,2461,3348252,53545670,15.8,16.25,15.75,15.75,0.05,756
2018-02-27,2461,538415,8471606,15.8,15.95,15.6,15.7,-0.05,237
2018-03-01,2461,372613,5823291,15.55,15.75,15.55,15.7,0.0,168
2018-03-02,2461,394489,6117211,15.65,15.65,15.45,15.55,-0.15,233
2018-03-05,2461,680001,10588617,15.65,15.65,15.45,15.65,0.1,225
2018-03-06,2461,415408,6499961,15.7,15.75,15.55,15.65,0.0,153
2018-03-07,2461,415091,6462122,15.65,15.65,15.5,15.5,-0.15,153
2018-03-08,2461,440351,6875592,15.5,15.7,15.5,15.65,0.15,191
2018-03-09,2461,362000,5683100,15.75,15.8,15.6,15.65,0.0,165
2018-03-12,2461,866252,13764057,15.8,16.0,15.8,15.8,0.15,353
2018-03-13,2461,464468,7381463,15.8,15.95,15.8,15.9,0.1,193
2018-03-14,2461,716980,11499530,15.95,16.2,15.85,16.05,0.15,306
2018-03-15,2461,1089087,17775278,16.25,16.45,16.2,16.3,0.25,479
2018-03-16,2461,705090,11562232,16.55,16.55,16.3,16.35,0.05,267
2018-03-19,2461,456777,7469480,16.45,16.45,16.25,16.3,-0.05,211
2018-03-20,2461,403018,6513638,16.2,16.25,16.05,16.2,-0.1,191
2018-03-21,2461,779300,12762693,16.25,16.5,16.2,16.5,0.3,302
2018-03-22,2461,739453,12138247,16.6,16.7,16.05,16.1,-0.4,364
2018-03-23,2461,787258,12488139,15.8,16.1,15.75,15.9,-0.2,294
2018-03-26,2461,325068,5205942,15.9,16.1,15.9,16.1,0.2,159
2018-03-27,2461,500282,8121714,16.2,16.3,16.15,16.2,0.1,215
2018-03-28,2461,197242,3197014,16.15,16.3,16.1,16.3,0.1,156
2018-03-29,2461,1162101,19148711,16.25,16.6,16.25,16.45,0.15,438
2018-03-30,2461,1471005,24215230,16.55,16.6,16.35,16.4,-0.05,386
2018-03-31,2461,692166,11268480,16.4,16.55,16.15,16.2,-0.2,359
2018-04-02,2461,1072051,17163162,16.35,16.35,15.8,15.9,-0.3,664
2018-04-03,2461,486578,7683933,15.85,15.85,15.75,15.85,-0.05,256
2018-04-09,2461,1799306,29863054,17.0,17.0,16.3,16.3,0.45,666
2018-04-10,2461,574518,9310290,16.3,16.35,16.1,16.1,-0.2,245
2018-04-11,2461,664676,10839368,16.25,16.5,16.2,16.3,0.2,200
2018-04-12,2461,666131,10771727,16.35,16.35,16.1,16.2,-0.1,241
2018-04-13,2461,407306,6597470,16.15,16.3,16.1,16.2,0.0,141
2018-04-16,2461,296008,4755214,16.15,16.2,15.95,15.95,-0.25,153
2018-04-17,2461,464244,7377949,15.9,16.0,15.8,15.85,-0.1,198
2018-04-18,2461,465008,7341673,15.85,15.95,15.7,15.8,-0.05,179
2018-04-19,2461,155048,2466219,15.9,15.95,15.8,15.9,0.1,87
2018-04-20,2461,196000,3128150,15.95,16.0,15.9,15.95,0.05,82
2018-04-23,2461,450667,7182831,16.0,16.15,15.8,15.9,-0.05,125
2018-04-24,2461,735000,11470800,15.8,15.85,15.5,15.65,-0.25,244
2018-04-25,2461,330450,5099470,15.5,15.6,15.35,15.45,-0.2,145
2018-04-26,2461,597817,9130168,15.55,15.55,15.1,15.1,-0.35,219
2018-04-27,2461,567002,8592430,15.15,15.35,15.0,15.1,0.0,190
2018-04-30,2461,199621,3048386,15.2,15.35,15.2,15.25,0.15,95
2018-05-02,2461,225231,3438165,15.25,15.35,15.2,15.3,0.05,92
2018-05-03,2461,163021,2483430,15.3,15.3,15.15,15.2,-0.1,93
2018-05-04,2461,218160,3328846,15.2,15.35,15.2,15.2,0.0,92
2018-05-07,2461,195076,2976726,15.2,15.3,15.2,15.25,0.05,84
2018-05-08,2461,325009,5022390,15.35,15.6,15.3,15.55,0.3,161
2018-05-09,2461,94111,1453726,15.45,15.5,15.4,15.4,-0.15,62
2018-05-10,2461,167351,2585854,15.4,15.55,15.4,15.5,0.1,76
2018-05-11,2461,577007,8803205,15.45,15.45,15.2,15.2,-0.3,225
2018-05-14,2461,435400,6608029,15.25,15.25,15.15,15.15,-0.05,129
2018-05-15,2461,567991,8612560,15.2,15.3,15.1,15.25,0.1,148
2018-05-16,2461,260002,3954932,15.3,15.3,15.15,15.3,0.05,65
2018-05-17,2461,389189,5954890,15.3,15.35,15.25,15.35,0.05,113
2018-05-18,2461,275031,4211274,15.3,15.4,15.25,15.4,0.05,96
2018-05-21,2461,441142,6783427,15.4,15.45,15.3,15.4,0.0,124
2018-05-22,2461,537001,8285665,15.4,15.5,15.35,15.5,0.1,159
2018-05-23,2461,2206002,34426230,15.5,15.7,15.4,15.45,-0.05,439
2018-05-24,2461,250009,3862537,15.45,15.5,15.4,15.4,-0.05,91
2018-05-25,2461,420299,6492619,15.5,15.5,15.35,15.5,0.1,133
2018-05-28,2461,564253,8771771,15.5,15.65,15.45,15.55,0.05,141
2018-05-29,2461,476536,7410608,15.6,15.7,15.4,15.7,0.15,143
2018-05-30,2461,368001,5764265,15.55,15.7,15.55,15.6,-0.1,125
2018-05-31,2461,774288,12178640,15.55,15.9,15.55,15.9,0.3,242
2018-06-01,2461,381216,6041443,15.95,15.95,15.8,15.8,-0.1,184
2018-06-04,2461,649170,10340670,15.9,16.05,15.8,15.9,0.1,224
2018-06-05,2461,283392,4499489,15.95,15.95,15.85,15.85,-0.05,112
2018-06-06,2461,464547,7331575,15.85,15.9,15.7,15.75,-0.1,214
2018-06-07,2461,1397500,22413424,15.85,16.3,15.85,16.05,0.3,415
2018-06-08,2461,496687,7940919,16.1,16.1,15.85,16.0,-0.05,157
2018-06-11,2461,378100,6008889,16.1,16.1,15.8,15.85,-0.15,148
2018-06-12,2461,2408492,37250523,15.7,15.85,15.25,15.4,-0.45,603
2018-06-13,2461,813887,12545509,15.45,15.5,15.35,15.45,0.05,197
2018-06-14,2461,511180,7841299,15.45,15.45,15.25,15.4,-0.05,170
2018-06-15,2461,509120,7855960,15.4,15.5,15.35,15.45,0.05,211
2018-06-19,2461,599005,9000475,15.0,15.15,14.95,15.0,0.0,233
2018-06-20,2461,399887,5964119,15.0,15.0,14.85,14.9,-0.1,157
2018-06-21,2461,214202,3216787,15.05,15.1,14.95,14.95,0.05,100
2018-06-22,2461,285327,4282218,14.95,15.15,14.85,14.95,0.0,119
2018-06-25,2461,475000,7102750,14.95,15.05,14.85,14.9,-0.05,149
2018-06-26,2461,324771,4778144,14.8,14.8,14.6,14.7,-0.2,130
2018-06-27,2461,269245,3958577,14.7,14.8,14.6,14.65,-0.05,81
2018-06-28,2461,437104,6404533,14.6,14.75,14.55,14.65,0.0,131
2018-06-29,2461,307090,4557000,14.7,15.0,14.7,14.9,0.25,117
2018-07-02,2461,127000,1891400,14.95,14.95,14.8,14.8,-0.1,50
2018-07-03,2461,188094,2761126,14.8,14.9,14.5,14.55,-0.25,91
2018-07-04,2461,364042,5276958,14.6,14.6,14.35,14.45,-0.1,110
2018-07-05,2461,626113,8954026,14.55,14.55,14.1,14.3,-0.15,145
2018-07-06,2461,839500,11729299,14.25,14.35,13.8,14.15,-0.15,306
2018-07-09,2461,693440,9735353,14.15,14.2,13.9,14.0,-0.15,276
2018-07-10,2461,235029,3294611,14.05,14.1,14.0,14.0,0.0,118
2018-07-11,2461,696001,9614614,14.0,14.0,13.75,13.8,-0.2,337
2018-07-12,2461,249000,3460350,13.95,13.95,13.8,13.9,0.1,124
2018-07-13,2461,259588,3634856,13.95,14.05,13.9,14.05,0.15,132
2018-07-16,2461,890501,12917213,14.55,14.7,14.3,14.4,0.35,358
2018-07-17,2461,220002,3159178,14.3,14.5,14.3,14.3,-0.1,104
2018-07-18,2461,205779,2954088,14.45,14.5,14.3,14.35,0.05,104
2018-07-19,2461,228001,3268864,14.4,14.4,14.3,14.3,-0.05,113
2018-07-20,2461,299014,4261610,14.35,14.35,14.2,14.3,0.0,104
2018-07-23,2461,144611,2050364,14.25,14.25,14.1,14.15,-0.15,66
2018-07-24,2461,113002,1604578,14.15,14.3,14.15,14.2,0.05,60
2018-07-25,2461,248062,3544483,14.25,14.35,14.25,14.3,0.1,100
2018-07-26,2461,199716,2890644,14.35,14.55,14.35,14.5,0.2,88
2018-07-27,2461,113001,1638064,14.55,14.55,14.45,14.45,-0.05,51
2018-07-30,2461,164013,2374899,14.4,14.55,14.4,14.5,0.05,57
2018-07-31,2461,365087,5326419,14.4,14.7,14.35,14.65,0.15,163
2018-08-01,2461,601013,8956658,14.65,15.05,14.65,14.85,0.2,232
2018-08-02,2461,279089,4101074,14.85,14.85,14.65,14.7,-0.15,103
2018-08-03,2461,110828,1631270,14.7,14.8,14.65,14.8,0.1,54
2018-08-06,2461,142579,2109540,14.7,14.85,14.7,14.8,0.0,60
2018-08-07,2461,157004,2312556,14.8,14.8,14.65,14.75,-0.05,61
2018-08-08,2461,187000,2749300,14.85,14.85,14.65,14.65,-0.1,65
2018-08-09,2461,132850,1937623,14.6,14.65,14.55,14.55,-0.1,57
2018-08-10,2461,270552,3910148,14.65,14.65,14.4,14.5,-0.05,100
2018-08-13,2461,373105,5287949,14.3,14.4,14.0,14.15,-0.35,119
2018-08-14,2461,233008,3290971,14.2,14.2,14.05,14.15,0.0,89
2018-08-15,2461,338776,4764614,14.15,14.2,13.95,14.05,-0.1,112
2018-08-16,2461,736458,10549791,13.95,14.6,13.85,14.6,0.55,226
2018-08-17,2461,2380100,35155744,14.9,15.0,14.3,14.35,-0.25,812
2018-08-20,2461,532506,7573034,14.3,14.35,14.1,14.35,0.0,200
2018-08-21,2461,339100,4931290,14.5,14.7,14.35,14.45,0.1,113
2018-08-22,2461,252199,3659685,14.6,14.65,14.4,14.5,0.05,76
2018-08-23,2461,381132,5553363,14.65,14.75,14.5,14.5,0.0,90
2018-08-24,2461,275000,3998950,14.6,14.6,14.5,14.5,0.0,50
2018-08-27,2461,100001,1447164,14.5,14.55,14.45,14.5,0.0,45
2018-08-28,2461,211417,3075995,14.5,14.65,14.45,14.55,0.05,77
2018-08-29,2461,265619,3884236,14.6,14.8,14.5,14.7,0.15,91
2018-08-30,2461,177107,2591551,14.8,14.85,14.5,14.5,-0.2,59
2018-08-31,2461,256441,3749688,14.6,14.7,14.45,14.7,0.2,88
2018-09-03,2461,866263,12883430,14.7,15.0,14.6,14.85,0.15,223
2018-09-04,2461,879005,13166625,14.85,15.1,14.8,14.9,0.05,227
2018-09-05,2461,803993,12066144,14.9,15.1,14.85,15.0,0.1,180
2018-09-06,2461,472627,7061726,14.9,15.05,14.7,14.9,-0.1,124
2018-09-07,2461,659110,9772777,14.9,15.0,14.7,14.7,-0.2,149
2018-09-10,2461,255002,3735728,14.7,14.75,14.45,14.65,-0.05,84
2018-09-11,2461,240101,3489064,14.65,14.7,14.45,14.6,-0.05,64
2018-09-12,2461,310254,4524608,14.85,14.9,14.4,14.6,0.0,104
2018-09-13,2461,410292,6038526,14.65,14.85,14.6,14.7,0.1,118
2018-09-14,2461,222163,3289062,14.9,14.9,14.7,14.85,0.15,67
2018-09-17,2461,76142,1118164,14.85,14.85,14.6,14.6,-0.25,42
2018-09-18,2461,111103,1610890,14.6,14.6,14.4,14.4,-0.2,59
2018-09-19,2461,76098,1102324,14.45,14.55,14.45,14.45,0.05,55
2018-09-20,2461,97503,1400491,14.45,14.45,14.3,14.35,-0.1,71
2018-09-21,2461,51214,734567,14.5,14.5,14.25,14.35,0.0,46
2018-09-25,2461,24103,344586,14.25,14.4,14.25,14.35,0.0,21
2018-09-26,2461,117096,1671937,14.35,14.35,14.25,14.35,0.0,47
2018-09-27,2461,131000,1868850,14.25,14.3,14.25,14.3,-0.05,36
2018-09-28,2461,106100,1508429,14.25,14.25,14.2,14.2,-0.1,61
2018-10-01,2461,119199,1692912,14.2,14.3,14.15,14.3,0.1,64
2018-10-02,2461,104206,1477004,14.35,14.35,14.05,14.25,-0.05,60
2018-10-03,2461,91099,1288110,14.15,14.2,14.05,14.15,-0.1,58
2018-10-04,2461,56097,787952,14.15,14.15,14.0,14.0,-0.15,42
2018-10-05,2461,159523,2190238,13.95,14.0,13.6,13.65,-0.35,103
2018-10-08,2461,193434,2612257,13.65,13.65,13.4,13.4,-0.25,106
2018-10-09,2461,108244,1461118,13.5,13.55,13.45,13.5,0.1,53
2018-10-11,2461,1164235,14336801,13.3,13.3,12.15,12.15,-1.35,329
2018-10-12,2461,829001,9740512,11.4,11.95,11.4,11.7,-0.45,283
2018-10-15,2461,406763,4835906,11.85,12.05,11.75,12.05,0.35,173
2018-10-16,2461,179680,2161477,12.05,12.15,12.0,12.15,0.1,78
2018-10-17,2461,183003,2204836,12.3,12.3,11.95,11.95,-0.2,76
2018-10-18,2461,151001,1809112,11.95,12.1,11.9,11.95,0.0,59
2018-10-19,2461,820270,9618209,11.9,11.9,11.7,11.8,-0.15,175
2018-10-22,2461,106002,1263674,11.8,12.0,11.8,12.0,0.2,54
2018-10-23,2461,168203,1995063,12.0,12.0,11.75,11.8,-0.2,57
2018-10-24,2461,37500,441742,11.8,11.85,11.75,11.8,0.0,35
2018-10-25,2461,875124,10058436,11.6,11.7,11.25,11.6,-0.2,293
2018-10-26,2461,380817,4372445,11.45,11.65,11.35,11.6,0.0,142
2018-10-29,2461,232023,2688167,11.7,11.85,11.4,11.6,0.0,110
2018-10-30,2461,190146,2201355,11.7,11.7,11.4,11.6,0.0,102
2018-10-31,2461,154006,1793916,11.6,11.75,11.5,11.65,0.05,72
2018-11-01,2461,69001,813911,11.7,11.85,11.65,11.8,0.15,44
2018-11-02,2461,135081,1621155,11.9,12.1,11.85,11.9,0.1,89
2018-11-05,2461,71010,851820,12.0,12.05,11.95,12.0,0.1,52
2018-11-06,2461,114156,1369994,12.0,12.1,11.95,12.05,0.05,53
2018-11-07,2461,129396,1579049,12.1,12.3,12.1,12.25,0.2,71
2018-11-08,2461,103246,1266436,12.3,12.35,12.2,12.35,0.1,59
2018-11-09,2461,89087,1090528,12.35,12.35,12.2,12.3,-0.05,31
2018-11-12,2461,320132,3964973,12.3,12.45,12.3,12.4,0.1,83
2018-11-13,2461,272001,3367912,12.15,12.45,12.15,12.45,0.05,80
2018-11-14,2461,682001,8434012,12.4,12.5,12.25,12.25,-0.2,75
2018-11-15,2461,201000,2487400,12.3,12.45,12.3,12.4,0.15,47
2018-11-16,2461,153208,1917799,12.5,12.55,12.45,12.5,0.1,50
2018-11-19,2461,219457,2770479,12.55,12.65,12.55,12.65,0.15,76
2018-11-20,2461,235109,2972139,12.55,12.75,12.55,12.65,0.0,72
2018-11-21,2461,262110,3308585,12.55,12.75,12.55,12.6,-0.05,51
2018-11-22,2461,173641,2198839,12.85,12.85,12.6,12.65,0.05,67
2018-11-23,2461,209667,2636885,12.65,12.7,12.5,12.5,-0.15,55
2018-11-26,2461,153090,1929519,12.6,12.75,12.55,12.6,0.1,64
2018-11-27,2461,111001,1402612,12.7,12.75,12.6,12.75,0.15,36
2018-11-28,2461,148006,1891872,12.8,12.85,12.75,12.85,0.1,49
2018-11-29,2461,173315,2222795,12.85,12.9,12.75,12.75,-0.1,54
2018-11-30,2461,334001,4260162,12.75,12.85,12.7,12.75,0.0,40
2018-12-03,2461,563131,7341065,12.75,13.25,12.75,13.15,0.4,148
2018-12-04,2461,330012,4344756,13.15,13.3,13.05,13.2,0.05,62
2018-12-05,2461,362377,4802075,13.05,13.4,13.05,13.3,0.1,73
2018-12-06,2461,318541,4195784,13.35,13.35,13.1,13.15,-0.15,143
2018-12-07,2461,152890,2042975,13.3,13.5,13.25,13.5,0.35,73
2018-12-10,2461,133011,1799298,13.5,13.65,13.4,13.5,0.0,42
2018-12-11,2461,121010,1636131,13.6,13.6,13.45,13.55,0.05,35
2018-12-12,2461,184001,2521913,13.65,13.75,13.6,13.75,0.2,51
2018-12-13,2461,179020,2461272,13.6,13.85,13.55,13.8,0.05,58
2018-12-14,2461,271000,3764600,14.0,14.0,13.8,14.0,0.2,94
2018-12-17,2461,209574,2907518,14.15,14.15,13.7,13.9,-0.1,98
2018-12-18,2461,243600,3345114,13.8,13.8,13.65,13.8,-0.1,69
2018-12-19,2461,214688,2944968,13.8,13.85,13.6,13.8,0.0,84
2018-12-20,2461,155210,2126371,13.7,13.8,13.6,13.8,0.0,61
2018-12-21,2461,189817,2604392,13.8,13.85,13.55,13.85,0.05,68
2018-12-22,2461,18364,253919,13.8,13.85,13.8,13.85,0.0,16
2018-12-24,2461,200200,2749983,13.9,13.9,13.6,13.8,-0.05,84
2018-12-25,2461,401004,5428253,13.7,13.7,13.45,13.65,-0.15,79
2018-12-26,2461,124002,1681976,13.75,13.75,13.45,13.6,-0.05,59
2018-12-27,2461,305000,4163200,13.65,13.75,13.5,13.6,0.0,87
2018-12-28,2461,227109,3056773,13.55,13.55,13.4,13.45,-0.15,65
2019-01-02,2461,251023,3388749,13.35,13.6,13.3,13.5,0.05,98
2019-01-03,2461,152252,2049674,13.5,13.5,13.35,13.45,-0.05,57
2019-01-04,2461,194386,2593870,13.45,13.45,13.2,13.45,0.0,69
2019-01-07,2461,184328,2485593,13.55,13.6,13.3,13.45,0.0,53
2019-01-08,2461,103020,1382264,13.45,13.5,13.35,13.5,0.05,49
2019-01-09,2461,236102,3195986,13.55,13.6,13.45,13.55,0.05,88
2019-01-10,2461,741328,10074940,13.55,13.8,13.4,13.55,0.0,121
2019-01-11,2461,374000,5132950,13.6,13.8,13.5,13.75,0.2,113
2019-01-14,2461,51008,689612,13.55,13.6,13.4,13.4,-0.35,41
2019-01-15,2461,70104,938263,13.5,13.5,13.3,13.3,-0.1,53
2019-01-16,2461,62007,823898,13.3,13.35,13.25,13.3,0.0,48
2019-01-17,2461,30500,404597,13.3,13.3,13.25,13.25,-0.05,37
2019-01-18,2461,77164,1016093,13.25,13.25,13.1,13.15,-0.1,95
2019-01-21,2461,41164,541596,13.15,13.25,13.1,13.15,0.0,39
2019-01-22,2461,20105,265051,13.25,13.25,13.1,13.2,0.05,18
2019-01-23,2461,122005,1597570,13.15,13.15,13.05,13.05,-0.15,41
2019-01-24,2461,100082,1310211,13.05,13.1,13.05,13.1,0.05,59
2019-01-25,2461,63817,834433,13.1,13.1,13.0,13.1,0.0,52
2019-01-28,2461,29070,381501,13.2,13.2,13.05,13.05,-0.05,42
2019-01-29,2461,56014,729646,13.05,13.05,12.95,13.0,-0.05,47
2019-01-30,2461,81101,1052637,13.0,13.05,12.9,12.9,-0.1,61
2019-02-11,2461,227231,2953924,12.85,13.15,12.85,12.95,0.05,84
2019-02-12,2461,26216,342738,12.95,13.15,12.95,13.1,0.15,35
2019-02-13,2461,53558,703141,13.15,13.2,13.05,13.1,0.0,42
2019-02-14,2461,87023,1144772,13.15,13.3,13.05,13.1,0.0,59
2019-02-15,2461,91015,1189510,13.1,13.2,12.95,13.0,-0.1,61
2019-02-18,2461,65031,845434,13.15,13.15,12.95,13.0,0.0,71
2019-02-19,2461,60041,776883,13.0,13.05,12.9,12.9,-0.1,83
2019-02-20,2461,140127,1821093,12.95,13.05,12.95,12.95,0.05,94
2019-02-21,2461,120229,1567456,13.1,13.15,12.95,13.05,0.1,83
2019-02-22,2461,70363,913473,13.05,13.05,12.95,12.95,-0.1,57
2019-02-25,2461,340295,4491536,13.0,13.3,13.0,13.3,0.35,158
2019-02-26,2461,335315,4436234,13.4,13.4,13.1,13.1,-0.2,167
2019-02-27,2461,69408,912132,13.1,13.25,13.05,13.2,0.1,60
2019-03-04,2461,72028,941692,13.2,13.2,13.05,13.1,-0.1,53
2019-03-05,2461,28900,378543,13.05,13.15,13.05,13.15,0.05,56
2019-03-06,2461,61163,803835,13.2,13.2,13.1,13.1,-0.05,88
2019-03-07,2461,160389,2106252,13.1,13.2,13.05,13.05,-0.05,156
2019-03-08,2461,83482,1090607,13.15,13.15,13.0,13.05,0.0,88
2019-03-11,2461,153048,2020969,13.1,13.3,13.1,13.2,0.15,169
2019-03-12,2461,224248,2979642,13.3,13.35,13.2,13.3,0.1,132
2019-03-13,2461,100309,1337820,13.3,13.4,13.25,13.4,0.1,131
2019-03-14,2461,140057,1868892,13.45,13.45,13.2,13.35,-0.05,121
2019-03-15,2461,122039,1637710,13.25,13.5,13.25,13.5,0.15,112
2019-03-18,2461,120170,1617469,13.5,13.55,13.35,13.55,0.05,232
2019-03-19,2461,153141,2059824,13.5,13.55,13.35,13.55,0.0,111
2019-03-20,2461,79052,1065278,13.55,13.55,13.4,13.5,-0.05,90
2019-03-21,2461,166887,2251462,13.55,13.55,13.4,13.5,0.0,121
2019-03-22,2461,144175,1939796,13.45,13.55,13.4,13.5,0.0,70
2019-03-25,2461,67152,894216,13.35,13.4,13.3,13.3,-0.2,82
2019-03-26,2461,99026,1316488,13.3,13.35,13.25,13.35,0.05,61
2019-03-27,2461,52056,692781,13.25,13.35,13.25,13.35,0.0,73
2019-03-28,2461,74409,989538,13.4,13.4,13.25,13.3,-0.05,277
2019-03-29,2461,128034,1700348,13.25,13.35,13.2,13.35,0.05,66
2019-04-01,2461,82493,1091305,13.25,13.4,13.2,13.2,-0.15,53
2019-04-02,2461,279645,3673965,13.2,13.2,13.1,13.15,-0.05,94
2019-04-03,2461,168608,2229333,13.15,13.3,13.15,13.3,0.15,56
2019-04-08,2461,170887,2261505,13.25,13.3,13.2,13.3,0.0,78
2019-04-09,2461,109015,1449845,13.3,13.35,13.25,13.3,0.0,52
2019-04-10,2461,83938,1113659,13.25,13.35,13.2,13.3,0.0,85
2019-04-11,2461,111264,1479408,13.3,13.35,13.25,13.3,0.0,51
2019-04-12,2461,90006,1193278,13.25,13.3,13.25,13.3,0.0,27
2019-04-15,2461,125889,1680622,13.25,13.4,13.25,13.4,0.1,49
2019-04-16,2461,126865,1703261,13.4,13.5,13.35,13.5,0.1,70
2019-04-17,2461,220131,2967968,13.55,13.55,13.3,13.55,0.05,96
2019-04-18,2461,104001,1395063,13.55,13.55,13.35,13.4,-0.15,45
2019-04-19,2461,285887,3837389,13.4,13.5,13.35,13.45,0.05,50
2019-04-22,2461,317260,4310783,13.45,13.7,13.45,13.7,0.25,119
2019-04-23,2461,598270,8278446,13.75,13.9,13.75,13.75,0.05,171
2019-04-24,2461,2134555,30422171,13.75,14.7,13.75,14.55,0.8,811
2019-04-25,2461,657891,9379262,14.5,14.5,13.95,14.2,-0.35,375
2019-04-26,2461,350051,4919903,14.25,14.3,13.9,13.9,-0.3,166
2019-04-29,2461,910455,12828170,13.9,14.4,13.9,14.0,0.1,205
2019-04-30,2461,277084,3958642,14.3,14.45,14.1,14.25,0.25,115
2019-05-02,2461,255833,3651218,14.35,14.35,14.2,14.35,0.1,79
2019-05-03,2461,421002,5957578,14.2,14.3,14.0,14.1,-0.25,116
2019-05-06,2461,604085,8365934,14.0,14.2,13.6,13.9,-0.2,154
2019-05-07,2461,576790,8081098,13.9,14.15,13.9,14.15,0.25,92
2019-05-08,2461,168402,2347955,13.9,14.1,13.9,13.95,-0.2,73
2019-05-09,2461,97402,1350836,13.95,13.95,13.8,13.9,-0.05,42
2019-05-10,2461,185100,2556580,13.8,13.9,13.75,13.8,-0.1,56
2019-05-13,2461,101250,1384285,13.65,13.75,13.6,13.6,-0.2,55
2019-05-14,2461,267350,3601663,13.5,13.95,13.35,13.9,0.3,103
2019-05-15,2461,86002,1198876,13.9,14.1,13.85,14.0,0.1,38
2019-05-16,2461,59100,821200,13.9,13.95,13.85,13.9,-0.1,25
2019-05-17,2461,117099,1634586,13.9,14.05,13.9,13.9,0.0,70
2019-05-20,2461,32134,447309,14.0,14.0,13.8,13.95,0.05,21
2019-05-21,2461,139002,1945128,14.1,14.1,13.9,14.05,0.1,73
2019-05-22,2461,100200,1407177,14.15,14.15,14.0,14.0,-0.05,41
2019-05-23,2461,124100,1723994,14.05,14.05,13.85,13.85,-0.15,55
2019-05-24,2461,136100,1879634,14.0,14.0,13.7,13.75,-0.1,58
2019-05-27,2461,105000,1446650,13.75,13.9,13.7,13.7,-0.05,47
2019-05-28,2461,142002,1980576,13.9,14.05,13.8,13.95,0.25,61
2019-05-29,2461,109002,1516226,13.8,14.05,13.75,13.85,-0.1,24
2019-05-30,2461,160004,2251606,13.95,14.25,13.95,14.0,0.15,73
2019-05-31,2461,99287,1392745,14.1,14.1,13.95,14.0,0.0,52
2019-06-03,2461,72000,1010200,13.85,14.1,13.85,13.9,-0.1,70
2019-06-04,2461,108017,1485480,13.9,13.95,13.65,13.65,-0.25,67
2019-06-05,2461,49495,687428,13.7,13.95,13.7,13.8,0.15,30
2019-06-06,2461,43002,595027,13.8,13.9,13.8,13.85,0.05,20
2019-06-10,2461,81003,1115089,13.85,13.95,13.65,13.7,-0.15,43
2019-06-11,2461,190500,2628797,13.7,13.9,13.65,13.7,0.0,81
2019-06-12,2461,145300,1993289,13.75,13.8,13.7,13.8,0.1,58
2019-06-13,2461,332267,4638038,13.9,14.1,13.8,14.1,0.3,123
2019-06-14,2461,312315,4412110,14.1,14.25,14.0,14.05,-0.05,95
2019-06-17,2461,392409,5628747,14.5,14.55,14.15,14.4,0.35,172
2019-06-18,2461,109006,1560885,14.45,14.45,14.2,14.25,-0.15,43
2019-06-19,2461,831308,13009965,15.65,15.65,15.65,15.65,1.4,300
2019-06-20,2461,9957586,171270476,17.2,17.2,17.2,17.2,1.55,2121
2019-06-21,2461,18565136,337368848,18.35,18.8,17.65,18.05,0.85,6481
2019-06-24,2461,4405521,78575317,17.8,18.15,17.55,17.75,-0.3,1705
2019-06-25,2461,15852350,301392550,18.5,19.5,18.45,19.1,1.35,6157
2019-06-26,2461,9229820,177217165,19.3,19.75,18.6,19.05,-0.05,3904
2019-06-27,2461,5877980,112102411,19.05,19.3,18.85,19.3,0.0,2163
2019-06-28,2461,18546172,380731641,19.95,21.0,19.5,20.6,1.3,7526
2019-07-01,2461,11018426,227296079,20.6,21.05,20.1,20.95,0.35,4350
2019-07-02,2461,6982398,146645885,20.8,21.4,20.65,21.1,0.15,2968
2019-07-03,2461,8450261,174843170,21.0,21.35,20.25,20.55,-0.55,3284
2019-07-04,2461,4878779,98553099,20.5,20.7,20.0,20.05,-0.5,2087
2019-07-05,2461,4699030,94292304,19.85,20.35,19.75,20.2,0.15,1717
2019-07-08,2461,3390755,68914180,20.0,20.65,20.0,20.65,0.45,1481
2019-07-09,2461,13264207,281594219,21.3,21.8,20.5,20.9,0.25,5645
2019-07-10,2461,5119235,104141394,20.6,20.7,20.1,20.2,-0.7,2237
2019-07-11,2461,6788583,133096272,20.0,20.05,19.2,19.6,-0.6,2838
2019-07-12,2461,2356943,46815763,19.95,20.05,19.65,19.85,0.25,1127
2019-07-15,2461,2502695,50074267,19.95,20.2,19.75,20.2,0.35,954
2019-07-16,2461,2032245,40741824,20.05,20.3,19.9,20.0,-0.2,812
2019-07-17,2461,2093601,41338768,19.95,20.0,19.6,19.6,-0.4,892
2019-07-18,2461,13303832,275722190,19.6,21.3,19.45,20.95,1.35,5512
2019-07-19,2461,9406211,197179201,21.1,21.75,20.45,20.8,-0.15,3969
2019-07-22,2461,3351469,68844948,20.6,21.05,20.3,20.3,-0.5,1429
2019-07-23,2461,3037102,61085082,20.35,20.55,19.85,19.95,-0.35,1188
2019-07-24,2461,1499850,30299209,20.15,20.35,20.0,20.25,0.3,737
2019-07-25,2461,1429582,28740717,20.2,20.35,20.0,20.05,-0.2,613
2019-07-26,2461,7182359,148715596,20.0,20.9,19.95,20.85,0.8,3254
2019-07-29,2461,4015096,83453176,21.1,21.2,20.5,20.5,-0.35,1716
2019-07-30,2461,2611084,52822896,20.65,20.8,20.0,20.05,-0.45,1144
2019-07-31,2461,2689501,55474721,20.05,20.9,20.0,20.8,0.75,1319
2019-08-01,2461,4042444,83940900,20.6,21.25,20.45,20.5,-0.3,1752
2019-08-02,2461,3170501,65110093,20.2,20.9,20.15,20.75,0.25,1507
2019-08-05,2461,1860300,38158009,20.85,20.9,20.3,20.35,-0.4,867
2019-08-06,2461,3421101,67488174,19.45,20.3,19.0,20.05,-0.3,1511
2019-08-07,2461,3247206,64114515,20.1,20.2,19.5,19.5,-0.55,1429
2019-08-08,2461,3336258,65022367,19.5,19.85,19.2,19.75,0.25,1344
2019-08-12,2461,10779083,231607596,20.1,21.7,20.1,21.7,1.95,3058
2019-08-13,2461,39789160,899418559,22.2,23.7,22.1,22.3,0.6,14724
2019-08-14,2461,14259369,328498156,22.6,23.6,22.55,23.1,0.8,6090
2019-08-15,2461,10768769,248934153,22.6,23.55,22.6,23.25,0.15,4519
2019-08-16,2461,14149889,328962497,23.85,24.3,22.65,23.0,-0.25,5516
2019-08-19,2461,5094120,116472618,22.9,23.1,22.65,23.1,0.1,1881
2019-08-20,2461,8053741,185841220,23.3,23.6,22.7,22.7,-0.4,3008
2019-08-21,2461,6639162,150460246,22.6,23.15,22.2,23.0,0.3,2528
2019-08-22,2461,4118894,94703069,23.3,23.3,22.75,22.95,-0.05,1440
2019-08-23,2461,5088703,117415552,23.0,23.4,22.7,22.7,-0.25,1894
2019-08-26,2461,17115835,404286667,22.3,24.15,22.25,23.6,0.9,7059
2019-08-27,2461,18268585,442847606,23.8,24.95,23.4,24.5,0.9,8066
2019-08-28,2461,7615266,186062571,24.4,24.8,24.1,24.35,-0.15,3422
2019-08-29,2461,13766635,343788549,24.45,25.35,24.4,25.05,0.7,5321
2019-08-30,2461,5905501,147630592,25.1,25.2,24.85,24.9,-0.15,2295
2019-09-02,2461,6648243,164058899,24.9,25.35,24.15,24.5,-0.4,2809
2019-09-03,2461,3178644,78285247,24.5,25.05,24.35,24.4,-0.1,1383
2019-09-04,2461,2220424,54664628,24.3,24.9,24.3,24.7,0.3,988
2019-09-05,2461,2710693,67011494,25.1,25.1,24.5,24.7,0.0,1157
2019-09-06,2461,4088412,99230569,24.7,24.9,23.95,24.2,-0.5,1562
2019-09-09,2461,2885754,70961307,24.25,24.95,24.2,24.35,0.15,1304
2019-09-10,2461,5322543,127490692,24.8,24.8,23.55,23.75,-0.6,2126
2019-09-11,2461,4292004,100189689,23.75,23.85,23.05,23.1,-0.65,1834
2019-09-12,2461,1939300,45335231,23.25,23.65,23.15,23.5,0.4,738
2019-09-16,2461,910857,21411117,23.5,23.7,23.3,23.35,-0.15,438
2019-09-17,2461,2397343,56139741,23.2,23.75,23.05,23.7,0.35,989
2019-09-18,2461,8274441,202463160,23.65,25.1,23.45,24.7,1.0,3505
2019-09-19,2461,5126475,125490192,24.75,24.95,24.1,24.1,-0.6,2208
2019-09-20,2461,3054021,72904291,24.0,24.25,23.7,23.7,-0.4,1311
2019-09-23,2461,2451780,57696811,23.75,23.85,23.35,23.35,-0.35,1043
2019-09-24,2461,2657296,63015787,23.35,24.2,23.35,23.45,0.1,1225
2019-09-25,2461,1386417,32642189,23.65,23.7,23.35,23.6,0.15,646
2019-09-26,2461,1575585,37131657,23.7,24.0,23.35,23.35,-0.25,714
2019-09-27,2461,1961664,45367622,23.5,23.5,22.9,23.0,-0.35,783
2019-10-01,2461,2210550,50416406,23.05,23.35,22.4,22.65,-0.35,863
2019-10-02,2461,2646163,61658438,22.5,23.7,22.5,23.65,1.0,1209
2019-10-03,2461,1251768,29309058,23.5,23.6,23.2,23.6,-0.05,553
2019-10-04,2461,1474108,34761370,23.75,23.8,23.35,23.35,-0.25,644
2019-10-07,2461,986792,23158863,23.35,23.6,23.35,23.4,0.05,451
2019-10-08,2461,937048,21957163,23.7,23.75,23.2,23.2,-0.2,469
2019-10-09,2461,1409201,32310170,23.3,23.35,22.75,22.75,-0.45,619
2019-10-14,2461,1961500,44855120,22.8,23.2,22.7,22.75,0.0,695
2019-10-15,2461,1293666,29233932,22.85,22.9,22.5,22.5,-0.25,588
2019-10-16,2461,10667757,255620014,22.65,24.5,22.65,24.2,1.7,4892
2019-10-17,2461,4364745,104751753,24.25,24.45,23.6,23.85,-0.35,2120
2019-10-18,2461,3223734,75067275,23.9,24.0,23.05,23.1,-0.75,1516
2019-10-21,2461,1277101,29472323,23.35,23.35,22.95,23.0,-0.1,605
2019-10-22,2461,1949574,44821215,23.2,23.3,22.75,23.3,0.3,933
2019-10-23,2461,990404,22871571,23.35,23.35,22.95,22.95,-0.35,496
2019-10-24,2461,969054,22240623,23.0,23.15,22.85,22.9,-0.05,456
2019-10-25,2461,1381001,31510672,23.0,23.05,22.7,22.75,-0.15,599
2019-10-28,2461,800178,18223336,22.75,22.9,22.7,22.85,0.1,411
2019-10-29,2461,1274090,28974224,23.0,23.05,22.55,22.6,-0.25,581
2019-10-30,2461,1837819,42331671,22.65,23.4,22.65,22.95,0.35,916
2019-10-31,2461,1218200,27657759,22.85,23.0,22.55,22.6,-0.35,643
2019-11-01,2461,5599649,122358360,22.7,22.7,21.35,21.65,-0.95,2393
2019-11-04,2461,3932580,82810309,21.4,21.55,20.8,20.8,-0.85,1735
2019-11-05,2461,1802359,38167604,20.95,21.45,20.95,21.15,0.35,855
2019-11-06,2461,994200,21059489,21.4,21.4,21.0,21.2,0.05,513
2019-11-07,2461,3688356,80626182,21.05,22.45,21.05,22.1,0.9,1742
2019-11-08,2461,2149424,47482891,22.1,22.45,21.7,21.95,-0.15,1015
2019-11-11,2461,2174000,45806100,21.75,21.75,20.85,20.9,-1.05,930
2019-11-12,2461,1437002,29777740,21.0,21.15,20.5,20.8,-0.1,723
2019-11-13,2461,534204,11137791,20.9,21.05,20.65,20.75,-0.05,288
2019-11-14,2461,819001,17129570,21.25,21.25,20.75,20.8,0.05,407
2019-11-15,2461,678200,14106870,20.85,21.0,20.65,20.65,-0.15,299
2019-11-18,2461,796511,16401575,20.6,20.7,20.5,20.55,-0.1,383
2019-11-19,2461,731109,15196245,20.6,20.95,20.6,20.7,0.15,355
2019-11-20,2461,1749063,35425965,20.75,20.8,19.8,20.2,-0.5,741
2019-11-21,2461,1825499,37534428,20.2,20.85,20.15,20.8,0.6,749
2019-11-22,2461,1252210,25611515,20.85,20.85,20.3,20.35,-0.45,606
2019-11-25,2461,894000,18286900,20.45,20.7,20.3,20.35,0.0,424
2019-11-26,2461,601150,12321589,20.5,20.65,20.35,20.4,0.05,335
2019-11-27,2461,1209217,24928248,20.45,20.8,20.4,20.45,0.05,518
2019-11-28,2461,563273,11582267,20.5,20.7,20.45,20.55,0.1,294
2019-11-29,2461,696000,14264650,20.6,20.75,20.25,20.3,-0.25,328
2019-12-02,2461,1180864,23584756,20.5,20.5,19.8,19.9,-0.4,559
2019-12-03,2461,360409,7218070,19.8,20.2,19.8,20.2,0.3,231
2019-12-04,2461,503755,10095138,20.2,20.2,19.9,20.05,-0.15,291
2019-12-05,2461,568002,11468290,20.2,20.3,20.1,20.15,0.1,292
2019-12-06,2461,1202752,24704727,20.25,20.75,20.2,20.55,0.4,614
2019-12-09,2461,494170,10138120,20.65,20.75,20.3,20.35,-0.2,252
2019-12-10,2461,582005,11752105,20.35,20.35,20.1,20.2,-0.15,234
2019-12-11,2461,408084,8217295,20.25,20.25,20.05,20.05,-0.15,212
2019-12-12,2461,2653319,52055704,20.15,20.25,19.25,19.45,-0.6,1230
2019-12-13,2461,2572166,48631950,19.5,19.65,18.55,18.7,-0.75,1103
2019-12-16,2461,2518440,47563496,18.85,19.3,18.4,19.05,0.35,1029
2019-12-17,2461,961883,18384469,19.15,19.3,19.0,19.05,0.0,429
2019-12-18,2461,586411,11262599,19.0,19.35,19.0,19.25,0.2,267
2019-12-19,2461,437100,8387605,19.3,19.35,19.0,19.1,-0.15,226
2019-12-20,2461,478677,9128663,19.3,19.3,18.95,19.0,-0.1,248
2019-12-23,2461,638417,11982655,19.0,19.05,18.65,18.65,-0.35,313
2019-12-24,2461,343501,6467592,18.65,18.95,18.65,18.85,0.2,201
2019-12-25,2461,819300,15708750,18.95,19.55,18.9,18.95,0.1,446
2019-12-26,2461,471269,8868598,19.0,19.05,18.75,18.75,-0.2,278
2019-12-27,2461,390551,7366607,18.9,18.95,18.75,18.9,0.15,217
2019-12-30,2461,1142577,21718502,18.9,19.15,18.75,19.05,0.15,451
2019-12-31,2461,849120,16275841,19.1,19.5,18.95,19.1,0.05,428
2020-01-02,2461,479043,9113569,19.15,19.2,18.9,19.0,-0.1,210
2020-01-03,2461,676101,12713547,19.0,19.1,18.65,18.8,-0.2,356
2020-01-06,2461,511642,9475664,18.8,18.8,18.35,18.35,-0.45,332
2020-01-07,2461,572251,10453905,18.4,18.45,18.1,18.1,-0.25,295
2020-01-08,2461,1547536,27179006,18.1,18.1,17.35,17.5,-0.6,764
2020-01-09,2461,1630012,29224217,17.65,18.25,17.55,18.15,0.65,649
2020-01-10,2461,611164,11068718,18.3,18.35,18.0,18.0,-0.15,265
2020-01-13,2461,3297401,63019827,18.25,19.55,18.25,19.5,1.5,1468
2020-01-14,2461,4819701,93043570,19.8,19.9,18.85,18.9,-0.6,2025
2020-01-15,2461,1475003,28182210,19.1,19.4,18.85,18.85,-0.05,765
2020-01-16,2461,1735807,32587109,18.85,19.0,18.55,18.55,-0.3,747
2020-01-17,2461,636456,11759159,18.55,18.65,18.35,18.4,-0.15,381
2020-01-20,2461,521285,9538464,18.4,18.4,18.25,18.3,-0.1,255
2020-01-30,2461,2318015,38533549,17.1,17.1,16.5,16.5,-1.8,763
2020-01-31,2461,1262006,20771758,16.1,16.85,16.1,16.45,-0.05,494
2020-02-03,2461,2142212,33454014,15.8,16.15,15.0,16.0,-0.45,916
2020-02-04,2461,795009,13083104,16.6,16.75,16.2,16.35,0.35,397
2020-02-05,2461,453261,7492156,16.65,16.65,16.45,16.5,0.15,224
2020-02-06,2461,608082,10232223,16.65,16.95,16.65,16.8,0.3,299
2020-02-07,2461,930590,15201697,16.85,16.85,16.15,16.25,-0.55,429
2020-02-10,2461,1192505,18892042,15.7,16.1,15.7,15.8,-0.45,521
2020-02-11,2461,1160101,19103413,15.95,16.9,15.95,16.55,0.75,612
2020-02-12,2461,422673,7053550,16.95,16.95,16.55,16.75,0.2,250
2020-02-13,2461,640002,10584079,16.8,16.8,16.35,16.4,-0.35,290
2020-02-14,2461,239312,3957192,16.4,16.65,16.4,16.55,0.15,157
2020-02-17,2461,465044,7712575,16.6,16.8,16.45,16.55,0.0,230
2020-02-18,2461,1301004,21901564,16.65,17.05,16.6,16.8,0.25,543
2020-02-19,2461,826008,13975986,16.8,17.15,16.65,17.0,0.2,403
2020-02-20,2461,889096,15294584,17.3,17.55,17.0,17.05,0.05,474
2020-02-21,2461,691537,11552390,16.55,16.9,16.55,16.75,-0.3,359
2020-02-24,2461,402020,6709072,16.7,16.9,16.5,16.7,-0.05,217
2020-02-25,2461,373008,6141078,16.35,16.6,16.25,16.55,-0.15,238
2020-02-26,2461,460007,7716562,16.35,17.0,16.35,16.8,0.25,305
2020-02-27,2461,829241,13496364,16.8,16.85,16.0,16.1,-0.7,411
2020-03-02,2461,683668,10829723,15.6,16.15,15.6,15.85,-0.25,362
2020-03-03,2461,375240,6086047,16.3,16.35,16.1,16.1,0.25,231
2020-03-04,2461,286251,4582365,16.2,16.2,15.8,16.05,-0.05,160
2020-03-05,2461,362008,5861678,16.2,16.4,16.05,16.15,0.1,215
2020-03-06,2461,413131,6583196,16.15,16.15,15.85,16.0,-0.15,239
2020-03-09,2461,1262090,19432484,15.85,16.0,15.0,15.1,-0.9,697
2020-03-10,2461,1497164,21905039,14.8,15.0,14.3,15.0,-0.1,562
2020-03-11,2461,501296,7566502,14.8,15.35,14.8,15.05,0.05,306
2020-03-12,2461,2822006,39179496,15.05,15.1,13.55,13.75,-1.3,1047
2020-03-13,2461,3850000,48066650,12.8,13.1,12.4,13.0,-0.75,1016
2020-03-16,2461,1575001,20533514,13.4,13.5,12.6,13.0,0.0,584
2020-03-17,2461,1563000,19587450,12.35,12.9,12.25,12.9,-0.1,701
2020-03-18,2461,2009081,25685774,12.85,13.2,12.45,12.45,-0.45,761
2020-03-19,2461,4942817,56905957,12.2,12.3,11.25,11.6,-0.85,1263
2020-03-20,2461,1757417,21762509,11.75,12.7,11.75,12.6,1.0,636
2020-03-23,2461,578308,6997940,12.15,12.35,11.9,12.2,-0.4,293
2020-03-24,2461,722467,9094463,12.35,12.7,12.35,12.55,0.35,309
2020-03-25,2461,1087208,13998713,12.8,13.2,12.75,12.75,0.2,370
2020-03-26,2461,800420,10183878,12.85,12.9,12.4,12.8,0.05,303
2020-03-27,2461,528281,6782203,13.0,13.1,12.7,12.7,-0.1,233
2020-03-30,2461,354736,4497763,12.5,12.95,12.2,12.85,0.15,192
2020-03-31,2461,233892,2998142,12.85,13.0,12.65,12.75,-0.1,136
2020-04-01,2461,563001,7058014,12.6,12.75,12.35,12.55,-0.2,251
2020-04-06,2461,676503,8504324,12.55,12.65,12.45,12.55,0.0,239
2020-04-07,2461,1206859,15561150,12.8,13.15,12.75,12.9,0.35,404
2020-04-08,2461,1002300,13289706,12.9,13.45,12.9,13.45,0.55,454
2020-04-09,2461,739226,9851759,13.55,13.6,13.15,13.25,-0.2,343
2020-04-10,2461,382238,5050788,13.2,13.4,13.1,13.2,-0.05,169
2020-04-13,2461,372501,4867813,13.2,13.2,12.95,13.0,-0.2,158
2020-04-14,2461,1340642,18162327,13.0,13.8,13.0,13.7,0.7,628
2020-04-15,2461,960589,13062435,13.7,13.8,13.4,13.6,-0.1,442
2020-04-16,2461,1521155,21097407,13.7,14.15,13.35,13.9,0.3,670
2020-04-17,2461,1204077,16749599,14.1,14.15,13.7,13.8,-0.1,511
2020-04-20,2461,465001,6403813,13.8,13.9,13.65,13.7,-0.1,189
2020-04-21,2461,928024,12380662,13.7,13.85,13.05,13.2,-0.5,393
2020-04-22,2461,393500,5158299,13.15,13.3,12.8,13.25,0.05,193
2020-04-23,2461,549695,7315025,13.25,13.55,13.2,13.35,0.1,157
2020-04-24,2461,1182001,16251711,13.35,14.05,13.3,13.85,0.5,488
2020-04-27,2461,719055,10029872,14.2,14.2,13.8,13.95,0.1,302
2020-04-28,2461,453105,6291420,13.95,14.0,13.8,13.9,-0.05,189
2020-04-29,2461,1080425,15143800,13.9,14.1,13.9,14.1,0.2,338
2020-04-30,2461,1886651,26860889,14.2,14.4,14.0,14.25,0.15,569
2020-05-04,2461,1066100,14794803,14.0,14.05,13.8,13.8,-0.45,401
2020-05-05,2461,677307,9520798,13.85,14.2,13.85,14.1,0.3,294
2020-05-06,2461,1180389,16849610,14.1,14.5,14.0,14.4,0.3,464
2020-05-07,2461,1021200,14768098,14.55,14.65,14.3,14.4,0.0,421
2020-05-08,2461,540019,7725827,14.5,14.5,14.2,14.35,-0.05,204
2020-05-11,2461,1946004,29071110,14.6,15.35,14.6,14.8,0.45,872
2020-05-12,2461,4940074,78019500,14.9,16.25,14.9,16.25,1.45,1793
2020-05-13,2461,5399687,87481110,16.05,16.5,15.8,16.1,-0.15,2282
2020-05-14,2461,2641516,40828246,16.0,16.0,15.0,15.0,-1.1,1169
2020-05-15,2461,1570301,23635083,15.0,15.5,14.8,14.9,-0.1,588
2020-05-18,2461,1118003,16184243,14.9,14.9,14.3,14.35,-0.55,555
2020-05-19,2461,528080,7648149,14.6,14.8,14.35,14.5,0.15,256
2020-05-20,2461,520994,7581859,14.65,14.65,14.4,14.65,0.15,258
2020-05-21,2461,540110,7991925,15.0,15.0,14.7,14.7,0.05,225
2020-05-22,2461,760000,11144650,14.9,14.9,14.5,14.5,-0.2,357
2020-05-25,2461,566000,8116450,14.5,14.5,14.25,14.3,-0.2,299
2020-05-26,2461,631133,9235890,14.5,14.85,14.4,14.7,0.4,330
2020-05-27,2461,407082,5959212,14.9,14.9,14.55,14.6,-0.1,224
2020-05-28,2461,2862011,44028616,14.8,15.85,14.8,15.0,0.4,1505
2020-05-29,2461,530000,7930550,14.95,15.1,14.85,14.85,-0.15,289
2020-06-01,2461,395000,5927850,15.05,15.25,14.85,14.95,0.1,201
2020-06-02,2461,342085,5108845,15.0,15.1,14.8,15.0,0.05,193
2020-06-03,2461,801369,12188588,15.0,15.35,15.0,15.2,0.2,317
2020-06-04,2461,415536,6300692,15.3,15.4,15.05,15.15,-0.05,228
2020-06-05,2461,1407429,21780349,15.3,15.75,15.1,15.55,0.4,556
2020-06-08,2461,544311,8423687,15.7,15.7,15.35,15.4,-0.15,292
2020-06-09,2461,478364,7334449,15.45,15.45,15.2,15.3,-0.1,256
2020-06-10,2461,440893,6712159,15.2,15.4,15.15,15.35,0.05,237
2020-06-11,2461,1034669,15466265,15.2,15.45,14.65,14.65,-0.7,455
2020-06-12,2461,416250,5934147,14.0,14.45,14.0,14.4,-0.25,225
2020-06-15,2461,430001,6187914,14.4,14.6,14.25,14.4,0.0,201
2020-06-16,2461,820819,12075341,14.55,15.0,14.4,14.45,0.05,339
2020-06-17,2461,541100,8038924,14.65,15.1,14.65,14.8,0.35,280
2020-06-18,2461,373525,5521925,14.8,14.9,14.7,14.8,0.0,166
2020-06-19,2461,338001,4999564,14.8,14.95,14.65,14.65,-0.15,155
2020-06-22,2461,355294,5206421,14.5,14.8,14.5,14.8,0.15,155
2020-06-23,2461,317069,4649421,14.85,14.85,14.55,14.6,-0.2,167
2020-06-24,2461,219340,3210395,14.6,14.8,14.5,14.6,0.0,102
2020-06-29,2461,410002,5878628,14.45,14.5,14.25,14.35,-0.25,194
2020-06-30,2461,217001,3154665,14.5,14.65,14.4,14.6,0.25,113
2020-07-01,2461,328236,4820356,14.8,14.8,14.6,14.65,0.05,151
2020-07-02,2461,1362197,20369583,14.75,15.25,14.55,15.1,0.45,479
2020-07-03,2461,612297,9201505,15.2,15.3,14.95,15.0,-0.1,296
2020-07-06,2461,2176734,33150110,15.1,15.4,14.7,15.1,0.1,575
2020-07-07,2461,581752,8738266,15.2,15.25,14.9,14.9,-0.2,258
2020-07-08,2461,1878845,28841294,15.0,15.6,14.9,15.55,0.65,719
2020-07-09,2461,882100,13616930,15.6,15.75,15.25,15.4,-0.15,371
2020-07-10,2461,866901,13019884,15.4,15.5,14.8,14.9,-0.5,373
2020-07-13,2461,990126,14867532,14.8,15.15,14.8,15.05,0.15,411
2020-07-14,2461,4693300,72671038,15.2,15.85,15.15,15.2,0.15,1863
2020-07-15,2461,1043202,15689438,15.2,15.3,14.9,14.9,-0.3,434
2020-07-16,2461,378460,5657602,15.1,15.15,14.8,14.95,0.05,206
2020-07-17,2461,624866,9310292,15.15,15.15,14.6,14.7,-0.25,298
2020-07-20,2461,557348,8083091,14.8,14.8,14.4,14.4,-0.3,286
2020-07-21,2461,517050,7573731,14.5,14.85,14.5,14.55,0.15,253
2020-07-22,2461,813464,12168812,14.8,15.2,14.6,14.9,0.35,347
2020-07-23,2461,403579,5986509,15.0,15.0,14.7,14.75,-0.15,184
2020-07-24,2461,694242,10135207,14.75,14.85,14.45,14.5,-0.25,293
2020-07-27,2461,952025,13906712,14.6,14.95,14.35,14.45,-0.05,386
2020-07-28,2461,677200,9759418,14.6,14.6,14.2,14.3,-0.15,306
2020-07-29,2461,230003,3328092,14.55,14.6,14.3,14.4,0.1,134
2020-07-30,2461,672017,9877549,14.65,14.85,14.5,14.8,0.4,291
2020-07-31,2461,587606,8819606,14.9,15.15,14.85,15.0,0.2,324
2020-08-03,2461,1550463,23685617,15.25,15.45,15.1,15.1,0.1,543
2020-08-04,2461,429526,6527966,15.35,15.35,15.1,15.25,0.15,215
2020-08-05,2461,1429550,22038912,15.3,15.6,15.25,15.45,0.2,522
2020-08-06,2461,698050,10715704,15.5,15.55,15.2,15.2,-0.25,299
2020-08-07,2461,669021,10170469,15.35,15.35,15.05,15.2,0.0,276
2020-08-10,2461,723459,11110379,15.3,15.55,15.2,15.25,0.05,291
2020-08-11,2461,1080442,16685090,15.45,15.6,15.3,15.3,0.05,439
2020-08-12,2461,535204,8137249,15.15,15.35,15.15,15.2,-0.1,224
2020-08-13,2461,784244,12099583,15.3,15.6,15.25,15.4,0.2,328
2020-08-14,2461,3699583,59400070,15.45,16.4,15.45,16.3,0.9,1667
2020-08-17,2461,2767714,44938193,16.4,16.75,15.85,16.15,-0.15,1196
2020-08-18,2461,1818102,28540745,16.15,16.15,15.55,15.65,-0.5,648
2020-08-19,2461,872201,13573694,15.75,15.85,15.3,15.4,-0.25,411
2020-08-20,2461,1805601,26968521,15.5,15.5,14.4,14.8,-0.6,658
2020-08-21,2461,574094,8609369,15.0,15.2,14.85,15.05,0.25,271
2020-08-24,2461,1740485,27017758,15.1,15.9,15.05,15.9,0.85,627
2020-08-25,2461,6606314,107172336,16.25,16.45,16.0,16.25,0.35,2287
2020-08-26,2461,1203694,19377741,16.05,16.3,15.9,16.3,0.05,599
2020-08-27,2461,1301420,20866276,16.3,16.3,15.9,15.9,-0.4,523
2020-08-28,2461,516172,8259602,16.15,16.15,15.9,16.1,0.2,262
2020-08-31,2461,924401,14926876,16.3,16.3,16.0,16.15,0.05,375
2020-09-01,2461,5471540,89731946,16.15,16.7,15.9,16.35,0.2,1451
2020-09-02,2461,2170950,35605385,16.25,16.75,16.1,16.2,-0.15,860
2020-09-03,2461,9503413,161869321,16.4,17.7,16.3,17.0,0.8,3728
2020-09-04,2461,2585701,43349841,16.55,16.95,16.45,16.75,-0.25,1170
2020-09-07,2461,2541401,42132166,17.0,17.0,16.2,16.25,-0.5,907
2020-09-08,2461,1423189,22907963,16.5,16.5,15.9,16.0,-0.25,669
2020-09-09,2461,903124,14387758,15.85,16.2,15.7,16.15,0.15,397
2020-09-10,2461,519257,8386586,16.2,16.25,16.1,16.1,-0.05,221
2020-09-11,2461,1140102,17955995,16.0,16.0,15.5,15.65,-0.45,580
2020-09-14,2461,375001,5894465,15.5,15.85,15.5,15.75,0.1,195
2020-09-15,2461,626592,9842192,15.85,15.9,15.65,15.7,-0.05,290
2020-09-16,2461,11341610,193849716,15.85,17.25,15.8,17.25,1.55,3479
2020-09-17,2461,9445521,159751425,17.1,17.45,16.5,16.65,-0.6,3612
2020-09-18,2461,3837900,63844455,16.4,16.85,16.4,16.5,-0.15,1256
2020-09-21,2461,1840000,30862800,16.7,17.15,16.55,16.55,0.05,866
2020-09-22,2461,992340,16110107,16.4,16.5,16.05,16.25,-0.3,453
2020-09-23,2461,836001,13498666,16.35,16.35,16.05,16.1,-0.15,346
2020-09-24,2461,970149,15446584,16.0,16.2,15.8,15.85,-0.25,437
2020-09-25,2461,1406001,21972215,15.9,16.15,15.3,15.45,-0.4,522
2020-09-28,2461,569242,8916320,15.6,15.85,15.55,15.6,0.15,275
2020-09-29,2461,350003,5463595,15.75,15.75,15.45,15.6,0.0,177
2020-09-30,2461,512081,8100276,15.65,16.0,15.55,15.85,0.25,255
2020-10-05,2461,573002,9232732,15.85,16.35,15.85,16.05,0.2,293
2020-10-06,2461,688010,11211712,16.15,16.45,16.15,16.3,0.25,316
2020-10-07,2461,298245,4860969,16.4,16.4,16.2,16.3,0.0,188
2020-10-08,2461,1127100,18468385,16.35,16.6,16.25,16.3,0.0,312
2020-10-12,2461,569182,9228662,16.55,16.55,16.05,16.1,-0.2,236
2020-10-13,2461,559694,9015454,16.2,16.4,15.95,16.1,0.0,211
2020-10-14,2461,903093,14772806,16.35,16.55,16.15,16.3,0.2,396
2020-10-15,2461,1100190,18243372,16.5,16.75,16.35,16.65,0.35,520
2020-10-16,2461,655188,10793864,16.7,16.75,16.3,16.35,-0.3,295
2020-10-19,2461,473101,7734900,16.35,16.5,16.25,16.35,0.0,245
2020-10-20,2461,281302,4552776,16.35,16.35,16.1,16.15,-0.2,174
2020-10-21,2461,5633202,92926321,16.3,16.65,16.1,16.25,0.1,1070
2020-10-22,2461,465005,7504430,16.15,16.25,16.05,16.1,-0.15,246
2020-10-23,2461,292250,4700100,16.15,16.15,16.0,16.05,-0.05,157
2020-10-26,2461,637118,10144464,16.2,16.2,15.8,15.85,-0.2,268
2020-10-27,2461,331083,5276765,15.8,16.0,15.8,15.95,0.1,161
2020-10-28,2461,397198,6291664,16.1,16.1,15.75,15.75,-0.2,209
2020-10-29,2461,575447,8946764,15.6,15.65,15.45,15.6,-0.15,275
2020-10-30,2461,844002,13136181,15.8,15.9,15.3,15.3,-0.3,347
2020-11-02,2461,330564,5050508,15.3,15.4,15.05,15.35,0.05,146
2020-11-03,2461,585250,9018412,15.4,15.6,15.3,15.3,-0.05,285
2020-11-04,2461,519339,7953901,15.5,15.55,15.25,15.3,0.0,218
2020-11-05,2461,256505,3923329,15.35,15.35,15.25,15.3,0.0,129
2020-11-06,2461,371370,5688808,15.45,15.45,15.25,15.3,0.0,152
2020-11-09,2461,672103,10439558,15.35,15.65,15.35,15.6,0.3,264
2020-11-10,2461,458669,7149568,15.5,15.75,15.4,15.65,0.05,192
2020-11-11,2461,1523017,24453320,15.85,16.3,15.85,16.0,0.35,622
2020-11-12,2461,720498,11546970,16.0,16.1,15.95,16.0,0.0,317
2020-11-13,2461,714617,11535374,16.0,16.3,16.0,16.1,0.1,279
2020-11-16,2461,896345,14552455,16.2,16.35,16.15,16.2,0.1,336
2020-11-17,2461,677013,10950455,16.25,16.3,16.0,16.15,-0.05,281
2020-11-18,2461,1962090,32181545,16.15,16.6,16.1,16.4,0.25,681
2020-11-19,2461,4640791,78568770,16.45,17.5,16.45,16.9,0.5,1839
2020-11-20,2461,3221451,55239243,16.9,17.4,16.85,17.3,0.4,1229
2020-11-23,2461,3956551,70366774,17.65,18.2,17.5,17.65,0.35,1640
2020-11-24,2461,1853388,32260826,17.65,17.85,17.25,17.3,-0.35,811
2020-11-25,2461,5586789,100092954,17.75,18.3,17.3,18.25,0.95,2131
2020-11-26,2461,3136320,56580485,18.0,18.35,17.85,18.0,-0.25,1353
2020-11-27,2461,5765255,106658740,18.2,18.85,17.9,18.65,0.65,2063
2020-11-30,2461,5677628,109420843,18.75,19.85,18.75,18.95,0.3,2304
2020-12-01,2461,3892574,75410060,18.9,19.85,18.85,19.6,0.65,1580
2020-12-02,2461,3886610,77045359,19.65,20.2,19.5,19.75,0.15,1731
2020-12-03,2461,3551163,69980281,20.1,20.3,19.25,19.45,-0.3,1503
2020-12-04,2461,1935720,37394681,19.45,19.65,19.1,19.3,-0.15,827
2020-12-07,2461,1816511,35306210,19.75,19.95,19.2,19.3,0.0,786
2020-12-08,2461,1245742,23878083,19.55,19.55,19.0,19.15,-0.15,608
2020-12-09,2461,1075766,20780604,19.25,19.5,19.15,19.35,0.2,469
2020-12-10,2461,2080587,40749596,19.35,19.9,19.2,19.45,0.1,861
2020-12-11,2461,3073723,57444245,19.4,19.4,18.0,18.5,-0.95,1362
2020-12-14,2461,680247,12705861,18.6,18.9,18.3,18.75,0.25,358
2020-12-15,2461,852881,15791934,18.9,18.9,18.35,18.45,-0.3,336
2020-12-16,2461,2213831,42709886,18.9,19.6,18.6,19.4,0.95,996
2020-12-17,2461,3204741,62628556,19.5,19.8,19.2,19.4,0.0,1030
2020-12-18,2461,725570,13993970,19.5,19.6,19.15,19.15,-0.25,351
2020-12-21,2461,649014,12361665,19.3,19.3,18.7,19.2,0.05,370
2020-12-22,2461,1620473,30586958,19.2,19.4,18.45,18.55,-0.65,655
2020-12-23,2461,549738,10209581,18.35,18.8,18.35,18.6,0.05,273
2020-12-24,2461,964996,18256693,18.6,19.1,18.6,18.85,0.25,344
2020-12-25,2461,551273,10397882,19.0,19.1,18.7,18.8,-0.05,254
2020-12-28,2461,1656734,31709030,19.0,19.35,18.9,19.1,0.3,624
2020-12-29,2461,2116881,41161470,19.5,19.7,19.25,19.35,0.25,953
2020-12-30,2461,1034033,20114335,19.5,19.65,19.35,19.45,0.1,422
2020-12-31,2461,1816442,35590420,19.6,19.85,19.35,19.5,0.05,770
2021-01-04,2461,1902319,37669849,19.9,20.0,19.55,19.7,0.2,831
2021-01-05,2461,2479896,47361503,19.7,19.7,18.7,18.9,-0.8,1048
2021-01-06,2461,1812274,33305057,19.15,19.15,18.0,18.15,-0.75,876
2021-01-07,2461,1240124,22364658,18.25,18.4,17.7,18.0,-0.15,511
2021-01-08,2461,1018495,18221986,18.15,18.3,17.7,17.8,-0.2,446
2021-01-11,2461,656436,11701180,18.0,18.0,17.65,17.8,0.0,341
2021-01-12,2461,988898,17436282,18.0,18.0,17.45,17.45,-0.35,418
2021-01-13,2461,692089,12129570,17.45,17.7,17.4,17.5,0.05,347
2021-01-14,2461,575511,10041092,17.65,17.65,17.3,17.4,-0.1,259
2021-01-15,2461,1302938,22268037,17.4,17.4,16.9,16.9,-0.5,483
2021-01-18,2461,885600,14832555,16.85,17.15,16.3,17.1,0.2,370
2021-01-19,2461,902046,15633640,17.1,17.6,17.05,17.1,0.0,351
2021-01-20,2461,1094191,18198974,17.25,17.25,16.35,16.35,-0.75,431
2021-01-21,2461,796159,13252781,16.45,16.95,16.4,16.55,0.2,291
2021-01-22,2461,418110,6929979,16.7,16.75,16.4,16.7,0.15,183
2021-01-25,2461,243610,4045845,16.6,16.8,16.4,16.75,0.05,117
2021-01-26,2461,341355,5667906,16.75,16.95,16.45,16.6,-0.15,175
2021-01-27,2461,250006,4143149,16.8,16.8,16.45,16.55,-0.05,124
2021-01-28,2461,695944,11478500,16.4,16.85,16.0,16.55,0.0,307
2021-01-29,2461,743315,12260032,16.6,16.7,16.25,16.4,-0.15,270
2021-02-01,2461,420222,6855754,16.4,16.5,16.2,16.35,-0.05,193
2021-02-02,2461,2033418,34219199,16.4,17.15,16.4,16.9,0.55,538
2021-02-03,2461,870211,14645864,17.0,17.0,16.65,16.65,-0.25,275
2021-02-04,2461,965008,16088737,16.6,16.8,16.5,16.7,0.05,255
2021-02-05,2461,552177,9259025,16.9,16.95,16.7,16.75,0.05,206
2021-02-17,2461,1273546,21931785,17.05,17.45,17.0,17.3,0.55,404
2021-02-18,2461,1441109,25594321,17.3,18.1,17.3,17.7,0.4,517
2021-02-19,2461,1212787,21546114,17.8,17.95,17.55,17.7,0.0,411
2021-02-22,2461,1277153,23217023,17.9,18.45,17.8,18.3,0.6,554
2021-02-23,2461,992215,18254030,18.15,18.55,18.0,18.5,0.2,407
2021-02-24,2461,1138499,21105771,18.5,18.85,18.3,18.35,-0.15,426
2021-02-25,2461,888786,16510871,18.4,18.85,18.4,18.6,0.25,300
2021-02-26,2461,814718,14961930,18.2,18.6,18.0,18.35,-0.25,322
2021-03-02,2461,735743,13412973,18.6,18.75,18.0,18.0,-0.35,238
2021-03-03,2461,639889,11493064,18.05,18.1,17.75,18.1,0.1,265
2021-03-04,2461,513149,9167683,17.85,18.05,17.75,17.8,-0.3,254
2021-03-05,2461,602441,10616595,17.7,17.75,17.5,17.65,-0.15,299
2021-03-08,2461,852513,15047571,17.85,18.0,17.55,17.55,-0.1,369
2021-03-09,2461,834617,14687621,17.8,17.8,17.35,17.65,0.1,351
2021-03-10,2461,1953879,35347850,17.7,18.65,17.6,18.6,0.95,753
2021-03-11,2461,6741577,128278031,18.65,19.4,18.3,19.4,0.8,2175
2021-03-12,2461,1989851,38263123,19.25,19.45,18.95,19.45,0.05,709
2021-03-15,2461,4287767,84002455,19.55,19.9,19.3,19.3,-0.15,1275
2021-03-16,2461,5194504,104070394,19.4,20.65,19.4,19.8,0.5,1722
2021-03-17,2461,3855610,78335638,19.75,20.75,19.75,20.2,0.4,1495
2021-03-18,2461,2390441,47947807,20.4,20.55,19.7,19.85,-0.35,969
2021-03-19,2461,1662097,33009198,19.85,20.1,19.7,19.7,-0.15,698
2021-03-22,2461,3063626,61633851,20.0,20.35,19.75,20.15,0.45,827
2021-03-23,2461,1589700,31697499,20.4,20.4,19.7,19.85,-0.3,631
2021-03-24,2461,2358249,46559557,19.95,20.4,19.4,19.45,-0.4,932
2021-03-25,2461,1620433,31852646,19.5,19.9,19.5,19.55,0.1,572
2021-03-26,2461,2046531,40604170,19.9,20.25,19.5,19.9,0.35,637
2021-03-29,2461,2830605,56895010,20.0,20.5,19.8,20.45,0.55,847
2021-03-30,2461,13275205,278879841,20.55,21.75,20.3,20.85,0.4,5006
2021-03-31,2461,4095378,84342289,20.8,20.9,20.3,20.9,0.05,1802
2021-04-01,2461,6303039,132076354,21.2,21.3,20.6,20.9,0.0,2311
2021-04-06,2461,3416476,71849965,20.9,21.35,20.8,20.85,-0.05,1268
2021-04-07,2461,3387628,71853736,20.85,21.5,20.85,21.25,0.4,1399
2021-04-08,2461,4884840,106655099,21.3,22.2,21.3,21.8,0.55,1983
2021-04-09,2461,2999731,65452840,22.05,22.2,21.5,21.95,0.15,1060
2021-04-12,2461,3968891,88609283,22.05,22.75,21.8,22.2,0.25,1651
2021-04-13,2461,4516427,100066975,22.7,22.9,21.5,21.65,-0.55,1713
2021-04-14,2461,3503100,75363345,21.85,21.95,20.85,21.85,0.2,1354
2021-04-15,2461,4275074,96622345,22.0,22.95,21.8,22.85,1.0,1721
2021-04-16,2461,3120324,70865635,23.1,23.2,22.4,22.7,-0.15,1293
2021-04-19,2461,2262872,50784305,22.95,22.95,22.25,22.35,-0.35,866
2021-04-20,2461,1850556,41602638,22.3,22.8,22.0,22.6,0.25,755
2021-04-21,2461,2686847,61477333,22.6,23.25,22.45,22.85,0.25,1013
2021-04-22,2461,3780408,86859975,23.1,23.5,22.25,22.65,-0.2,1415
2021-04-23,2461,2723669,62335776,22.65,23.3,22.35,23.05,0.4,1235
2021-04-26,2461,2856268,66505795,23.45,23.75,22.9,23.05,0.0,1335
2021-04-27,2461,2764170,64603139,23.1,23.7,22.75,23.6,0.55,1258
2021-04-28,2461,1944231,45376468,23.7,23.75,23.15,23.3,-0.3,756
2021-04-29,2461,1577455,36602903,23.5,23.5,23.0,23.05,-0.25,658
2021-05-03,2461,3379849,77299270,23.2,23.55,22.45,22.8,-0.25,1188
2021-05-04,2461,4105676,91926113,23.0,23.65,21.25,22.2,-0.6,1432
2021-05-05,2461,1197779,26991669,22.45,22.9,21.8,22.35,0.15,482
2021-05-06,2461,1579468,34972523,22.4,22.8,21.55,22.05,-0.3,649
2021-05-07,2461,1421226,31370091,22.1,22.45,21.8,22.3,0.25,531
2021-05-10,2461,4793755,111888407,22.8,23.9,22.45,23.7,1.4,1732
2021-05-11,2461,5256403,116522464,22.95,23.45,21.35,21.55,-2.15,1883
2021-05-12,2461,6582685,136925041,22.0,22.4,19.4,19.8,-1.75,2105
2021-05-13,2461,3142242,60320198,19.6,19.85,18.15,19.1,-0.7,1227
2021-05-14,2461,2470194,48747684,20.15,20.15,19.4,19.65,0.55,998
2021-05-17,2461,3155870,57464874,18.15,19.3,17.7,17.7,-1.95,1233
2021-05-18,2461,4961762,93921821,18.3,19.45,18.05,19.45,1.75,1154
2021-05-19,2461,3416778,66823197,19.25,20.0,19.1,19.9,0.45,1190
2021-05-20,2461,3091446,60051829,19.8,19.8,19.1,19.15,-0.75,1008
2021-05-21,2461,1480634,28832671,19.5,19.85,19.15,19.7,0.55,551
2021-05-24,2461,2563484,51228974,19.6,20.7,19.4,20.4,0.7,884
2021-05-25,2461,2195114,45375069,20.7,20.95,20.35,20.55,0.15,755
2021-05-26,2461,2053028,42933077,20.8,21.2,20.5,21.05,0.5,818
2021-05-27,2461,3335616,71694413,21.4,21.8,21.15,21.7,0.65,1250
2021-05-28,2461,2436477,51924299,21.1,21.75,20.85,21.45,0.0,1024
2021-05-31,2461,1581914,33743216,21.5,21.65,20.9,21.2,-0.25,593
2021-06-01,2461,1721610,37120159,21.4,22.0,21.0,21.75,0.55,671
2021-06-02,2461,2232510,49614593,21.8,22.55,21.65,22.15,0.4,898
2021-06-03,2461,964128,21286781,21.9,22.4,21.9,22.05,-0.1,374
2021-06-04,2461,1248538,27073668,22.25,22.25,21.35,21.5,-0.55,618
2021-06-07,2461,1082530,22980315,21.55,21.6,20.75,21.15,-0.35,549
2021-06-08,2461,626599,13342246,21.45,21.5,21.2,21.35,0.2,278
2021-06-09,2461,1038210,21889646,21.35,21.4,20.85,20.85,-0.5,410
2021-06-10,2461,756570,15749955,20.8,21.1,20.65,20.9,0.05,386
2021-06-11,2461,2341755,47701182,20.9,21.05,20.05,20.25,-0.65,694
2021-06-15,2461,991439,19975312,20.25,20.45,19.95,20.3,0.05,391
2021-06-16,2461,1109122,22055139,20.45,20.45,19.8,19.9,-0.4,426
2021-06-17,2461,455073,9150719,19.95,20.2,19.9,20.2,0.3,213
2021-06-18,2461,1275356,25579619,20.1,20.3,19.95,19.95,-0.25,450
2021-06-21,2461,1028077,20483940,19.8,20.1,19.7,20.1,0.15,355
2021-06-22,2461,963319,19329128,20.25,20.3,19.9,19.95,-0.15,427
2021-06-23,2461,999121,20009215,20.0,20.2,19.8,20.05,0.1,337
2021-06-24,2461,798342,15982445,20.1,20.1,19.9,20.0,-0.05,309
2021-06-25,2461,936646,18889776,20.1,20.35,20.0,20.1,0.1,349
2021-06-28,2461,1242073,25403998,20.1,20.75,20.1,20.55,0.45,484
2021-06-29,2461,971890,19974644,20.7,20.85,20.4,20.4,-0.15,398
2021-06-30,2461,919940,19016761,20.65,20.9,20.55,20.65,0.25,312
2021-07-01,2461,1097311,22611292,20.75,20.9,20.4,20.5,-0.15,382
2021-07-02,2461,3857573,82492450,20.5,21.9,20.5,21.6,1.1,1567
2021-07-05,2461,6529228,143917922,21.7,22.65,21.45,22.1,0.5,2420
2021-07-06,2461,3333365,73786764,22.2,22.55,21.7,22.4,0.3,1507
2021-07-07,2461,3302514,74202890,22.5,22.9,22.15,22.4,0.0,1405
2021-07-08,2461,4105206,93804411,22.65,23.15,22.4,22.8,0.4,1331
2021-07-09,2461,2338048,53577532,22.8,23.15,22.6,23.1,0.3,972
2021-07-12,2461,6780647,162693343,23.5,24.75,23.15,24.5,1.4,2876
2021-07-13,2461,8260970,190479886,24.3,24.3,22.2,22.7,-1.8,3621
2021-07-14,2461,1791671,40945499,22.8,23.2,22.45,22.8,0.1,859
2021-07-15,2461,1264664,29044402,22.95,23.2,22.65,23.05,0.25,589
2021-07-16,2461,1477776,34182455,22.85,23.35,22.75,23.1,0.05,616
2021-07-19,2461,5556924,133544646,23.1,24.5,22.95,24.45,1.35,2277
2021-07-20,2461,7061006,174314981,24.45,25.45,23.65,25.45,1.0,2914
2021-07-21,2461,9726395,236201835,25.2,25.2,23.7,23.85,-1.6,3892
2021-07-22,2461,6427519,150897067,24.0,24.4,22.8,22.8,-1.05,2393
2021-07-23,2461,1402599,32218700,22.9,23.2,22.75,22.95,0.15,731
2021-07-26,2461,1563037,36027583,23.15,23.15,22.95,23.05,0.1,716
2021-07-27,2461,2079231,48269001,23.3,23.7,22.8,22.8,-0.25,954
2021-07-28,2461,2636924,58720688,22.7,23.2,21.4,22.6,-0.2,1151
2021-07-29,2461,1022763,23262415,22.8,23.0,22.45,22.8,0.2,404
2021-07-30,2461,2204251,49652880,22.9,23.1,22.0,22.2,-0.6,818
2021-08-02,2461,847178,18953339,22.35,22.65,22.1,22.6,0.4,387
2021-08-03,2461,536224,12006450,22.6,22.7,22.2,22.45,-0.15,307
2021-08-04,2461,1615621,37227908,22.6,23.45,22.6,23.0,0.55,683
2021-08-05,2461,867781,19939869,22.95,23.15,22.8,22.9,-0.1,347
2021-08-06,2461,707369,16227388,23.0,23.2,22.85,22.85,-0.05,294
2021-08-09,2461,1051399,24233456,22.9,23.5,22.7,22.85,0.0,458
2021-08-10,2461,1038308,23787496,22.9,23.2,22.6,23.0,0.15,511
2021-08-11,2461,3042766,70237217,23.4,23.8,22.5,22.95,-0.05,1027
2021-08-12,2461,1220982,28350978,23.0,23.5,22.85,23.3,0.35,584
2021-08-13,2461,3190962,75113734,23.4,24.1,23.0,23.0,-0.3,1390
2021-08-16,2461,1758599,39671698,23.0,23.05,22.2,22.65,-0.35,807
2021-08-17,2461,1437711,31938437,22.65,22.7,21.8,21.85,-0.8,494
2021-08-18,2461,1581273,34367994,21.7,22.25,21.2,22.15,0.3,658
2021-08-19,2461,826843,18240040,22.1,22.45,21.75,21.8,-0.35,378
2021-08-20,2461,662720,14359165,21.95,22.1,21.45,21.5,-0.3,310
2021-08-23,2461,1781763,40480637,22.1,23.25,21.8,22.9,1.4,713
2021-08-24,2461,1113962,25871215,23.8,23.8,22.95,23.05,0.15,533
2021-08-25,2461,4937331,118318263,23.1,24.35,23.05,24.25,1.2,1707
2021-08-26,2461,2446606,58477013,24.45,24.5,23.35,23.8,-0.45,1329
2021-08-27,2461,776860,18454692,23.8,23.95,23.6,23.75,-0.05,480
2021-08-30,2461,1128729,26874237,24.15,24.15,23.6,23.7,-0.05,464
2021-08-31,2461,1514216,36219616,23.7,24.2,23.6,24.2,0.5,651
2021-09-01,2461,1442543,34702636,24.1,24.4,23.75,23.75,-0.45,685
2021-09-02,2461,2270787,54353745,23.85,24.3,23.65,23.85,0.1,950
2021-09-03,2461,1619465,37401777,23.4,23.55,22.7,22.8,0.0,775
2021-09-06,2461,1108698,24986121,22.8,22.95,22.2,22.2,-0.6,460
2021-09-07,2461,955659,21096808,22.1,22.55,21.8,22.2,0.0,339
2021-09-08,2461,1430204,30977565,22.05,22.2,21.35,21.35,-0.85,644
2021-09-09,2461,886062,18984782,21.35,21.6,21.2,21.45,0.1,405
2021-09-10,2461,1953126,41190986,21.45,21.55,20.7,21.1,-0.35,846
2021-09-13,2461,1187130,25597603,21.3,21.9,21.1,21.5,0.4,563
2021-09-14,2461,1481979,31314134,21.55,21.55,20.9,21.15,-0.35,580
2021-09-15,2461,820146,17323140,21.3,21.3,20.9,21.2,0.05,339
2021-09-16,2461,809468,17089352,21.3,21.35,20.9,21.0,-0.2,306
2021-09-17,2461,925307,19364949,21.0,21.2,20.7,21.2,0.2,379
2021-09-22,2461,1422541,29459845,20.85,20.9,20.5,20.6,-0.6,438
2021-09-23,2461,673759,13943722,20.75,20.95,20.5,20.75,0.15,248
2021-09-24,2461,545424,11502711,20.9,21.25,20.9,21.05,0.3,272
2021-09-27,2461,21020712,457420864,21.4,22.0,21.15,21.65,0.6,2785
2021-09-28,2461,1498551,32251364,21.5,21.75,21.3,21.65,0.0,713
2021-09-29,2461,1455501,31702211,21.35,22.25,21.3,21.5,-0.15,710
2021-09-30,2461,1115521,24061365,21.55,22.1,21.35,21.35,-0.15,487
2021-10-01,2461,2310207,47604981,21.4,21.4,20.15,20.25,-1.1,927
2021-10-04,2461,2059644,40414835,20.35,20.4,19.2,19.3,-0.95,833
2021-10-05,2461,1079361,20678194,19.0,19.55,18.75,19.25,-0.05,466
2021-10-06,2461,745190,14409418,19.45,19.6,19.15,19.3,0.05,304
2021-10-07,2461,426189,8443746,19.35,20.0,19.35,19.85,0.55,231
2021-10-08,2461,369082,7328479,19.9,20.1,19.7,19.9,0.05,204
2021-10-12,2461,444669,8680777,19.9,20.0,19.35,19.55,-0.35,200
2021-10-13,2461,1759750,33285939,19.5,19.55,18.55,18.65,-0.9,712
2021-10-14,2461,598005,11171043,18.75,19.0,18.45,18.7,0.05,264
2021-10-15,2461,349052,6629348,18.85,19.1,18.85,19.05,0.35,152
2021-10-18,2461,222146,4221058,19.15,19.2,18.9,19.1,0.05,112
2021-10-19,2461,407887,7963923,19.2,19.7,19.2,19.6,0.5,272
2021-10-20,2461,388097,7643289,19.7,19.9,19.6,19.65,0.05,150
2021-10-21,2461,393567,7763693,19.8,19.9,19.6,19.65,0.0,191
2021-10-22,2461,254143,4982249,19.75,19.75,19.5,19.6,-0.05,119
2021-10-25,2461,371289,7379389,19.8,20.0,19.7,19.85,0.25,192
2021-10-26,2461,287028,5690353,19.95,20.0,19.7,19.75,-0.1,172
2021-10-27,2461,303276,6019112,19.85,19.95,19.7,19.9,0.15,173
2021-10-28,2461,998006,20367220,20.1,20.7,20.0,20.3,0.4,485
2021-10-29,2461,333005,6706550,20.4,20.45,20.05,20.1,-0.2,211
2021-11-01,2461,522219,10529457,20.1,20.4,20.0,20.15,0.05,217
2021-11-02,2461,466250,9328207,20.3,20.35,19.8,19.8,-0.35,262
2021-11-03,2461,289353,5779930,20.05,20.15,19.85,20.05,0.25,149
2021-11-04,2461,580681,11859257,20.15,20.6,20.15,20.3,0.25,414
2021-11-05,2461,297138,6007413,20.4,20.5,20.0,20.3,0.0,179
2021-11-08,2461,1083147,22483646,20.7,20.9,20.55,20.7,0.4,559
2021-11-09,2461,668046,13685394,20.8,20.8,20.35,20.45,-0.25,391
2021-11-10,2461,561175,11579278,20.6,20.8,20.45,20.65,0.2,243
2021-11-11,2461,3637098,78764764,21.5,22.25,21.4,21.6,0.95,1546
2021-11-12,2461,3856155,85351556,21.7,22.6,21.7,22.3,0.7,1562
2021-11-15,2461,3270244,74672641,22.85,23.3,22.4,22.95,0.65,1423
2021-11-16,2461,1565751,35728523,23.3,23.3,22.55,22.75,-0.2,758
2021-11-17,2461,1572052,36283455,23.0,23.3,22.8,23.05,0.3,725
2021-11-18,2461,1287257,29678820,23.2,23.35,22.85,23.05,0.0,527
2021-11-19,2461,1578385,36217135,23.25,23.3,22.65,22.85,-0.2,689
2021-11-22,2461,1886618,44198979,23.0,23.75,23.0,23.4,0.55,842
2021-11-23,2461,937356,21851094,23.45,23.6,23.15,23.2,-0.2,381
2021-11-24,2461,2048820,48284583,23.2,23.8,23.05,23.7,0.5,790
2021-11-25,2461,3798821,91233925,24.0,24.85,23.1,23.15,-0.55,1552
2021-11-26,2461,2007266,45490022,23.15,23.2,22.4,22.5,-0.65,901
2021-11-29,2461,1280112,28719000,22.1,22.9,21.95,22.65,0.15,580
2021-11-30,2461,1433721,33207010,23.15,23.45,22.8,23.2,0.55,622
2021-12-01,2461,1225056,28592278,22.95,23.6,22.8,23.35,0.15,530
2021-12-02,2461,1334812,30638927,23.4,23.5,22.7,22.7,-0.65,613
2021-12-03,2461,592481,13573139,23.05,23.05,22.75,22.85,0.15,243
2021-12-06,2461,619387,14263660,22.8,23.2,22.75,23.15,0.3,293
2021-12-07,2461,597698,13773126,23.25,23.4,22.9,22.9,-0.25,329
2021-12-08,2461,684352,15658003,23.05,23.2,22.75,22.75,-0.15,418
2021-12-09,2461,745736,17150605,22.85,23.2,22.85,22.9,0.15,296
2021-12-10,2461,1074661,24999965,23.2,23.5,23.0,23.0,0.1,524
2021-12-13,2461,884755,20532800,23.15,23.4,23.05,23.1,0.1,406
2021-12-14,2461,1112641,25272823,23.4,23.4,22.45,22.5,-0.6,575
2021-12-15,2461,327516,7404908,22.5,22.8,22.45,22.65,0.15,361
2021-12-16,2461,544350,12487053,22.9,23.05,22.8,22.95,0.3,266
2021-12-17,2461,565533,12854561,22.9,22.9,22.6,22.7,-0.25,307
2021-12-20,2461,303112,6855178,22.8,22.8,22.5,22.7,0.0,146
2021-12-21,2461,387279,8789414,22.7,22.85,22.5,22.65,-0.05,158
2021-12-22,2461,166124,3782191,22.8,22.8,22.7,22.7,0.05,105
2021-12-23,2461,1051847,24229978,22.85,23.2,22.75,23.2,0.5,448
2021-12-24,2461,24341254,613144002,23.4,25.5,23.3,25.5,2.3,5209
2021-12-27,2461,39862383,1027486980,25.5,26.5,25.0,26.45,0.95,14679
2021-12-28,2461,12970168,332778481,25.85,26.35,25.15,25.3,-1.15,5384
2021-12-29,2461,5424747,137799679,25.3,25.8,25.15,25.3,0.0,2378
2021-12-30,2461,9689069,241600686,25.0,25.5,24.4,25.4,0.1,3836
2022-01-03,2461,5341857,133968000,25.65,25.75,24.65,24.8,-0.6,2186
2022-01-04,2461,8437240,203572903,24.9,25.1,23.5,23.55,-1.25,3426
2022-01-05,2461,4387755,105210121,23.9,24.4,23.65,23.65,0.1,1774
2022-01-06,2461,2229000,52239364,23.75,23.75,23.3,23.4,-0.25,940
2022-01-07,2461,3253491,74572218,23.5,23.55,22.65,22.8,-0.6,1310
2022-01-10,2461,1390550,31994599,22.5,23.3,22.4,23.3,0.5,643
2022-01-11,2461,3867232,91102637,23.6,24.05,23.2,23.25,-0.05,1446
2022-01-12,2461,1638106,38146289,23.4,23.6,23.05,23.55,0.3,639
2022-01-13,2461,1041321,24503764,23.55,23.8,23.3,23.5,-0.05,513
2022-01-14,2461,2139323,48994695,23.35,23.35,22.5,23.05,-0.45,878
2022-01-17,2461,647131,14980812,23.2,23.3,22.95,23.3,0.25,300
2022-01-18,2461,973197,22878114,23.45,23.75,23.3,23.45,0.15,454
2022-01-19,2461,3297881,78812506,23.5,24.3,23.35,23.95,0.5,1601
2022-01-20,2461,7007781,172661787,24.05,24.95,23.8,24.8,0.85,3209
2022-01-21,2461,3328327,81298600,24.5,24.85,24.2,24.2,-0.6,1710
2022-01-24,2461,2550650,60350191,23.8,24.1,23.2,23.8,-0.4,1197
2022-01-25,2461,2943154,68173854,23.65,23.8,22.85,22.9,-0.9,1374
2022-01-26,2461,1562233,35658060,23.05,23.15,22.6,22.65,-0.25,934
2022-02-07,2461,1335419,31187092,23.2,23.75,22.9,23.7,1.05,694
2022-02-08,2461,1232725,29513544,23.7,24.1,23.6,24.05,0.35,625
2022-02-09,2461,2233454,54395746,24.1,24.7,24.05,24.25,0.2,893
2022-02-10,2461,6888876,171598017,24.6,25.4,24.5,24.6,0.35,3295
2022-02-11,2461,3663676,91658381,24.55,25.25,24.3,24.95,0.35,1527
2022-02-14,2461,4050115,101048707,25.0,25.25,24.5,25.2,0.25,2145
2022-02-15,2461,5584836,141378242,25.0,25.7,24.85,25.1,-0.1,2198
2022-02-16,2461,6599151,168775368,25.5,25.85,25.25,25.7,0.6,2508
2022-02-17,2461,7744169,195785099,25.8,26.0,24.55,24.7,-1.0,3430
2022-02-18,2461,6046015,152925209,24.7,25.6,24.5,25.45,0.75,2500
2022-02-21,2461,12471920,323341744,25.7,26.35,25.55,26.05,0.6,5540
2022-02-22,2461,6808597,171065245,25.8,25.8,24.55,25.2,-0.85,3203
2022-02-23,2461,3091785,77839968,25.35,25.55,24.9,25.05,-0.15,1388
2022-02-24,2461,4807895,116493746,24.9,25.1,23.7,23.95,-1.1,2315
2022-02-25,2461,2594526,63628416,24.35,24.75,24.25,24.55,0.6,1378
2022-03-01,2461,2235102,55690102,24.75,25.1,24.6,24.9,0.35,911
2022-03-02,2461,1549799,38100274,24.6,24.85,24.4,24.6,-0.3,722
2022-03-03,2461,1960063,48676217,24.8,25.15,24.6,24.65,0.05,750
2022-03-04,2461,1618000,40091837,24.55,25.05,24.5,24.6,-0.05,693
2022-03-07,2461,3159652,74621136,24.4,24.4,23.35,23.55,-1.05,1254
2022-03-08,2461,4214916,96262338,23.1,23.55,22.4,22.4,-1.15,1595
2022-03-09,2461,1331573,30608689,22.85,23.25,22.7,23.1,0.7,600
2022-03-10,2461,1113084,26309183,23.65,23.8,23.5,23.55,0.45,488
2022-03-11,2461,966621,22740023,23.35,23.75,23.3,23.6,0.05,395
2022-03-14,2461,1251026,29843513,23.7,24.0,23.65,23.85,0.25,527
2022-03-15,2461,1370044,32226903,23.95,23.95,23.3,23.3,-0.55,538
2022-03-16,2461,1262489,29654970,23.6,23.65,23.3,23.5,0.2,438
2022-03-17,2461,1289149,30819112,23.95,24.1,23.75,23.85,0.35,549
2022-03-18,2461,1228250,29525902,23.8,24.3,23.75,24.1,0.25,502
2022-03-21,2461,720345,17410483,24.2,24.35,24.05,24.15,0.05,379
2022-03-22,2461,911074,22116529,24.1,24.5,24.0,24.4,0.25,474
2022-03-23,2461,908711,22194152,24.55,24.65,24.2,24.35,-0.05,452
2022-03-24,2461,865958,21207899,24.35,24.6,24.3,24.5,0.15,489
2022-03-25,2461,4425753,104002491,23.6,23.8,23.3,23.35,-1.15,1868
2022-03-28,2461,1217989,27965623,23.05,23.15,22.65,23.15,-0.2,754
2022-03-29,2461,918485,21236505,23.3,23.35,22.95,23.1,-0.05,490
2022-03-30,2461,906256,21168680,23.35,23.5,23.2,23.45,0.35,417
2022-03-31,2461,712136,16638225,23.3,23.5,23.2,23.45,0.0,297
2022-04-01,2461,327046,7624170,23.4,23.4,23.25,23.25,-0.2,202
2022-04-06,2461,995408,22758471,23.2,23.2,22.8,22.85,-0.4,549
2022-04-07,2461,1280749,28944901,22.75,22.85,22.45,22.45,-0.4,609
2022-04-08,2461,700816,15844050,22.5,22.8,22.45,22.6,0.15,402
2022-04-11,2461,1159907,25734638,22.5,22.6,22.0,22.1,-0.5,562
2022-04-12,2461,1156684,25429285,22.0,22.25,21.75,22.1,0.0,472
2022-04-13,2461,676138,15022111,22.1,22.35,22.1,22.3,0.2,282
2022-04-14,2461,460006,10196882,22.4,22.4,22.05,22.05,-0.25,240
2022-04-15,2461,965384,20971775,21.9,21.95,21.55,21.6,-0.45,530
2022-04-18,2461,607849,12955630,21.4,21.5,21.2,21.35,-0.25,326
2022-04-19,2461,332691,7217993,21.7,21.8,21.5,21.75,0.4,212
2022-04-20,2461,657391,14305282,21.9,21.95,21.55,21.85,0.1,314
2022-04-21,2461,408731,8909841,21.9,21.95,21.7,21.7,-0.15,199
2022-04-22,2461,545269,11701466,21.55,21.7,21.3,21.35,-0.35,272
2022-04-25,2461,1254052,25975024,21.05,21.05,20.5,20.55,-0.8,560
2022-04-26,2461,572175,11943302,20.6,21.0,20.6,20.8,0.25,241
2022-04-27,2461,752334,15366075,20.5,20.75,20.15,20.55,-0.25,337
2022-04-28,2461,278764,5773375,20.55,20.9,20.55,20.7,0.15,181
2022-04-29,2461,343004,7164024,20.85,21.1,20.75,20.85,0.15,187
2022-05-03,2461,207252,4294892,20.8,20.9,20.6,20.8,-0.05,121
2022-05-04,2461,297054,6236435,20.8,21.15,20.8,20.95,0.15,145
2022-05-05,2461,260099,5469835,21.25,21.25,20.9,20.95,0.0,136
2022-05-06,2461,278410,5716138,20.45,20.65,20.4,20.65,-0.3,173
2022-05-09,2461,652112,13128877,20.45,20.45,20.0,20.1,-0.55,360
2022-05-10,2461,431419,8614343,20.0,20.3,19.7,20.3,0.2,217
2022-05-11,2461,337555,6829844,20.3,20.35,20.05,20.3,0.0,169
2022-05-12,2461,586583,11819401,20.0,20.55,19.9,20.05,-0.25,260
2022-05-13,2461,432107,8692681,20.05,20.25,20.05,20.1,0.05,169
2022-05-16,2461,625304,12575180,20.35,20.35,19.95,19.95,-0.15,255
2022-05-17,2461,402686,8045721,20.0,20.1,19.9,19.95,0.0,260
2022-05-18,2461,978571,19868541,20.1,20.7,19.95,20.65,0.7,475
2022-05-19,2461,635606,12931691,20.15,20.6,20.0,20.6,-0.05,345
2022-05-20,2461,433391,8910488,20.5,20.7,20.4,20.5,-0.1,264
2022-05-23,2461,463610,9572236,20.55,20.75,20.55,20.6,0.1,207
2022-05-24,2461,734373,15208698,20.7,21.0,20.4,20.45,-0.15,336
2022-05-25,2461,417536,8558977,20.55,20.6,20.4,20.6,0.15,189
2022-05-26,2461,412353,8479954,20.6,20.75,20.4,20.5,-0.1,192
2022-05-27,2461,300542,6162385,20.65,20.65,20.45,20.45,-0.05,201
2022-05-30,2461,672880,13964724,20.55,20.9,20.55,20.75,0.3,279
2022-05-31,2461,265413,5523464,20.85,20.95,20.65,20.95,0.2,138
2022-06-01,2461,550661,11586873,21.0,21.2,20.95,20.95,0.0,268
2022-06-02,2461,390551,8120585,21.0,21.0,20.65,20.7,-0.25,216
2022-06-06,2461,366929,7570755,20.8,20.8,20.55,20.7,0.0,192
2022-06-07,2461,249123,5148046,20.6,20.8,20.55,20.75,0.05,159
2022-06-08,2461,472051,9890384,20.85,21.2,20.7,20.85,0.1,274
2022-06-09,2461,273278,5694607,20.8,20.95,20.8,20.9,0.05,160
2022-06-10,2461,522420,11014166,20.85,21.25,20.75,21.15,0.25,305
2022-06-13,2461,675877,14267078,20.9,21.35,20.75,21.05,-0.1,361
2022-06-14,2461,633604,13224864,21.2,21.2,20.6,21.0,-0.05,317
2022-06-15,2461,523557,11096010,21.15,21.45,21.0,21.1,0.1,322
2022-06-16,2461,904259,19028696,21.1,21.3,20.6,20.65,-0.45,380
2022-06-17,2461,514476,10538554,20.4,20.65,20.35,20.55,-0.1,225
2022-06-20,2461,1009987,20287713,20.85,20.85,19.75,19.8,-0.75,477
2022-06-21,2461,644159,12868141,19.8,20.1,19.8,20.0,0.2,272
2022-06-22,2461,1236725,24631026,20.15,20.15,19.8,20.05,0.05,441
2022-06-23,2461,1694753,31207283,18.95,18.95,18.1,18.65,0.0,750
2022-06-24,2461,557029,10380120,18.8,18.85,18.45,18.6,-0.05,249
2022-06-27,2461,530311,10172674,18.8,19.4,18.7,19.4,0.8,264
2022-06-28,2461,375296,7278161,19.4,19.6,19.1,19.6,0.2,186
2022-06-29,2461,360116,6998785,19.4,19.7,19.2,19.35,-0.25,179
2022-06-30,2461,531597,10005787,19.15,19.25,18.7,18.7,-0.65,258
2022-07-01,2461,875014,15868646,18.6,18.65,17.85,17.85,-0.85,334
2022-07-04,2461,695763,12272046,17.95,18.0,17.3,17.45,-0.4,269
2022-07-05,2461,429901,7550193,18.0,18.0,17.3,17.65,0.2,199
2022-07-06,2461,651013,11323196,17.75,17.75,17.3,17.3,-0.35,229
2022-07-07,2461,491301,8583958,17.3,17.7,17.2,17.65,0.35,206
2022-07-08,2461,416459,7550444,18.0,18.35,17.9,18.2,0.55,231
2022-07-11,2461,149441,2683000,17.9,18.2,17.8,17.95,-0.25,104
2022-07-12,2461,298115,5221550,17.9,17.9,17.4,17.65,-0.3,140
2022-07-13,2461,261773,4707014,17.75,18.1,17.75,17.9,0.25,144
2022-07-14,2461,172127,3095825,17.75,18.1,17.7,18.0,0.1,101
2022-07-15,2461,168252,3040465,17.9,18.3,17.9,18.05,0.05,121
2022-07-18,2461,181160,3289558,18.05,18.2,18.05,18.2,0.15,118
2022-07-19,2461,232359,4243167,18.2,18.4,18.15,18.3,0.1,151
2022-07-20,2461,258108,4765335,18.45,18.55,18.3,18.4,0.1,151
2022-07-21,2461,148140,2720371,18.4,18.4,18.25,18.4,0.0,76
2022-07-22,2461,573591,10764689,18.4,19.05,18.35,18.9,0.5,330
2022-07-25,2461,908961,17565086,18.8,19.6,18.75,19.6,0.7,354
2022-07-26,2461,371108,7166582,19.6,19.6,19.15,19.4,-0.2,252
2022-07-27,2461,609339,11998858,19.15,20.0,19.15,19.6,0.2,294
2022-07-28,2461,255456,4968143,19.75,19.75,19.35,19.5,-0.1,202
2022-07-29,2461,178870,3488457,19.5,19.7,19.35,19.6,0.1,153
2022-08-01,2461,221273,4285275,19.5,19.55,19.25,19.35,-0.25,144
2022-08-02,2461,719289,13484866,19.25,19.25,18.55,18.65,-0.7,396
2022-08-03,2461,262222,4858041,18.5,18.65,18.45,18.5,-0.15,150
2022-08-04,2461,268434,4921094,18.4,18.8,18.05,18.4,-0.1,158
2022-08-05,2461,172311,3214055,18.55,18.8,18.4,18.65,0.25,102
2022-08-08,2461,224017,4158067,18.55,18.75,18.45,18.65,0.0,89
2022-08-09,2461,112109,2095796,18.65,18.8,18.5,18.75,0.1,75
2022-08-10,2461,864592,16590203,18.6,19.55,18.6,19.35,0.6,466
2022-08-11,2461,688579,13448868,19.7,19.75,19.35,19.35,0.0,404
2022-08-12,2461,2823784,56172274,19.4,20.25,19.4,19.7,0.35,1169
2022-08-15,2461,590677,11578865,19.7,19.8,19.4,19.7,0.0,277
2022-08-16,2461,569086,11179836,19.7,19.75,19.6,19.6,-0.1,233
2022-08-17,2461,354976,6994539,19.8,19.8,19.6,19.65,0.05,178
2022-08-18,2461,543760,10687955,19.6,19.85,19.5,19.65,0.0,255
2022-08-19,2461,366132,7190515,19.65,19.7,19.55,19.65,0.0,120
2022-08-22,2461,254175,4972474,19.6,19.6,19.5,19.6,-0.05,110
2022-08-23,2461,386396,7548775,19.55,19.7,19.35,19.5,-0.1,146
2022-08-24,2461,246372,4804004,19.7,19.7,19.45,19.45,-0.05,145
2022-08-25,2461,454183,8838947,19.65,19.65,19.4,19.5,0.05,231
2022-08-26,2461,367405,7154121,19.6,19.6,19.4,19.45,-0.05,204
2022-08-29,2461,473815,8951560,19.05,19.1,18.75,18.85,-0.6,274
2022-08-30,2461,293912,5564386,18.85,19.05,18.85,18.95,0.1,158
2022-08-31,2461,348521,6610244,18.8,19.05,18.8,18.95,0.0,134
2022-09-01,2461,414911,7803208,18.95,18.95,18.7,18.8,-0.15,201
2022-09-02,2461,529871,9964347,18.9,18.95,18.75,18.8,0.0,172
2022-09-05,2461,256303,4803107,18.9,18.9,18.65,18.7,-0.1,117
2022-09-06,2461,655296,12111394,18.7,18.75,18.3,18.45,-0.25,284
2022-09-07,2461,833548,15056395,18.4,18.4,17.85,18.0,-0.45,403
2022-09-08,2461,343771,6202338,17.8,18.25,17.8,18.1,0.0,188
2022-09-12,2461,369636,6766719,18.2,18.55,18.15,18.4,0.3,201
2022-09-13,2461,575612,10791354,18.6,18.9,18.55,18.85,0.45,288
2022-09-14,2461,389796,7334768,18.4,19.0,18.4,18.85,0.0,184
2022-09-15,2461,178425,3354689,18.85,18.95,18.7,18.9,0.05,115
2022-09-16,2461,156317,2928797,18.95,18.95,18.65,18.8,-0.1,91
2022-09-19,2461,189451,3514922,18.8,18.8,18.4,18.55,-0.25,122
2022-09-20,2461,81118,1510752,18.7,18.7,18.55,18.7,0.15,60
2022-09-21,2461,157148,2907543,18.75,18.75,18.35,18.5,-0.2,121
2022-09-22,2461,160118,2943144,18.3,18.6,18.15,18.45,-0.05,114
2022-09-23,2461,164411,3014156,18.45,18.7,18.2,18.3,-0.15,110
2022-09-26,2461,430161,7634686,18.0,18.1,17.55,17.85,-0.45,247
2022-09-27,2461,202216,3591644,17.8,17.9,17.7,17.75,-0.1,114
2022-09-28,2461,365397,6410812,18.0,18.0,17.35,17.35,-0.4,187
2022-09-29,2461,343207,5957812,17.55,17.8,17.05,17.4,0.05,167
2022-09-30,2461,231120,3975731,17.1,17.45,17.0,17.45,0.05,132
2022-10-03,2461,151422,2662623,17.35,17.8,17.35,17.6,0.15,98
2022-10-04,2461,133177,2380564,17.85,18.0,17.7,18.0,0.4,84
2022-10-05,2461,146642,2644311,18.1,18.15,17.85,18.1,0.1,111
2022-10-06,2461,113653,2041927,17.9,18.1,17.9,18.0,-0.1,77
2022-10-07,2461,188659,3403126,18.05,18.25,17.9,18.1,0.1,73
2022-10-11,2461,234305,4149280,17.9,17.9,17.55,17.75,-0.35,114
2022-10-12,2461,239028,4262452,17.75,18.0,17.65,17.95,0.2,107
2022-10-13,2461,311040,5478848,18.0,18.0,17.35,17.55,-0.4,189
2022-10-14,2461,338271,5989037,17.8,17.95,17.5,17.65,0.1,181
2022-10-17,2461,170616,2987260,17.5,17.65,17.35,17.6,-0.05,118
2022-10-18,2461,89159,1580501,17.8,17.85,17.65,17.65,0.05,69
2022-10-19,2461,110032,1954464,17.85,17.95,17.65,17.7,0.05,80
2022-10-20,2461,126015,2227360,17.85,17.85,17.45,17.8,0.1,87
2022-10-21,2461,71206,1266368,17.8,17.85,17.7,17.7,-0.1,50
2022-10-24,2461,216395,3894666,17.75,18.2,17.7,18.05,0.35,134
2022-10-25,2461,140170,2511600,18.15,18.15,17.75,17.75,-0.3,121
2022-10-26,2461,125115,2226993,17.75,17.95,17.7,17.7,-0.05,90
2022-10-27,2461,175860,3171872,17.9,18.2,17.9,18.05,0.35,118
2022-10-28,2461,109090,1963880,18.05,18.15,17.9,17.95,-0.1,89
2022-10-31,2461,78008,1406897,18.15,18.15,17.95,18.1,0.15,57
2022-11-01,2461,222001,4045118,18.1,18.35,18.0,18.3,0.2,129
2022-11-02,2461,138029,2510878,18.35,18.35,18.1,18.1,-0.2,97
2022-11-03,2461,116493,2120422,18.25,18.3,18.0,18.2,0.1,98
2022-11-04,2461,412777,7624557,18.3,18.6,18.2,18.55,0.35,231
2022-11-07,2461,573199,10810999,18.8,19.0,18.65,18.75,0.2,296
2022-11-08,2461,175457,3281237,19.0,19.0,18.55,18.55,-0.2,145
2022-11-09,2461,241226,4468232,18.55,18.6,18.45,18.5,-0.05,137
2022-11-10,2461,99312,1841261,18.6,18.6,18.45,18.55,0.05,88
2022-11-11,2461,321250,5922023,18.8,18.8,18.3,18.35,-0.2,202
2022-11-14,2461,202036,3711370,18.5,18.5,18.3,18.45,0.1,96
2022-11-15,2461,146249,2696848,18.6,18.6,18.4,18.5,0.05,101
2022-11-16,2461,133145,2448609,18.6,18.6,18.3,18.3,-0.2,97
2022-11-17,2461,228395,4235666,18.5,18.6,18.35,18.6,0.3,137
2022-11-18,2461,175052,3248966,18.65,18.65,18.5,18.6,0.0,109
2022-11-21,2461,127639,2379827,18.7,18.75,18.55,18.65,0.05,81
2022-11-22,2461,775541,14647928,18.75,19.1,18.6,18.95,0.3,375
2022-11-23,2461,294926,5592570,19.15,19.15,18.85,18.85,-0.1,173
2022-11-24,2461,217150,4076277,19.0,19.05,18.65,18.7,-0.15,145
2022-11-25,2461,669486,12397378,18.85,18.85,18.35,18.4,-0.3,277
2022-11-28,2461,432886,7875988,18.4,18.4,18.0,18.3,-0.1,263
2022-11-29,2461,212105,3912174,18.45,18.55,18.2,18.5,0.2,121
2022-11-30,2461,279989,5238098,18.55,18.8,18.45,18.7,0.2,146
2022-12-01,2461,272662,5112306,18.8,18.8,18.7,18.8,0.1,130
2022-12-02,2461,192079,3607386,18.8,18.85,18.7,18.75,-0.05,129
2022-12-05,2461,305632,5742683,18.8,18.9,18.7,18.75,0.0,162
2022-12-06,2461,677934,12894737,18.95,19.3,18.85,18.95,0.2,335
2022-12-07,2461,432551,8200267,19.0,19.2,18.7,18.75,-0.2,284
2022-12-08,2461,157104,2952600,18.85,18.95,18.7,18.75,0.0,101
2022-12-09,2461,96016,1801850,18.9,18.9,18.7,18.8,0.05,124
2022-12-12,2461,161571,3030923,18.9,18.9,18.7,18.8,0.0,71
2022-12-13,2461,152126,2861466,18.95,18.95,18.7,18.8,0.0,92
2022-12-14,2461,190784,3584135,18.9,18.9,18.7,18.8,0.0,125
2022-12-15,2461,130004,2436622,18.85,18.85,18.7,18.75,-0.05,91
2022-12-16,2461,234016,4355295,18.6,18.7,18.45,18.55,-0.2,90
2022-12-19,2461,175006,3268908,18.55,18.75,18.55,18.65,0.1,78
2022-12-20,2461,244106,4518794,18.55,18.75,18.3,18.4,-0.25,135
2022-12-21,2461,135014,2494990,18.65,18.65,18.35,18.4,0.0,92
2022-12-22,2461,184758,3420212,18.55,18.6,18.45,18.6,0.2,78
2022-12-23,2461,147687,2719054,18.4,18.55,18.35,18.5,-0.1,118
2022-12-26,2461,72015,1339628,18.4,18.7,18.4,18.6,0.1,47
2022-12-27,2461,80020,1490474,18.65,18.7,18.55,18.65,0.05,64
2022-12-28,2461,194075,3596780,18.65,18.7,18.35,18.4,-0.25,98
2022-12-29,2461,161088,2965265,18.55,18.6,18.35,18.45,0.05,67
2022-12-30,2461,104019,1925351,18.7,18.7,18.45,18.45,0.0,52
2023-01-03,2461,48038,885964,18.6,18.6,18.35,18.5,0.05,36
2023-01-04,2461,120010,2227680,18.6,18.65,18.5,18.6,0.1,60
2023-01-05,2461,105136,1954814,18.7,18.7,18.5,18.65,0.05,86
2023-01-06,2461,125117,2326581,18.7,18.7,18.5,18.65,0.0,82
2023-01-09,2461,62397,1163906,18.7,18.7,18.6,18.65,0.0,52
2023-01-10,2461,236674,4416104,18.7,18.75,18.6,18.7,0.05,85
2023-01-11,2461,92174,1716638,18.7,18.75,18.5,18.6,-0.1,62
2023-01-12,2461,124013,2298440,18.7,18.7,18.45,18.5,-0.1,74
2023-01-13,2461,201006,3713762,18.45,18.55,18.4,18.4,-0.1,113
2023-01-16,2461,1559830,29886500,19.6,19.6,18.85,18.95,0.55,824
2023-01-17,2461,174766,3305410,18.85,19.1,18.8,18.9,-0.05,148
2023-01-30,2461,243161,4616258,19.2,19.2,18.9,18.9,0.0,146
2023-01-31,2461,230809,4379371,19.1,19.1,18.9,19.0,0.1,140
2023-02-01,2461,521917,10046192,19.15,19.35,19.1,19.25,0.25,234
2023-02-02,2461,457316,8870880,19.35,19.5,19.25,19.45,0.2,218
2023-02-03,2461,291049,5646954,19.5,19.5,19.25,19.45,0.0,151
2023-02-06,2461,231322,4466141,19.45,19.5,19.2,19.45,0.0,109
2023-02-07,2461,165751,3223779,19.35,19.55,19.3,19.45,0.0,114
2023-02-08,2461,191388,3721368,19.6,19.6,19.35,19.5,0.05,143
2023-02-09,2461,207496,4012870,19.3,19.4,19.3,19.35,-0.15,135
2023-02-10,2461,170895,3306366,19.45,19.45,19.25,19.3,-0.05,135
2023-02-13,2461,201032,3893069,19.4,19.5,19.3,19.4,0.1,106
2023-02-14,2461,130224,2524617,19.5,19.5,19.35,19.35,-0.05,85
2023-02-15,2461,181416,3524577,19.45,19.5,19.35,19.5,0.15,373
2023-02-16,2461,336559,6596611,19.6,19.8,19.45,19.55,0.05,383
2023-02-17,2461,274530,5377056,19.65,19.65,19.5,19.65,0.1,291
2023-02-20,2461,412636,8162397,19.7,19.9,19.7,19.9,0.25,455
2023-02-21,2461,950030,19240022,20.1,20.45,19.95,20.25,0.35,636
2023-02-22,2461,478242,9620447,20.2,20.25,20.05,20.05,-0.2,374
2023-02-23,2461,781127,16020540,20.25,20.8,20.25,20.45,0.4,475
2023-02-24,2461,561334,11445133,20.6,20.7,20.0,20.4,-0.05,418
2023-03-01,2461,302678,6178166,20.55,20.6,20.3,20.35,-0.05,417
2023-03-02,2461,356058,7190799,20.5,20.5,20.1,20.25,-0.1,493
2023-03-03,2461,425528,8687277,20.2,20.55,20.15,20.5,0.25,295
2023-03-06,2461,759703,15717848,20.55,20.9,20.45,20.8,0.3,340
2023-03-07,2461,1054326,22015247,20.85,21.15,20.75,20.95,0.15,424
2023-03-08,2461,519613,10851607,20.9,21.0,20.7,21.0,0.05,249
2023-03-09,2461,706288,14976304,21.2,21.4,21.0,21.05,0.05,338
2023-03-10,2461,563454,11624771,21.0,21.0,20.45,20.5,-0.55,306
2023-03-13,2461,357624,7202998,20.45,20.45,19.85,20.25,-0.25,230
2023-03-14,2461,216203,4359115,20.25,20.45,20.0,20.0,-0.25,138
2023-03-15,2461,204603,4112239,20.4,20.4,20.0,20.0,0.0,140
2023-03-16,2461,421756,8344478,20.15,20.2,19.55,19.6,-0.4,233
2023-03-17,2461,116160,2308778,19.85,20.0,19.7,20.0,0.4,112
2023-03-20,2461,258335,5191475,20.1,20.3,19.95,20.2,0.2,191
2023-03-21,2461,339391,6902470,20.35,20.5,20.2,20.4,0.2,145
2023-03-22,2461,401350,8179360,20.4,20.45,20.15,20.35,-0.05,231
2023-03-23,2461,360875,7324299,20.35,20.45,20.2,20.3,-0.05,207
2023-03-24,2461,5437372,120789906,21.05,22.3,21.05,22.3,2.0,1644
2023-03-27,2461,7026502,156935508,22.6,22.85,21.8,21.8,-0.5,3053
2023-03-28,2461,1745372,38531713,22.0,22.45,21.7,22.2,0.4,1021
