date,stock_id,Trading_Volume,Trading_money,open,max,min,close,spread,Trading_turnover
2018-12-18,6670,8059150,1363541025,170.0,176.5,162.5,163.0,0.0,5032
2018-12-19,6670,5089486,860358606,168.0,172.0,167.0,171.0,8.0,3495
2018-12-20,6670,3272822,547768952,169.0,170.5,163.0,164.5,-6.5,2345
2018-12-21,6670,3471228,585274988,164.0,171.5,164.0,171.0,6.5,2435
2018-12-22,6670,2752420,470882580,170.0,172.5,169.0,172.5,1.5,1801
2018-12-24,6670,1692025,290387812,172.5,172.5,170.5,171.5,-1.0,1401
2018-12-25,6670,2795281,459777000,168.0,169.0,158.0,165.0,-6.5,2303
2018-12-26,6670,2042687,330426920,164.0,165.0,158.0,158.0,-7.0,1528
2018-12-27,6670,3000149,474950840,162.0,162.5,153.0,159.5,1.5,2217
2018-12-28,6670,1987800,318557800,160.5,162.5,157.5,159.5,0.0,1556
2019-01-02,6670,810441,128100178,160.0,160.0,157.0,157.0,-2.5,622
2019-01-03,6670,1263370,200827700,156.0,160.5,155.5,159.0,2.0,886
2019-01-04,6670,1589500,251134000,157.5,162.5,154.0,162.5,3.5,1276
2019-01-07,6670,1268920,205958040,162.5,164.0,160.0,161.5,-1.0,936
2019-01-08,6670,842285,135495525,162.0,162.5,159.5,160.0,-1.5,673
2019-01-09,6670,1144020,183544260,161.0,162.0,159.0,160.5,0.5,876
2019-01-10,6670,1162999,182846342,158.0,158.5,155.5,157.5,-3.0,901
2019-01-11,6670,808772,126149587,158.0,158.0,155.0,156.0,-1.5,680
2019-01-14,6670,1594759,243010368,156.5,156.5,150.0,150.5,-5.5,1292
2019-01-15,6670,2238275,328461250,150.5,151.5,144.5,148.5,-2.0,1856
2019-01-16,6670,1168098,169930808,146.0,147.0,144.5,145.0,-3.5,1015
2019-01-17,6670,1002397,149151653,146.0,151.0,146.0,148.0,3.0,858
2019-01-18,6670,570380,84540500,148.0,150.0,146.0,149.0,1.0,503
2019-01-21,6670,327700,48750150,149.0,150.0,148.0,148.5,-0.5,281
2019-01-22,6670,468700,68945400,148.5,149.0,146.0,146.0,-2.5,388
2019-01-23,6670,373421,54829808,146.0,148.0,145.0,147.5,1.5,308
2019-01-24,6670,375311,55666339,147.5,149.0,147.0,148.5,1.0,300
2019-01-25,6670,397202,58699699,148.5,148.5,147.0,147.5,-1.0,316
2019-01-28,6670,374770,55079960,147.5,148.0,146.5,146.5,-1.0,303
2019-01-29,6670,380613,56347224,147.5,149.5,146.0,148.5,2.0,348
2019-01-30,6670,276510,40861480,148.0,148.5,147.0,148.0,-0.5,242
2019-02-11,6670,382544,56910869,148.5,150.0,147.5,149.5,1.5,327
2019-02-12,6670,736964,111530009,149.5,153.0,149.0,152.5,3.0,642
2019-02-13,6670,1441098,224064288,153.0,159.0,152.0,157.0,4.5,1126
2019-02-14,6670,945540,146873700,155.0,157.0,154.0,154.5,-2.5,631
2019-02-15,6670,636200,97065600,155.0,155.0,151.0,152.0,-2.5,549
2019-02-18,6670,350151,53310103,153.0,153.0,151.5,153.0,1.0,270
2019-02-19,6670,364600,55952199,153.5,154.5,152.0,153.5,0.5,318
2019-02-20,6670,480143,73976022,154.5,155.0,153.0,154.0,0.5,430
2019-02-21,6670,1088848,170877708,154.5,158.0,154.5,157.5,3.5,869
2019-02-22,6670,508885,79509330,155.5,157.5,155.0,156.5,-1.0,423
2019-02-25,6670,855045,135138610,157.0,159.5,156.5,159.0,2.5,687
2019-02-26,6670,624784,99051479,159.0,159.5,157.5,157.5,-1.5,537
2019-02-27,6670,1009764,160592117,157.5,161.5,156.0,160.5,3.0,826
2019-03-04,6670,739571,118749002,160.5,162.0,159.0,161.5,1.0,561
2019-03-05,6670,374120,59700259,160.0,161.0,158.5,159.0,-2.5,312
2019-03-06,6670,637443,100649323,159.0,160.0,156.0,159.5,0.5,564
2019-03-07,6670,391780,61483460,159.5,159.5,156.0,156.0,-3.5,326
2019-03-08,6670,307100,47974250,156.0,157.5,155.0,156.0,0.0,245
2019-03-11,6670,466170,72944690,155.0,158.0,155.0,156.5,0.5,344
2019-03-12,6670,1318418,211370170,158.5,162.0,157.5,161.0,4.5,1028
2019-03-13,6670,1096085,177685226,162.0,163.0,161.0,162.0,1.0,817
2019-03-14,6670,1879086,309451932,164.0,166.5,162.0,162.0,0.0,1331
2019-03-15,6670,946671,155255877,163.5,165.5,163.0,164.5,2.5,647
2019-03-18,6670,909170,147759040,165.5,166.0,161.0,161.5,-3.0,706
2019-03-19,6670,1210202,196440330,162.0,164.0,161.0,164.0,2.5,928
2019-03-20,6670,924469,151282916,164.0,164.5,162.5,164.0,0.0,837
2019-03-21,6670,1320582,218090030,164.5,166.5,163.0,166.0,2.0,1057
2019-03-22,6670,634150,104224174,166.0,166.5,163.0,164.0,-2.0,495
2019-03-25,6670,601022,97265586,161.5,162.5,161.0,161.5,-2.5,358
2019-03-26,6670,339411,55201787,162.5,163.5,162.0,162.5,1.0,246
2019-03-27,6670,856600,140261300,163.0,165.5,162.5,165.5,3.0,673
2019-03-28,6670,612300,100979549,165.0,165.5,164.0,165.0,-0.5,452
2019-03-29,6670,1572283,261011412,167.0,169.5,163.0,163.0,-2.0,1249
2019-04-01,6670,1405528,225434480,163.0,163.0,158.0,158.5,-4.5,1028
2019-04-02,6670,719373,114990680,158.5,160.5,158.5,160.0,1.5,455
2019-04-03,6670,233807,37422927,160.0,161.0,159.0,160.0,0.0,188
2019-04-08,6670,323660,52119920,161.0,161.5,160.0,161.5,1.5,270
2019-04-09,6670,438028,70512492,161.5,161.5,160.5,160.5,-1.0,363
2019-04-10,6670,348304,55989596,160.5,161.5,160.0,161.0,0.5,307
2019-04-11,6670,424916,68578976,161.0,162.5,160.5,160.5,-0.5,291
2019-04-12,6670,538142,87153504,161.0,163.0,160.5,161.5,1.0,378
2019-04-15,6670,312430,50478013,161.5,162.5,160.5,160.5,-1.0,202
2019-04-16,6670,303904,48885044,160.5,161.5,160.5,161.0,0.5,225
2019-04-17,6670,939290,153681125,161.0,165.0,161.0,163.0,2.0,660
2019-04-18,6670,454100,73740200,163.5,164.0,161.5,161.5,-1.5,349
2019-04-19,6670,325000,52476500,161.5,162.5,160.5,161.0,-0.5,206
2019-04-22,6670,172366,27798926,161.0,162.0,161.0,161.0,0.0,124
2019-04-23,6670,241564,39017585,162.0,162.0,161.0,161.5,0.5,209
2019-04-24,6670,853010,139994140,162.5,165.0,162.5,164.0,2.5,662
2019-04-25,6670,530700,86179500,164.5,164.5,161.0,161.5,-2.5,421
2019-04-26,6670,663598,108253072,161.5,164.5,161.0,164.0,2.5,556
2019-04-29,6670,1356720,224765376,165.0,168.0,163.0,166.5,2.5,1059
2019-04-30,6670,594600,98107600,166.5,166.5,163.5,166.0,-0.5,434
2019-05-02,6670,1478402,249201938,166.0,170.5,166.0,169.0,3.0,1222
2019-05-03,6670,657320,110918240,169.0,170.0,167.0,168.5,-0.5,507
2019-05-06,6670,931170,153338464,167.0,167.0,163.5,163.5,-5.0,760
2019-05-07,6670,817020,135606850,165.0,167.5,164.0,166.5,3.0,580
2019-05-08,6670,649100,106650700,164.0,165.0,163.5,164.0,-2.5,353
2019-05-09,6670,778700,128294900,164.0,166.0,163.5,163.5,-0.5,572
2019-05-10,6670,698180,115039240,165.5,166.5,163.0,165.0,1.5,575
2019-05-13,6670,1371090,216694168,161.5,161.5,155.5,155.5,-9.5,1063
2019-05-14,6670,1125451,178443111,155.5,160.5,155.5,160.5,5.0,940
2019-05-15,6670,808200,131971000,161.5,165.0,161.0,164.0,3.5,601
2019-05-16,6670,470050,77238150,165.0,165.5,162.5,163.0,-1.0,353
2019-05-17,6670,1200170,198973305,165.5,167.0,163.5,165.5,2.5,879
2019-05-20,6670,771165,128902385,167.0,168.0,165.0,167.0,1.5,607
2019-05-21,6670,1531420,259677900,168.5,171.0,166.5,169.5,2.5,1183
2019-05-22,6670,1392935,239717320,170.5,174.0,170.0,172.0,2.5,1037
2019-05-23,6670,820697,138598337,171.5,172.0,167.0,169.5,-2.5,684
2019-05-24,6670,512227,86582203,171.0,171.0,167.5,168.0,-1.5,409
2019-05-27,6670,527100,89411300,168.5,171.0,168.0,171.0,3.0,439
2019-05-28,6670,2811385,486941411,172.5,175.0,171.0,173.5,2.5,1256
2019-05-29,6670,2831784,508526552,172.0,183.5,171.5,178.0,4.5,2113
2019-05-30,6670,1084873,195108267,180.0,181.5,178.0,179.0,1.0,862
2019-05-31,6670,1230530,216994900,178.5,180.5,174.5,178.5,-0.5,1072
2019-06-03,6670,621002,108717348,178.5,178.5,173.5,174.0,-4.5,523
2019-06-04,6670,276673,48217090,175.0,175.5,173.0,173.5,-0.5,261
2019-06-05,6670,573600,99220600,175.5,176.5,170.5,171.0,-2.5,466
2019-06-06,6670,705280,122781620,172.0,176.0,171.5,174.5,3.5,582
2019-06-10,6670,456300,79306500,176.0,176.5,172.0,173.5,-1.0,369
2019-06-11,6670,740100,126949100,173.0,174.5,169.0,174.5,1.0,597
2019-06-12,6670,610380,107356660,174.5,177.0,173.0,175.5,1.0,496
2019-06-13,6670,433296,75862464,175.5,176.5,174.0,174.5,-1.0,314
2019-06-14,6670,433113,75719340,175.0,176.0,174.0,175.5,1.0,280
2019-06-17,6670,2503098,455323532,176.5,184.5,176.5,184.0,8.5,1776
2019-06-18,6670,3755158,714269388,186.5,194.0,186.5,187.0,3.0,2917
2019-06-19,6670,1103331,207579228,190.0,190.5,186.0,188.0,1.0,872
2019-06-20,6670,529655,99361121,188.5,189.0,185.0,188.0,0.0,437
2019-06-21,6670,2140565,413744350,190.0,197.5,189.5,191.0,3.0,1636
2019-06-24,6670,456071,87048919,192.0,192.5,189.0,190.5,-0.5,411
2019-06-25,6670,653125,124425250,191.5,193.0,188.5,190.5,0.0,553
2019-06-26,6670,1483624,289895110,191.0,199.5,190.0,197.0,6.5,1227
2019-06-27,6670,1934260,385167850,202.0,204.0,194.5,196.0,-1.0,1616
2019-06-28,6670,621413,122587391,196.5,199.5,195.0,198.0,2.0,448
2019-07-01,6670,764620,150899520,198.5,200.5,195.0,197.0,-1.0,631
2019-07-02,6670,1749236,332934718,198.0,198.0,187.0,187.0,-10.0,1448
2019-07-03,6670,894948,167257276,188.0,188.5,185.0,186.0,-1.0,684
2019-07-04,6670,1457610,279981730,186.5,196.5,186.5,193.0,7.0,1260
2019-07-05,6670,1109067,216344967,193.0,198.0,191.5,198.0,5.0,988
2019-07-08,6670,465540,91521800,198.0,198.5,194.5,195.5,-2.5,391
2019-07-09,6670,536071,105498447,195.5,199.0,195.5,196.5,1.0,436
2019-07-10,6670,412380,80805860,196.5,197.5,195.0,195.5,-1.0,367
2019-07-11,6670,1502815,299585000,196.0,203.0,196.0,198.5,3.0,1156
2019-07-12,6670,878956,174588200,200.0,200.0,197.5,199.0,0.5,766
2019-07-15,6670,1236579,235095747,191.0,193.0,187.0,191.0,0.0,973
2019-07-16,6670,484489,91755172,191.0,192.0,188.0,188.5,-2.5,446
2019-07-17,6670,1098770,201937294,189.0,189.0,181.0,182.0,-6.5,867
2019-07-18,6670,719320,129886400,183.5,184.5,179.0,179.5,-2.5,607
2019-07-19,6670,424561,76407102,181.5,182.0,179.0,180.0,0.5,343
2019-07-22,6670,765913,135422601,180.0,180.5,175.0,175.5,-4.5,662
2019-07-23,6670,866357,152782332,176.0,179.5,173.5,175.0,-0.5,768
2019-07-24,6670,588450,102082571,175.5,177.0,172.5,173.0,-2.0,489
2019-07-25,6670,1048485,179484390,174.5,174.5,170.0,172.0,-1.0,879
2019-07-26,6670,525891,91157868,172.0,175.5,171.5,174.0,2.0,481
2019-07-29,6670,1079107,190129046,176.0,178.0,175.0,177.0,3.0,912
2019-07-30,6670,1244218,223787458,177.5,182.5,176.0,180.5,3.5,1117
2019-07-31,6670,1070425,195761832,180.0,185.0,178.5,183.5,3.0,917
2019-08-01,6670,559798,101012635,181.5,183.0,178.0,179.5,-4.0,472
2019-08-02,6670,896457,155999975,178.0,178.0,172.5,173.0,-6.5,685
2019-08-05,6670,573019,97899306,173.0,173.0,170.0,170.0,-3.0,466
2019-08-06,6670,2291934,371620044,164.5,164.5,160.0,163.0,-7.0,1846
2019-08-07,6670,1032001,172775168,164.0,170.0,163.5,167.0,4.0,827
2019-08-08,6670,352250,59232250,166.5,169.5,166.5,169.0,2.0,281
2019-08-12,6670,272161,45974370,172.0,172.0,167.5,167.5,-1.5,224
2019-08-13,6670,1041210,176087410,167.5,170.5,167.0,170.0,2.5,868
2019-08-14,6670,447592,76694640,173.0,173.5,168.5,169.0,-1.0,395
2019-08-15,6670,1466545,240116060,163.5,166.0,162.5,163.5,-5.5,1225
2019-08-16,6670,646190,107407204,165.0,168.0,164.5,166.0,2.5,578
2019-08-19,6670,360060,60313700,167.5,168.5,166.0,167.0,1.0,329
2019-08-20,6670,285351,47464468,168.5,168.5,165.0,165.0,-2.0,252
2019-08-21,6670,329200,54518400,165.0,167.0,163.5,165.0,0.0,318
2019-08-22,6670,494000,82114500,167.0,167.5,165.5,166.0,1.0,365
2019-08-23,6670,449005,75174390,166.5,168.5,166.0,167.0,1.0,391
2019-08-26,6670,903230,146295410,163.5,163.5,160.5,161.5,-5.5,807
2019-08-27,6670,474086,77287104,161.5,164.5,161.5,162.0,0.5,404
2019-08-28,6670,212436,34678004,162.5,164.5,162.0,163.5,1.5,202
2019-08-29,6670,281142,46007858,163.5,165.5,162.0,163.0,-0.5,248
2019-08-30,6670,252000,41417500,164.5,165.0,163.5,164.0,1.0,246
2019-09-02,6670,434320,72581400,164.0,169.0,164.0,168.0,4.0,406
2019-09-03,6670,731440,125395240,169.0,173.0,168.5,171.0,3.0,638
2019-09-04,6670,323400,54840299,171.0,171.0,168.5,170.5,-0.5,277
2019-09-05,6670,375221,63408180,170.5,170.5,167.5,168.5,-2.0,304
2019-09-06,6670,507325,86354075,169.0,172.0,168.5,169.5,1.0,390
2019-09-09,6670,848070,146750575,172.5,174.5,171.5,171.5,2.0,716
2019-09-10,6670,730202,126332648,172.5,174.0,170.5,173.0,1.5,625
2019-09-11,6670,2303607,414028260,175.5,183.0,174.5,181.5,8.5,1891
2019-09-12,6670,984246,179720526,183.5,185.0,180.5,181.0,-0.5,836
2019-09-16,6670,609542,110217602,182.0,182.5,177.0,182.0,1.0,537
2019-09-17,6670,343772,62575732,182.0,183.0,180.0,182.0,0.0,296
2019-09-18,6670,532355,97455610,182.0,184.0,181.0,182.5,0.5,467
2019-09-19,6670,461255,84846665,183.0,185.0,182.5,184.5,2.0,377
2019-09-20,6670,696338,126416683,184.5,184.5,180.0,183.5,-1.0,537
2019-09-23,6670,807446,145156556,183.0,183.0,178.0,179.5,-4.0,743
2019-09-24,6670,422617,75990060,180.0,181.0,178.5,180.0,0.5,394
2019-09-25,6670,182413,33001253,180.0,181.5,180.0,181.5,1.5,161
2019-09-26,6670,297149,53838969,182.0,182.0,180.5,181.0,-0.5,271
2019-09-27,6670,513025,92468500,181.0,181.5,178.5,179.0,-2.0,407
2019-10-01,6670,660555,121622948,180.0,186.0,180.0,185.5,6.5,553
2019-10-02,6670,800392,149681480,184.0,189.0,183.0,187.0,1.5,671
2019-10-03,6670,469743,88091427,185.5,189.5,184.5,187.5,0.5,391
2019-10-04,6670,901277,166890745,188.0,189.5,183.0,185.0,-2.5,667
2019-10-07,6670,508019,94271053,187.0,187.5,185.0,186.0,1.0,446
2019-10-08,6670,470360,86628200,187.5,187.5,181.5,181.5,-4.5,425
2019-10-09,6670,386400,70298099,181.0,184.0,180.5,180.5,-1.0,339
2019-10-14,6670,486305,87821552,182.5,183.0,179.5,180.5,0.0,419
2019-10-15,6670,381115,68728717,181.5,181.5,179.5,181.0,0.5,360
2019-10-16,6670,432117,77644498,182.0,182.0,178.5,179.5,-1.5,408
2019-10-17,6670,351952,63042784,180.0,180.5,178.5,179.5,0.0,328
2019-10-18,6670,1354759,245007246,180.5,184.5,178.0,180.5,1.0,733
2019-10-21,6670,537977,97756607,181.5,183.0,181.0,181.0,0.5,447
2019-10-22,6670,428230,77804010,182.5,183.0,181.0,182.0,1.0,393
2019-10-23,6670,591586,107015203,182.0,182.5,179.0,182.0,0.0,515
2019-10-24,6670,379170,68582024,182.0,182.5,180.0,180.5,-1.5,346
2019-10-25,6670,1019688,180266780,180.0,180.5,175.5,175.5,-5.0,940
2019-10-28,6670,677393,117180576,175.5,175.5,172.0,172.5,-3.0,594
2019-10-29,6670,491005,85015385,172.0,174.5,171.5,174.5,2.0,442
2019-10-30,6670,526100,93544200,174.0,179.5,174.0,178.5,4.0,451
2019-10-31,6670,231805,41377900,179.0,179.5,178.0,178.0,-0.5,217
2019-11-01,6670,307000,54053500,178.0,178.0,175.0,176.0,-2.0,281
2019-11-04,6670,241000,42517500,176.0,178.0,175.0,176.5,0.5,216
2019-11-05,6670,164200,29048900,176.0,178.0,176.0,177.5,1.0,152
2019-11-06,6670,734015,132239707,178.0,182.0,178.0,178.0,0.5,593
2019-11-07,6670,230124,40794758,178.0,178.0,177.0,177.0,-1.0,175
2019-11-08,6670,132500,23532000,177.0,180.0,177.0,178.0,1.0,123
2019-11-11,6670,281311,49585480,177.5,177.5,175.0,175.0,-3.0,214
2019-11-12,6670,145100,25464249,175.0,176.5,175.0,176.0,1.0,132
2019-11-13,6670,228126,40090743,175.5,178.5,174.0,178.5,2.5,186
2019-11-14,6670,436106,78360974,180.5,181.0,178.5,178.5,0.0,351
2019-11-15,6670,308785,55303220,179.0,180.5,177.5,180.0,1.5,229
2019-11-18,6670,188029,33805749,181.0,181.0,178.5,179.0,-1.0,157
2019-11-19,6670,187009,33404165,178.0,180.0,178.0,178.0,-1.0,168
2019-11-20,6670,226697,40552445,178.0,180.0,178.0,179.0,1.0,193
2019-11-21,6670,179323,31738671,179.0,179.0,176.0,177.0,-2.0,170
2019-11-22,6670,283449,49779524,176.5,177.0,175.0,175.0,-2.0,224
2019-11-25,6670,271032,47326600,175.0,175.0,174.0,174.5,-0.5,220
2019-11-26,6670,508100,90690500,175.5,180.0,175.5,180.0,5.5,365
2019-11-27,6670,201050,36113000,180.5,181.0,178.5,179.5,-0.5,165
2019-11-28,6670,83040,14871700,179.5,179.5,178.5,178.5,-1.0,72
2019-11-29,6670,170050,30203450,179.0,179.0,176.5,178.5,0.0,135
2019-12-02,6670,197020,34756529,177.5,177.5,175.0,176.0,-2.5,160
2019-12-03,6670,120020,21227560,176.0,177.5,176.0,177.0,1.0,93
2019-12-04,6670,111010,19552270,175.5,176.5,175.5,176.5,-0.5,88
2019-12-05,6670,105010,18545280,176.5,177.0,176.0,176.5,0.0,90
2019-12-06,6670,131140,23375120,177.0,179.5,177.0,177.5,1.0,127
2019-12-09,6670,292040,52222200,178.5,179.5,178.0,178.5,1.0,258
2019-12-10,6670,94000,16724500,178.5,179.0,177.0,178.0,-0.5,92
2019-12-11,6670,178053,31639987,177.5,178.5,177.0,177.0,-1.0,166
2019-12-12,6670,210300,37192250,177.5,177.5,176.5,177.0,0.0,177
2019-12-13,6670,161250,28511125,177.5,177.5,176.0,176.5,-0.5,112
2019-12-16,6670,147040,26028620,176.0,177.5,176.0,177.5,1.0,133
2019-12-17,6670,183167,32420726,178.0,178.0,176.5,177.0,-0.5,172
2019-12-18,6670,494323,88716300,177.5,180.5,177.0,179.5,2.5,395
2019-12-19,6670,353876,63967993,179.0,181.5,178.5,181.5,2.0,323
2019-12-20,6670,261350,47367850,182.0,182.5,180.5,181.0,-0.5,220
2019-12-23,6670,122150,22097575,181.0,181.5,180.5,180.5,-0.5,102
2019-12-24,6670,139080,24956980,181.5,181.5,178.0,179.5,-1.0,117
2019-12-25,6670,174018,30958722,179.5,179.5,177.0,178.0,-1.5,159
2019-12-26,6670,89002,15838364,178.0,179.0,177.5,178.5,0.5,84
2019-12-27,6670,144000,25714000,178.5,179.0,178.0,178.5,0.0,109
2019-12-30,6670,149115,26670139,178.5,179.5,178.0,179.5,1.0,114
2019-12-31,6670,116060,20822300,179.5,179.5,179.0,179.5,0.0,77
2020-01-02,6670,156288,28140340,179.0,181.0,178.5,180.0,0.5,128
2020-01-03,6670,809347,147862501,181.0,185.0,180.0,183.5,3.5,655
2020-01-06,6670,464988,84674328,183.0,183.0,181.0,182.5,-1.0,377
2020-01-07,6670,1335566,248103860,185.0,189.0,183.0,183.5,1.0,1075
2020-01-08,6670,539540,98299509,184.5,184.5,180.5,180.5,-3.0,451
2020-01-09,6670,710420,130615700,182.0,186.5,181.0,186.5,6.0,554
2020-01-10,6670,1058272,198401268,188.5,189.5,184.0,187.0,0.5,771
2020-01-13,6670,1031849,195850357,188.5,191.5,187.5,191.0,4.0,728
2020-01-14,6670,462550,88237100,192.0,192.0,189.0,191.0,0.0,405
2020-01-15,6670,457900,87858600,192.0,194.0,189.5,193.0,2.0,407
2020-01-16,6670,621610,119927533,193.0,196.0,190.5,193.0,0.0,542
2020-01-17,6670,3061892,606019440,198.0,202.5,192.5,194.5,1.5,2244
2020-01-20,6670,910730,178005080,195.0,197.5,193.0,194.5,0.0,689
2020-01-30,6670,1143280,214157800,188.0,192.0,183.5,185.0,-9.5,831
2020-01-31,6670,876270,166196920,188.5,192.0,187.5,190.0,5.0,690
2020-02-03,6670,897305,171643780,186.5,195.0,186.0,194.0,4.0,762
2020-02-04,6670,562200,108966600,194.5,196.5,192.0,192.5,-1.5,492
2020-02-05,6670,400442,76919364,194.0,194.0,191.0,191.5,-1.0,346
2020-02-06,6670,672355,130922755,192.5,196.0,191.0,196.0,4.5,564
2020-02-07,6670,412150,79989900,196.0,196.0,192.0,193.0,-3.0,367
2020-02-10,6670,442000,84906000,191.0,194.0,189.5,193.0,0.0,404
2020-02-11,6670,1213359,239992941,194.0,200.0,194.0,199.0,6.0,979
2020-02-12,6670,610850,121566150,200.0,200.5,197.0,199.0,0.0,498
2020-02-13,6670,468300,92746350,200.5,200.5,197.0,198.0,-1.0,386
2020-02-14,6670,1691671,345074555,199.0,207.0,199.0,202.5,4.5,1356
2020-02-17,6670,593322,119432847,201.5,205.0,199.0,201.0,-1.5,499
2020-02-18,6670,667389,136007161,202.0,206.5,201.5,202.0,1.0,556
2020-02-19,6670,1393533,290181463,204.5,211.5,203.0,211.0,9.0,1119
2020-02-20,6670,1522568,321640712,211.5,216.5,207.5,208.5,-2.5,1251
2020-02-21,6670,1145895,233479685,208.5,208.5,201.0,202.0,-6.5,948
2020-02-24,6670,747357,151708004,199.0,205.0,199.0,205.0,3.0,672
2020-02-25,6670,613178,125596490,203.0,206.5,202.0,205.5,0.5,564
2020-02-26,6670,677388,138253764,205.0,207.0,201.5,203.5,-2.0,581
2020-02-27,6670,1028395,203176722,204.5,204.5,193.5,193.5,-10.0,871
2020-03-02,6670,1269761,251273814,190.5,202.0,190.5,199.0,5.5,1068
2020-03-03,6670,786485,155783045,202.5,203.5,194.5,194.5,-4.5,739
2020-03-04,6670,792141,151682423,195.0,196.0,190.0,190.5,-4.0,691
2020-03-05,6670,663115,126260580,191.0,193.5,188.5,191.0,0.5,550
2020-03-06,6670,316085,60084735,191.0,191.5,189.0,189.0,-2.0,264
2020-03-09,6670,1139065,207824395,188.0,189.0,178.5,179.0,-10.0,829
2020-03-10,6670,812675,142241150,173.0,176.5,173.0,175.5,-3.5,658
2020-03-11,6670,621077,108354129,177.0,177.0,172.0,174.5,-1.0,517
2020-03-12,6670,1092413,179481586,170.5,173.0,159.5,164.0,-10.5,903
2020-03-13,6670,1021612,154453488,152.5,156.5,148.5,154.0,-10.0,867
2020-03-16,6670,769460,115948800,153.5,157.0,147.0,147.5,-6.5,608
2020-03-17,6670,1267993,176212020,140.0,142.5,136.0,138.5,-9.0,1038
2020-03-18,6670,836300,118487448,141.0,146.0,138.5,140.0,1.5,794
2020-03-19,6670,1169119,160672398,136.0,142.0,133.5,140.5,0.5,1048
2020-03-20,6670,3593803,544988258,145.5,153.0,144.5,153.0,12.5,1059
2020-03-23,6670,608027,91338496,149.0,153.5,147.5,149.0,-4.0,440
2020-03-24,6670,744861,115554343,151.0,158.0,151.0,157.5,8.5,633
2020-03-25,6670,1543651,244209519,160.5,163.5,154.0,155.0,-2.5,1346
2020-03-26,6670,776226,121770968,156.0,159.5,154.5,157.0,2.0,621
2020-03-27,6670,773558,121867954,159.0,160.0,156.5,157.0,0.0,549
2020-03-30,6670,632091,98081560,155.0,156.5,152.5,155.5,-1.5,526
2020-03-31,6670,276847,43044860,157.5,157.5,155.0,155.5,0.0,246
2020-04-01,6670,167142,25832152,156.0,156.0,153.5,155.0,-0.5,154
2020-04-06,6670,362040,55686700,155.0,155.0,152.0,154.5,-0.5,337
2020-04-07,6670,717021,110835807,156.5,157.0,153.5,155.0,0.5,652
2020-04-08,6670,703119,108331683,155.5,156.0,153.5,154.0,-1.0,590
2020-04-09,6670,918010,137969490,154.5,156.0,147.0,148.0,-6.0,790
2020-04-10,6670,458000,68347000,148.0,150.0,147.5,149.5,1.5,339
2020-04-13,6670,491006,73425394,149.5,151.0,148.5,149.0,-0.5,370
2020-04-14,6670,500002,75498304,150.5,152.0,149.5,152.0,3.0,338
2020-04-15,6670,469989,72099796,153.5,154.0,152.5,154.0,2.0,386
2020-04-16,6670,353198,54112888,154.0,154.0,152.0,153.5,-0.5,329
2020-04-17,6670,1430040,222874219,155.5,159.5,153.0,153.5,0.0,1072
2020-04-20,6670,426605,65447775,153.5,154.5,152.0,154.0,0.5,347
2020-04-21,6670,665270,101368444,154.0,154.5,150.0,150.5,-3.5,413
2020-04-22,6670,579007,85744053,149.5,149.5,147.0,149.5,-1.0,447
2020-04-23,6670,539000,80556000,150.5,150.5,148.5,148.5,-1.0,392
2020-04-24,6670,204245,30266127,149.0,149.0,147.5,148.5,0.0,198
2020-04-27,6670,570641,87018214,150.0,155.0,149.5,154.0,5.5,447
2020-04-28,6670,784563,122164454,155.0,157.0,153.5,157.0,3.0,573
2020-04-29,6670,2613801,425723165,157.0,168.5,156.0,164.0,7.0,1949
2020-04-30,6670,1030155,170577650,165.5,168.0,163.5,165.5,1.5,739
2020-05-04,6670,489401,78380660,161.0,161.0,159.0,160.0,-5.5,438
2020-05-05,6670,390806,62104848,161.0,161.0,158.0,158.0,-2.0,311
2020-05-06,6670,229150,36166500,159.0,159.0,157.0,157.0,-1.0,209
2020-05-07,6670,434285,68891600,157.0,161.5,156.5,160.0,3.0,322
2020-05-08,6670,359769,57265271,160.5,162.0,158.0,158.5,-1.5,302
2020-05-11,6670,338044,53601972,159.0,160.0,158.0,158.0,-0.5,275
2020-05-12,6670,318555,49976080,158.5,159.0,155.0,155.5,-2.5,259
2020-05-13,6670,549993,86529896,157.5,159.0,156.0,156.5,1.0,479
2020-05-14,6670,786552,120359956,156.5,156.5,151.5,151.5,-5.0,603
2020-05-15,6670,621481,94436093,152.0,153.5,150.5,151.5,0.0,524
2020-05-18,6670,339200,52197100,151.5,154.5,151.5,154.0,2.5,297
2020-05-19,6670,799051,126361558,156.5,161.0,156.5,158.0,4.0,704
2020-05-20,6670,2395357,395579506,158.0,171.5,158.0,170.5,12.5,1860
2020-05-21,6670,2348655,404702005,172.5,175.0,169.0,172.5,2.0,1671
2020-05-22,6670,1884568,328604844,174.0,177.0,171.5,172.0,-0.5,1458
2020-05-25,6670,1565891,276863867,175.0,179.5,174.5,175.5,3.5,1302
2020-05-26,6670,1177319,209439920,177.5,181.0,175.5,179.5,4.0,1000
2020-05-27,6670,763554,135450558,179.5,180.0,175.5,177.0,-2.5,621
2020-05-28,6670,599426,106554976,177.0,180.0,176.0,176.0,-1.0,449
2020-05-29,6670,819373,142435775,176.0,176.5,171.0,174.0,-2.0,585
2020-06-01,6670,933331,166511083,178.0,180.5,176.5,179.0,5.0,723
2020-06-02,6670,1186656,205808832,177.5,178.5,170.0,170.0,-9.0,1006
2020-06-03,6670,1154559,202245825,172.0,177.5,171.5,175.0,5.0,880
2020-06-04,6670,710558,125700382,176.0,178.5,175.0,178.0,3.0,540
2020-06-05,6670,1751280,316143040,179.0,183.0,178.5,179.0,1.0,1325
2020-06-08,6670,1661312,300101749,178.5,183.5,175.0,182.0,3.0,1329
2020-06-09,6670,780218,141242349,182.0,185.0,178.0,180.0,-2.0,653
2020-06-10,6670,497994,90084892,180.0,183.0,178.5,180.5,0.5,445
2020-06-11,6670,429335,76573800,181.5,182.5,175.0,176.5,-4.0,349
2020-06-12,6670,677176,115746948,171.0,174.0,168.0,173.0,-3.5,542
2020-06-15,6670,423500,72561000,172.0,174.0,170.0,170.0,-3.0,378
2020-06-16,6670,373392,63786532,172.5,172.5,170.0,171.0,1.0,289
2020-06-17,6670,527160,89896860,174.0,174.0,169.0,170.0,-1.0,372
2020-06-18,6670,245193,41737099,171.0,171.5,168.5,171.5,1.5,220
2020-06-19,6670,472300,79617200,171.5,171.5,167.5,167.5,-4.0,386
2020-06-22,6670,764348,127795008,168.5,170.5,165.0,166.5,-1.0,689
2020-06-23,6670,503200,83076600,168.0,168.0,163.5,164.0,-2.5,400
2020-06-24,6670,206200,33976600,165.5,165.5,164.0,165.5,1.5,187
2020-06-29,6670,741275,119322186,163.5,164.5,160.0,160.0,-5.5,587
2020-06-30,6670,321610,52579844,161.5,164.5,161.5,163.0,3.0,255
2020-07-01,6670,199846,32949590,164.5,165.5,164.0,165.0,2.0,192
2020-07-02,6670,234300,38990000,165.5,167.0,165.5,167.0,2.0,204
2020-07-03,6670,373215,62333942,168.0,168.5,165.0,168.0,1.0,283
2020-07-06,6670,724692,122902524,168.0,172.0,167.0,172.0,4.0,591
2020-07-07,6670,429110,73670920,171.0,173.5,170.0,172.0,0.0,380
2020-07-08,6670,290611,49601481,172.5,172.5,168.5,169.5,-2.5,283
2020-07-09,6670,328378,55343626,170.0,170.0,167.0,167.0,-2.5,277
2020-07-10,6670,257600,42851700,167.5,167.5,165.0,167.0,0.0,219
2020-07-13,6670,204170,33832220,166.0,166.5,165.0,165.0,-2.0,187
2020-07-14,6670,252239,41558174,165.0,166.0,164.0,164.0,-1.0,237
2020-07-15,6670,824509,141551291,165.5,175.0,165.0,172.0,8.0,726
2020-07-16,6670,518096,89377271,172.0,175.0,170.0,170.5,-1.5,449
2020-07-17,6670,199467,33821655,171.5,172.0,168.0,170.0,-0.5,172
2020-07-20,6670,172019,29274230,169.0,173.0,167.0,169.0,-1.0,155
2020-07-21,6670,516358,87310502,170.0,171.0,168.0,168.0,-1.0,467
2020-07-22,6670,441511,75854634,169.0,173.0,169.0,171.5,3.5,403
2020-07-23,6670,767723,133741248,172.0,176.0,171.5,175.0,3.5,626
2020-07-24,6670,570098,98613206,175.0,175.0,170.0,170.0,-5.0,494
2020-07-27,6670,1039310,181809974,175.0,178.0,173.0,173.5,3.5,676
2020-07-28,6670,1155788,202760639,175.0,178.5,171.0,172.5,-1.0,735
2020-07-29,6670,862547,150972225,174.0,176.5,173.5,175.5,3.0,480
2020-07-30,6670,1331635,219552275,165.0,170.5,162.0,164.0,0.0,728
2020-07-31,6670,246030,40414540,164.0,165.5,163.0,163.0,-1.0,186
2020-08-03,6670,282100,45839500,164.0,164.0,161.5,163.0,0.0,198
2020-08-04,6670,130067,21280122,164.0,164.0,163.0,163.5,0.5,110
2020-08-05,6670,251156,41058818,164.0,164.5,162.5,163.0,-0.5,213
2020-08-06,6670,162134,26475676,164.5,165.0,162.5,162.5,-0.5,131
2020-08-07,6670,236833,38587195,163.0,164.5,162.0,162.5,0.0,163
2020-08-10,6670,193252,31423328,163.5,163.5,162.0,162.0,-0.5,154
2020-08-11,6670,290085,47800651,164.0,166.0,163.0,164.5,2.5,258
2020-08-12,6670,267030,43909540,163.0,166.5,162.5,166.0,1.5,178
2020-08-13,6670,363129,59505785,167.0,167.5,162.5,163.0,-3.0,316
2020-08-14,6670,329065,53333790,163.0,163.0,161.5,162.5,-0.5,254
2020-08-17,6670,501609,81215352,162.5,163.0,161.0,161.0,-1.5,369
2020-08-18,6670,535100,85792000,161.5,162.5,159.5,160.0,-1.0,474
2020-08-19,6670,413010,65962630,160.0,161.5,159.0,159.5,-0.5,350
2020-08-20,6670,824040,131503960,159.5,161.5,157.0,160.0,0.5,610
2020-08-21,6670,329200,52786699,160.0,161.5,159.5,160.5,0.5,276
2020-08-24,6670,505428,83119689,161.0,167.0,160.5,165.5,5.0,437
2020-08-25,6670,508495,85065160,165.5,169.0,163.5,167.0,1.5,384
2020-08-26,6670,276008,46320860,167.5,168.5,167.0,167.0,0.0,253
2020-08-27,6670,452352,76356831,168.0,170.0,167.5,168.0,1.0,349
2020-08-28,6670,545940,93924265,169.0,174.5,168.0,172.0,4.0,419
2020-08-31,6670,666556,114744132,172.0,174.5,170.0,173.0,1.0,477
2020-09-01,6670,735420,128560920,173.5,176.0,173.0,175.5,2.5,532
2020-09-02,6670,464880,81867500,175.5,176.5,175.5,175.5,0.0,362
2020-09-03,6670,455449,80643024,176.0,178.0,176.0,177.0,1.5,371
2020-09-04,6670,305760,52991720,175.0,175.0,172.5,173.0,-4.0,283
2020-09-07,6670,2168427,399397132,172.0,190.0,172.0,188.0,15.0,1498
2020-09-08,6670,2061822,391719231,186.0,195.0,184.5,194.0,6.0,1629
2020-09-09,6670,1972497,387279412,194.0,201.0,187.5,198.0,4.0,1564
2020-09-10,6670,3029993,607607137,198.5,207.0,194.0,195.5,-2.5,2384
2020-09-11,6670,1747831,326759573,195.5,196.0,182.5,182.5,-13.0,1321
2020-09-14,6670,747309,136513929,184.5,186.0,180.5,181.5,-1.0,588
2020-09-15,6670,1363989,246534513,181.5,185.0,176.0,182.0,0.5,958
2020-09-16,6670,789435,142793300,184.0,185.0,177.0,180.0,-2.0,627
2020-09-17,6670,632471,114093485,180.0,182.0,179.0,180.0,0.0,486
2020-09-18,6670,338588,61815428,182.5,184.0,180.5,183.0,3.0,298
2020-09-21,6670,352931,64288337,183.0,184.0,180.5,183.5,0.5,300
2020-09-22,6670,524039,94063020,183.0,183.0,177.0,179.5,-4.0,365
2020-09-23,6670,468799,82808026,180.5,181.0,174.0,174.0,-5.5,378
2020-09-24,6670,703135,119917450,173.0,173.0,169.0,170.0,-4.0,604
2020-09-25,6670,396502,67375844,171.5,172.5,168.5,170.5,0.5,310
2020-09-28,6670,297036,52202336,174.5,178.5,172.0,175.5,5.0,271
2020-09-29,6670,395884,69143932,176.5,176.5,172.0,175.0,-0.5,279
2020-09-30,6670,99334,17416617,175.0,176.5,173.5,175.5,0.5,93
2020-10-05,6670,162210,28791880,176.5,179.0,175.5,178.0,2.5,142
2020-10-06,6670,278285,49665442,178.0,180.5,175.0,179.0,1.0,267
2020-10-07,6670,405609,71454684,177.5,179.5,172.5,174.5,-4.5,396
2020-10-08,6670,963000,164011000,174.5,175.0,169.0,170.0,-4.5,859
2020-10-12,6670,1701658,284801044,171.5,172.0,164.5,166.5,-3.5,1352
2020-10-13,6670,394090,65777800,167.0,168.0,166.0,167.0,0.5,345
2020-10-14,6670,372107,62797297,167.0,169.5,167.0,168.5,1.5,307
2020-10-15,6670,0,0,0.0,0.0,0.0,0.0,0.0,0
2020-10-16,6670,651205,113438181,179.5,179.5,172.0,174.0,0.0,552
2020-10-19,6670,259984,45283724,174.5,175.5,173.0,175.0,1.0,224
2020-10-20,6670,401220,71574270,175.0,181.0,174.0,178.0,3.0,330
2020-10-21,6670,512384,93261578,179.5,183.5,179.0,182.5,4.5,404
2020-10-22,6670,227116,40785880,180.0,182.0,179.0,179.0,-3.5,158
2020-10-23,6670,220183,39462123,179.0,180.5,177.5,180.0,1.0,219
2020-10-26,6670,187400,33653040,182.0,182.0,179.0,180.0,0.0,185
2020-10-27,6670,302848,54192997,180.0,180.5,177.5,177.5,-2.5,259
2020-10-28,6670,229351,41279781,177.5,182.0,177.5,180.0,2.5,200
2020-10-29,6670,105044,18703354,179.0,179.0,177.0,178.0,-2.0,101
2020-10-30,6670,395359,71379120,178.0,183.0,177.0,180.0,2.0,348
2020-11-02,6670,330337,59838945,178.0,182.5,178.0,182.0,2.0,318
2020-11-03,6670,502699,93094390,183.0,187.5,182.5,184.5,2.5,443
2020-11-04,6670,197412,36255196,184.0,185.0,182.0,183.5,-1.0,152
2020-11-05,6670,249060,45283320,183.5,184.0,179.5,180.0,-3.5,251
2020-11-06,6670,693400,128228700,184.0,188.5,182.0,184.0,4.0,537
2020-11-09,6670,482068,88023853,184.0,185.0,180.0,182.5,-1.5,444
2020-11-10,6670,301003,54750050,182.0,183.0,180.5,181.0,-1.5,267
2020-11-11,6670,529350,96083750,180.0,183.5,179.5,181.0,0.0,393
2020-11-12,6670,1168520,204697219,180.5,180.5,170.5,175.0,-6.0,840
2020-11-13,6670,351450,60726140,175.0,176.0,172.0,173.0,-2.0,266
2020-11-16,6670,296122,51618865,174.5,175.5,172.0,175.0,2.0,235
2020-11-17,6670,280470,49575205,176.5,178.0,174.5,178.0,3.0,270
2020-11-18,6670,366260,64482252,178.5,178.5,174.5,175.5,-2.5,328
2020-11-19,6670,204352,36146436,176.0,178.0,175.0,178.0,2.5,203
2020-11-20,6670,212315,37280493,178.0,178.5,174.0,175.0,-3.0,200
2020-11-23,6670,143201,25223552,176.0,177.0,174.5,177.0,2.0,128
2020-11-24,6670,183174,32068129,177.5,177.5,174.0,174.5,-2.5,172
2020-11-25,6670,194151,33817823,177.5,177.5,173.0,173.5,-1.0,180
2020-11-26,6670,191090,33214195,174.0,174.5,173.5,174.5,1.0,161
2020-11-27,6670,200000,34865500,174.5,175.5,174.0,174.0,-0.5,135
2020-11-30,6670,333121,57618629,176.0,176.0,171.0,171.0,-3.0,279
2020-12-01,6670,109200,18939500,174.5,174.5,172.0,173.0,2.0,107
2020-12-02,6670,122050,21337200,175.5,175.5,174.0,174.5,1.5,77
2020-12-03,6670,79006,13845056,176.0,176.0,174.5,174.5,0.0,67
2020-12-04,6670,240125,41787500,176.5,176.5,173.0,175.0,0.5,202
2020-12-07,6670,180270,31425955,176.0,177.0,172.5,173.0,-2.0,175
2020-12-08,6670,443108,78064080,174.5,178.0,173.0,176.0,3.0,356
2020-12-09,6670,242150,42499950,177.5,177.5,173.0,173.0,-3.0,186
2020-12-10,6670,149107,26184335,175.5,176.5,174.0,176.0,3.0,114
2020-12-11,6670,371059,65023908,178.0,179.0,173.0,174.0,-2.0,254
2020-12-14,6670,255418,44885478,175.0,177.0,174.5,177.0,3.0,197
2020-12-15,6670,315306,55271577,177.0,177.0,174.0,174.0,-3.0,255
2020-12-16,6670,451111,79597702,175.0,178.0,174.5,177.5,3.5,302
2020-12-17,6670,218200,38612550,178.5,178.5,176.0,176.5,-1.0,168
2020-12-18,6670,240967,42639152,177.5,178.0,176.0,177.5,1.0,208
2020-12-21,6670,318051,55715486,178.0,178.0,174.0,175.0,-2.5,279
2020-12-22,6670,342388,59355736,175.5,176.0,172.0,173.0,-2.0,232
2020-12-23,6670,108150,18766353,175.0,175.0,172.5,173.0,0.0,106
2020-12-24,6670,152500,26362078,174.0,174.0,172.0,172.5,-0.5,112
2020-12-25,6670,60998,10578257,174.5,174.5,173.0,173.0,0.5,53
2020-12-28,6670,131433,22686210,174.0,174.0,171.5,172.5,-0.5,104
2020-12-29,6670,226104,38744347,173.5,173.5,170.5,172.0,-0.5,162
2020-12-30,6670,124000,21544500,172.5,175.0,171.5,174.5,2.5,111
2020-12-31,6670,71950,12534273,174.5,175.0,173.5,173.5,-1.0,59
2021-01-04,6670,198456,34785956,175.0,176.0,174.0,175.5,2.0,144
2021-01-05,6670,99356,17398776,175.0,176.0,174.0,175.5,0.0,85
2021-01-06,6670,130646,22827455,176.0,176.0,174.0,174.5,-1.0,122
2021-01-07,6670,226710,39085440,174.5,174.5,171.5,172.0,-2.5,196
2021-01-08,6670,178431,30717933,173.0,173.5,171.5,171.5,-0.5,141
2021-01-11,6670,146336,25219123,172.5,173.0,171.5,171.5,0.0,138
2021-01-12,6670,456590,77112714,171.5,171.5,167.0,167.0,-4.5,378
2021-01-13,6670,479343,80092280,169.0,169.5,165.0,169.0,2.0,349
2021-01-14,6670,230616,38589603,170.5,170.5,166.5,167.5,-1.5,183
2021-01-15,6670,234554,39170283,170.0,170.0,166.0,166.5,-1.0,154
2021-01-18,6670,114144,19001583,166.5,168.0,165.0,167.5,1.0,96
2021-01-19,6670,116018,19402024,169.5,169.5,166.5,167.0,-0.5,94
2021-01-20,6670,473436,77841534,166.5,166.5,162.5,165.0,-2.0,350
2021-01-21,6670,149138,24797416,167.5,167.5,165.5,166.0,1.0,132
2021-01-22,6670,170399,28050363,168.0,168.0,163.0,164.0,-2.0,137
2021-01-25,6670,125500,20541000,165.0,165.0,163.0,164.0,0.0,107
2021-01-26,6670,182007,30338679,165.0,169.0,163.5,168.0,4.0,165
2021-01-27,6670,367175,63059056,170.0,173.0,170.0,172.0,4.0,268
2021-01-28,6670,221234,37626580,172.0,172.0,169.0,169.5,-2.5,136
2021-01-29,6670,183928,31099404,170.0,170.0,168.0,169.0,-0.5,169
2021-02-01,6670,368231,63178615,170.0,173.5,169.5,171.5,2.5,286
2021-02-02,6670,409661,71533072,173.5,175.5,173.0,175.0,3.5,318
2021-02-03,6670,1484455,269668337,177.5,187.5,177.5,181.0,6.0,1072
2021-02-04,6670,1865438,349212639,181.5,191.5,181.0,188.5,7.5,1336
2021-02-05,6670,1257232,240087922,195.5,195.5,189.5,190.5,2.0,872
2021-02-17,6670,1577929,313039174,192.0,202.5,190.5,200.5,10.0,1078
2021-02-18,6670,627600,124068311,202.0,202.0,193.5,199.0,-1.5,556
2021-02-19,6670,474034,94915345,201.5,201.5,197.5,200.0,1.0,330
2021-02-22,6670,606774,120937272,200.0,200.5,196.5,199.0,-1.0,471
2021-02-23,6670,655614,131142921,199.0,201.0,198.0,200.0,1.0,404
2021-02-24,6670,252813,50081674,200.0,200.0,196.5,196.5,-3.5,181
2021-02-25,6670,269427,53387518,199.5,199.5,194.0,198.0,1.5,222
2021-02-26,6670,515563,103269496,198.5,204.0,195.5,201.5,3.5,420
2021-03-02,6670,477376,97069265,206.0,211.5,200.0,200.0,-1.5,389
2021-03-03,6670,2051337,443510056,202.0,220.0,202.0,220.0,20.0,1222
2021-03-04,6670,3562664,777730225,218.5,223.5,211.0,213.5,-6.5,2586
2021-03-05,6670,2551627,580037296,215.0,234.5,211.5,234.5,21.0,1422
2021-03-08,6670,5108073,1197480350,238.0,246.0,223.0,234.5,0.0,3833
2021-03-09,6670,2661429,631162962,234.5,243.0,230.0,234.0,-0.5,2031
2021-03-10,6670,1028725,243351880,234.5,240.0,230.0,239.5,5.5,759
2021-03-11,6670,1432338,338310551,237.0,243.5,229.0,235.0,-4.5,1232
2021-03-12,6670,788125,187141861,237.5,240.0,231.5,238.0,3.0,592
2021-03-15,6670,1899241,472528884,240.0,261.5,233.0,246.0,8.0,1560
2021-03-16,6670,928814,224317750,249.0,251.5,236.0,241.0,-5.0,854
2021-03-17,6670,549680,129042481,238.5,239.0,232.0,234.0,-7.0,530
2021-03-18,6670,270402,63997501,230.5,239.5,230.0,236.5,2.5,252
2021-03-19,6670,390211,92018671,232.0,239.5,230.0,236.5,0.0,326
2021-03-22,6670,173572,40814545,239.0,239.0,233.5,235.0,-1.5,157
2021-03-23,6670,117712,27492857,235.0,237.0,231.5,233.5,-1.5,127
2021-03-24,6670,901667,217043574,236.0,251.5,233.5,236.5,3.0,655
2021-03-25,6670,424972,97970642,232.0,234.5,227.5,228.0,-8.5,364
2021-03-26,6670,455095,102777241,230.5,231.0,222.0,225.5,-2.5,384
2021-03-29,6670,378321,85488091,225.5,230.0,223.0,225.5,0.0,331
2021-03-30,6670,381207,85959873,226.5,227.0,225.0,225.5,0.0,298
2021-03-31,6670,292315,65501424,227.0,228.5,221.5,226.5,1.0,251
2021-04-01,6670,307345,69247443,227.5,228.0,222.5,225.5,-1.0,274
2021-04-06,6670,933003,216422211,228.5,237.5,226.0,236.0,10.5,720
2021-04-07,6670,2345324,587737926,241.0,259.5,241.0,251.0,15.0,1839
2021-04-08,6670,1548918,375553217,247.5,252.5,234.5,242.5,-8.5,1273
2021-04-09,6670,587262,137138219,241.0,241.0,230.5,231.0,-11.5,570
2021-04-12,6670,462412,106246496,233.0,234.0,227.5,229.0,-2.0,360
2021-04-13,6670,764500,171258283,227.5,229.0,221.0,221.0,-8.0,612
2021-04-14,6670,250233,55781926,221.0,226.5,219.0,221.5,0.5,205
2021-04-15,6670,311942,71895283,224.0,234.0,222.5,231.5,10.0,297
2021-04-16,6670,214186,49676514,235.0,235.0,230.0,230.5,-1.0,166
2021-04-19,6670,292100,67434500,234.0,234.5,228.0,229.5,-1.0,219
2021-04-20,6670,199278,45921324,230.0,234.0,228.5,230.0,0.5,183
2021-04-21,6670,348235,79020543,229.0,230.0,223.5,227.5,-2.5,338
2021-04-22,6670,342840,78967750,230.5,235.0,225.0,225.5,-2.0,303
2021-04-23,6670,866764,193066155,225.0,233.5,224.5,229.5,4.0,322
2021-04-26,6670,281954,65833852,232.5,237.5,231.0,233.0,3.5,264
2021-04-27,6670,531516,125900362,237.5,242.0,231.5,234.5,1.5,470
2021-04-28,6670,711231,168750274,234.0,243.0,231.5,233.0,-1.5,647
2021-04-29,6670,313520,73289590,234.0,238.0,231.5,231.5,-1.5,288
2021-05-03,6670,502232,112896534,232.5,233.0,222.0,222.0,-9.5,452
2021-05-04,6670,704325,152405783,226.0,226.0,207.0,214.0,-8.0,564
2021-05-05,6670,405629,88430446,216.0,222.0,212.0,214.5,0.5,324
2021-05-06,6670,334276,71132876,215.5,218.0,209.0,211.0,-3.5,320
2021-05-07,6670,414026,86781326,212.5,215.0,207.5,210.5,-0.5,379
2021-05-10,6670,259379,55821822,213.0,217.5,212.0,217.0,6.5,236
2021-05-11,6670,505281,103295994,210.5,213.0,199.5,201.0,-16.0,439
2021-05-12,6670,1656064,308798703,200.5,201.0,181.0,186.0,-15.0,1197
2021-05-13,6670,1132021,222284665,185.5,204.5,183.5,199.0,13.0,777
2021-05-14,6670,844619,167529798,199.5,202.5,195.0,201.5,2.5,558
2021-05-17,6670,854879,167054474,190.5,203.0,190.5,194.0,-7.5,699
2021-05-18,6670,451065,92189900,199.5,209.5,196.5,207.5,13.5,382
2021-05-19,6670,393787,83664283,208.5,216.5,205.5,214.0,6.5,313
2021-05-20,6670,486223,102795089,214.0,215.5,208.0,214.0,0.0,347
2021-05-21,6670,654831,142428551,216.0,220.5,214.0,218.0,4.0,519
2021-05-24,6670,686608,154097935,220.5,231.0,218.5,221.0,3.0,592
2021-05-25,6670,509686,111201903,226.0,226.0,213.0,215.0,-6.0,415
2021-05-26,6670,330582,73163040,219.0,224.0,217.0,222.0,7.0,343
2021-05-27,6670,381834,84958132,222.0,225.0,218.5,222.0,0.0,312
2021-05-28,6670,124921,27812557,224.0,224.0,220.5,221.0,-1.0,133
2021-05-31,6670,219542,47347684,219.5,223.0,219.5,219.5,-1.5,163
2021-06-01,6670,271156,60150899,221.0,224.0,220.5,222.5,3.0,194
2021-06-02,6670,363668,80325190,223.5,223.5,218.0,221.0,-1.5,331
2021-06-03,6670,313772,68221419,223.0,223.0,215.5,215.5,-5.5,312
2021-06-04,6670,334213,71157450,215.0,215.5,210.0,214.0,-1.5,310
2021-06-07,6670,726613,158556901,218.0,224.5,212.0,222.0,8.0,627
2021-06-08,6670,521688,114610858,222.5,223.0,217.5,219.5,-2.5,451
2021-06-09,6670,571627,125234160,221.0,225.0,216.5,217.0,-2.5,550
2021-06-10,6670,599401,129665425,221.5,221.5,213.5,214.0,-3.0,520
2021-06-11,6670,832988,182266802,217.0,224.5,216.0,216.5,2.5,729
2021-06-15,6670,767464,167207443,218.5,223.0,214.5,217.0,0.5,669
2021-06-16,6670,947723,199983080,218.0,218.0,208.5,210.5,-6.5,884
2021-06-17,6670,305308,63882546,208.0,211.0,207.0,209.5,-1.0,273
2021-06-18,6670,417763,87815158,210.5,213.5,208.0,211.0,1.5,292
2021-06-21,6670,229941,47835968,211.0,211.0,207.0,208.0,-3.0,216
2021-06-22,6670,224322,46866191,210.5,211.0,208.0,208.0,0.0,197
2021-06-23,6670,398870,83508434,208.5,211.0,207.5,209.0,1.0,366
2021-06-24,6670,358562,74705099,209.0,210.5,207.0,208.5,-0.5,330
2021-06-25,6670,408814,87474709,210.5,217.5,210.0,214.0,5.5,355
2021-06-28,6670,386511,82752094,216.0,217.5,212.0,212.5,-1.5,348
2021-06-29,6670,307994,64724539,214.0,214.0,208.5,209.5,-3.0,287
2021-06-30,6670,151573,31799545,209.5,211.5,209.5,209.5,0.0,145
2021-07-01,6670,276953,57957872,210.0,211.5,208.5,208.5,-1.0,209
2021-07-02,6670,423150,88307450,208.5,211.0,208.0,208.5,0.0,244
2021-07-05,6670,164619,34486635,208.5,211.0,208.5,210.0,1.5,164
2021-07-06,6670,233361,48950738,211.5,211.5,208.5,209.0,-1.0,205
2021-07-07,6670,787177,170164760,211.5,221.0,211.5,216.0,7.0,542
2021-07-08,6670,1597677,358907121,219.0,230.5,218.5,228.0,12.0,1362
2021-07-09,6670,1195210,275196041,227.0,236.5,223.0,230.0,2.0,1055
2021-07-12,6670,625459,142018825,234.0,234.0,224.5,226.0,-4.0,556
2021-07-13,6670,518161,119044847,228.5,232.5,226.0,227.0,1.0,509
2021-07-14,6670,801823,185802856,225.5,236.0,222.0,235.0,8.0,651
2021-07-15,6670,290117,67198711,230.0,235.5,230.0,231.0,-4.0,280
2021-07-16,6670,186258,43156340,232.0,234.0,230.5,231.0,0.0,185
2021-07-19,6670,510067,114959240,226.5,228.5,223.0,223.5,-7.5,447
2021-07-20,6670,345680,76345068,222.5,223.0,219.0,220.5,-3.0,327
2021-07-21,6670,444355,95804119,224.5,224.5,212.0,215.5,-5.0,414
2021-07-22,6670,192794,41426056,215.5,218.0,213.0,213.5,-2.0,199
2021-07-23,6670,466317,101565819,214.0,221.0,213.0,218.5,5.0,377
2021-07-26,6670,275668,58920594,215.0,215.0,211.5,213.0,-5.5,254
2021-07-27,6670,235448,50587459,213.5,217.0,211.5,215.0,2.0,206
2021-07-28,6670,208858,44788893,214.0,216.5,211.0,215.0,0.0,206
2021-07-29,6670,239406,51847384,214.5,219.5,214.0,214.5,-0.5,216
2021-07-30,6670,92303,19914484,215.0,216.5,214.5,216.0,1.5,104
2021-08-02,6670,187406,40128154,216.5,218.0,212.0,213.0,-3.0,180
2021-08-03,6670,169602,36169077,213.0,214.5,212.5,213.5,0.5,155
2021-08-04,6670,172305,37251441,214.0,218.0,214.0,217.5,4.0,165
2021-08-05,6670,208434,45283204,219.0,220.5,215.0,215.0,-2.5,169
2021-08-06,6670,152460,32942673,215.0,218.0,214.0,217.0,2.0,131
2021-08-09,6670,131492,28378306,215.5,216.5,214.5,215.5,-1.5,144
2021-08-10,6670,133567,28560468,214.5,214.5,213.5,213.5,-2.0,137
2021-08-11,6670,339575,71309560,213.5,213.5,208.5,208.5,-5.0,331
2021-08-12,6670,743579,144229577,197.5,199.5,191.0,192.0,0.0,786
2021-08-13,6670,505889,95488456,192.0,192.0,186.0,186.5,-5.5,447
2021-08-16,6670,467860,85426725,188.0,188.0,181.0,182.0,-4.5,446
2021-08-17,6670,442457,79593061,181.5,182.5,177.0,178.5,-3.5,421
2021-08-18,6670,486442,86597290,178.0,181.5,174.5,181.0,2.5,402
2021-08-19,6670,508417,89400080,180.0,180.0,173.5,174.0,-7.0,425
2021-08-20,6670,324412,56255221,175.0,175.0,172.5,173.0,-1.0,280
2021-08-23,6670,215850,38227970,174.0,178.5,174.0,176.5,3.5,173
2021-08-24,6670,306473,54530746,178.0,180.0,176.0,178.0,1.5,267
2021-08-25,6670,254511,45250041,178.0,179.5,177.0,179.0,1.0,248
2021-08-26,6670,163391,29252564,179.0,179.5,178.5,178.5,-0.5,153
2021-08-27,6670,171593,31081088,178.5,182.5,178.5,180.5,2.0,170
2021-08-30,6670,100400,18252047,181.0,183.0,181.0,181.5,1.0,98
2021-08-31,6670,137930,24958945,182.0,182.0,178.0,181.5,0.0,130
2021-09-01,6670,168415,30856038,182.0,185.0,182.0,184.5,3.0,157
2021-09-02,6670,306299,55412270,185.5,185.5,178.0,180.0,-4.5,275
2021-09-03,6670,192832,35061097,182.5,183.0,180.5,181.5,1.5,201
2021-09-06,6670,194105,35035027,181.5,181.5,178.5,178.5,-3.0,180
2021-09-07,6670,159801,28536063,179.0,180.0,178.0,178.5,0.0,161
2021-09-08,6670,336143,59585633,178.5,179.0,176.0,176.5,-2.0,308
2021-09-09,6670,171485,30474459,177.0,180.0,176.5,177.5,1.0,143
2021-09-10,6670,143234,25880255,178.0,182.0,178.0,182.0,4.5,144
2021-09-13,6670,205504,37141469,181.0,183.0,179.5,179.5,-2.5,216
2021-09-14,6670,223032,40291259,179.5,181.5,179.5,180.0,0.5,201
2021-09-15,6670,195314,35202179,179.0,181.5,179.0,181.0,1.0,143
2021-09-16,6670,205232,37071024,181.0,182.5,179.5,180.5,-0.5,179
2021-09-17,6670,287079,52905516,180.5,185.5,180.5,185.5,5.0,267
2021-09-22,6670,253224,45424121,181.0,182.0,177.0,180.0,-5.5,233
2021-09-23,6670,73283,13406057,181.0,184.0,181.0,183.5,3.5,71
2021-09-24,6670,239535,43096378,182.5,182.5,178.0,179.5,-4.0,214
2021-09-27,6670,166149,29747482,180.0,181.0,178.0,178.0,-1.5,163
2021-09-28,6670,217003,38423332,178.0,178.5,176.0,177.0,-1.0,208
2021-09-29,6670,136276,24351262,177.0,181.0,176.5,180.5,3.5,134
2021-09-30,6670,90000,16137825,180.5,180.5,178.5,179.5,-1.0,85
2021-10-01,6670,177412,31554915,179.5,180.0,176.5,177.5,-2.0,143
2021-10-04,6670,114682,20395338,177.5,179.5,177.0,177.0,-0.5,101
2021-10-05,6670,82251,14506198,176.5,177.5,175.0,177.0,0.0,72
2021-10-06,6670,79247,14069034,178.0,179.0,177.0,177.0,0.0,67
2021-10-07,6670,77435,13921052,178.5,181.0,178.5,180.5,3.5,81
2021-10-08,6670,67630,12193617,180.0,181.0,179.5,180.0,-0.5,69
2021-10-12,6670,178685,32252073,181.0,182.5,178.5,180.5,0.5,168
2021-10-13,6670,149259,27217294,182.5,183.5,181.0,183.0,2.5,135
2021-10-14,6670,156307,29056650,182.0,187.5,182.0,186.5,3.5,195
2021-10-15,6670,206334,38374412,188.0,188.0,184.5,185.0,-1.5,211
2021-10-18,6670,220616,41341594,186.0,189.5,184.5,188.5,3.5,272
2021-10-19,6670,213182,39849036,186.5,189.0,185.0,187.5,-1.0,219
2021-10-20,6670,133151,24768526,188.5,188.5,185.0,186.0,-1.5,116
2021-10-21,6670,548092,101000798,186.0,188.0,182.0,184.5,-1.5,335
2021-10-22,6670,44458,8200337,184.0,186.0,183.5,185.0,0.5,46
2021-10-25,6670,32167,5970538,186.5,187.0,184.0,185.5,0.5,51
2021-10-26,6670,81205,15148827,186.0,187.0,185.5,186.0,0.5,81
2021-10-27,6670,107779,19962744,187.0,187.0,184.0,184.5,-1.5,99
2021-10-28,6670,89590,16588024,186.5,186.5,184.5,185.5,1.0,88
2021-10-29,6670,258486,48514838,187.0,190.0,185.5,188.5,3.0,246
2021-11-01,6670,185386,35198826,189.5,191.0,187.0,190.5,2.0,196
2021-11-02,6670,151619,28826674,190.5,192.0,188.5,189.0,-1.5,135
2021-11-03,6670,246777,47928237,190.0,195.5,190.0,194.0,5.0,235
2021-11-04,6670,124303,24104676,195.0,195.0,192.5,194.0,0.0,213
2021-11-05,6670,124411,24299105,195.0,196.5,194.0,195.0,1.0,112
2021-11-08,6670,120610,23308119,195.0,195.0,191.5,192.0,-3.0,120
2021-11-09,6670,132142,25410267,194.0,195.5,190.5,192.0,0.0,120
2021-11-10,6670,53150,10190870,191.0,192.0,191.0,192.0,0.0,48
2021-11-11,6670,85389,16384188,192.0,193.0,190.5,191.5,-0.5,87
2021-11-12,6670,130689,25011487,192.0,192.0,190.5,191.0,-0.5,126
2021-11-15,6670,158226,30744620,192.0,196.0,192.0,194.0,3.0,142
2021-11-16,6670,88540,17080542,194.0,194.0,192.5,193.5,-0.5,169
2021-11-17,6670,53543,10356999,193.5,194.5,193.0,194.0,0.5,152
2021-11-18,6670,164669,31985118,194.0,195.5,193.5,193.5,-0.5,239
2021-11-19,6670,65841,12788783,193.5,195.0,193.5,194.5,1.0,74
2021-11-22,6670,44207,8604287,195.0,195.0,194.0,195.0,0.5,101
2021-11-23,6670,118365,22833395,194.5,195.0,191.0,193.0,-2.0,98
2021-11-24,6670,89012,17279832,194.0,195.0,193.5,193.5,0.5,98
2021-11-25,6670,106484,20964397,194.0,199.0,193.5,196.5,3.0,143
2021-11-26,6670,178540,34951989,196.5,197.5,195.0,195.5,-1.0,424
2021-11-29,6670,235160,46267967,195.0,198.5,193.0,198.0,2.5,514
2021-11-30,6670,293804,59185674,200.0,204.0,198.0,202.0,4.0,503
2021-12-01,6670,140915,28309469,201.5,203.0,198.5,201.0,-1.0,342
2021-12-02,6670,466635,94876606,201.0,205.5,201.0,203.0,2.0,570
2021-12-03,6670,186728,38341720,203.0,207.0,202.0,202.5,-0.5,593
2021-12-06,6670,72745,14567603,205.0,205.0,198.5,199.5,-3.0,365
2021-12-07,6670,111719,22193373,199.0,200.0,197.0,200.0,0.5,311
2021-12-08,6670,146529,29423847,200.5,202.0,199.5,199.5,-0.5,372
2021-12-09,6670,87215,17440429,199.0,200.5,199.0,200.0,0.5,164
2021-12-10,6670,32313,6428158,200.0,200.0,198.5,199.0,-1.0,72
2021-12-13,6670,75446,15030748,201.0,201.0,198.0,199.0,0.0,298
2021-12-14,6670,100068,19641069,199.0,199.0,194.5,195.0,-4.0,466
2021-12-15,6670,61601,12078821,195.5,196.5,195.5,196.0,1.0,140
2021-12-16,6670,48330,9473709,197.0,197.0,195.5,196.0,0.0,306
2021-12-17,6670,484264,95009763,196.0,199.0,195.5,196.0,0.0,360
2021-12-20,6670,136840,26561100,196.0,196.5,190.5,190.5,-5.5,136
2021-12-21,6670,59210,11394035,191.5,193.0,191.5,192.5,2.0,54
2021-12-22,6670,40297,7809632,192.5,194.5,192.5,194.0,1.5,48
2021-12-23,6670,76348,14769945,195.0,195.0,192.0,193.5,-0.5,74
2021-12-24,6670,57188,11049920,193.0,194.0,193.0,193.5,0.0,61
2021-12-27,6670,53481,10342752,193.5,194.0,193.0,193.5,0.0,63
2021-12-28,6670,66859,12904312,193.5,194.0,192.5,193.0,-0.5,102
2021-12-29,6670,78227,15178556,193.0,196.5,193.0,194.5,1.5,65
2021-12-30,6670,25819,5025096,195.0,195.0,194.0,194.0,-0.5,191
2022-01-03,6670,118582,23097680,196.5,196.5,194.0,194.5,0.5,184
2022-01-04,6670,172365,33643656,194.5,197.0,194.5,195.0,0.5,1095
2022-01-05,6670,94339,18457378,194.5,196.0,194.5,195.0,0.0,193
2022-01-06,6670,104219,20295612,195.5,196.0,193.5,195.0,0.0,284
2022-01-07,6670,108936,21112388,195.0,196.0,193.0,193.0,-2.0,115
2022-01-10,6670,171615,32995159,193.0,193.0,190.5,192.5,-0.5,628
2022-01-11,6670,206646,39449232,192.0,192.0,190.0,190.0,-2.5,510
2022-01-12,6670,195135,37225323,190.0,192.5,190.0,192.5,2.5,159
2022-01-13,6670,108041,20747454,193.0,193.0,191.0,191.5,-1.0,97
2022-01-14,6670,202550,39465568,192.0,197.0,192.0,194.5,3.0,186
2022-01-17,6670,109392,21411710,194.5,197.0,194.5,196.0,1.5,106
2022-01-18,6670,82168,16119463,196.0,196.5,195.5,196.0,0.0,185
2022-01-19,6670,111066,21846497,196.0,197.0,196.0,197.0,1.0,111
2022-01-20,6670,211349,42059714,198.0,200.5,198.0,199.5,2.5,191
2022-01-21,6670,105331,20924322,199.5,200.5,198.0,198.0,-1.5,135
2022-01-24,6670,78027,15291812,196.5,198.0,193.5,197.5,-0.5,85
2022-01-25,6670,124320,24291763,197.5,197.5,194.5,194.5,-3.0,175
2022-01-26,6670,99431,19520268,195.0,198.0,195.0,195.5,1.0,164
2022-02-07,6670,486777,98257159,199.0,205.0,198.0,205.0,9.5,388
2022-02-08,6670,347217,71014225,205.0,206.5,202.5,204.5,-0.5,435
2022-02-09,6670,559450,116785906,206.0,214.0,205.0,214.0,9.5,432
2022-02-10,6670,703201,148044825,215.0,216.0,206.5,211.5,-2.5,2422
2022-02-11,6670,273853,58168309,209.0,214.5,209.0,212.5,1.0,666
2022-02-14,6670,193114,39954229,207.0,209.0,206.0,206.5,-6.0,781
2022-02-15,6670,438892,92865837,211.0,214.5,208.0,210.0,3.5,317
2022-02-16,6670,134536,28488354,211.5,213.0,210.5,212.5,2.5,139
2022-02-17,6670,365351,76046982,212.5,212.5,205.5,206.5,-6.0,399
2022-02-18,6670,85402,17586720,206.5,206.5,205.0,206.5,0.0,87
2022-02-21,6670,79191,16316537,206.0,207.5,204.5,207.5,1.0,82
2022-02-22,6670,268334,54076731,207.5,207.5,200.0,200.0,-7.5,261
2022-02-23,6670,200179,40022327,202.5,202.5,198.0,199.5,-0.5,177
2022-02-24,6670,223379,43953760,200.0,200.0,194.0,195.0,-4.5,214
2022-02-25,6670,66141,13039834,199.0,199.0,196.0,196.0,1.0,62
2022-03-01,6670,79581,15664705,197.5,198.0,196.0,196.5,0.5,83
2022-03-02,6670,93483,18306906,196.5,196.5,194.5,196.5,0.0,95
2022-03-03,6670,57130,11289110,199.0,199.0,196.5,197.5,1.0,50
2022-03-04,6670,142582,28076696,197.5,198.0,195.5,197.0,-0.5,127
2022-03-07,6670,286457,55208590,197.0,198.0,191.0,192.5,-4.5,241
2022-03-08,6670,176300,33634980,194.0,194.0,188.5,189.5,-3.0,184
2022-03-09,6670,83201,15853289,190.0,192.0,189.5,190.0,0.5,73
2022-03-10,6670,102611,19811625,193.0,193.5,192.0,193.5,3.5,93
2022-03-11,6670,73505,14107103,193.5,193.5,191.0,192.0,-1.5,73
2022-03-14,6670,176596,34027492,192.5,193.5,192.0,193.5,1.5,171
2022-03-15,6670,53118,10219789,193.5,193.5,192.0,192.0,-1.5,100
2022-03-16,6670,53570,10339960,193.5,194.5,192.0,194.5,2.5,59
2022-03-17,6670,188044,37672741,196.5,203.5,196.5,203.0,8.5,181
2022-03-18,6670,40723,8206750,202.0,202.0,200.5,202.0,-1.0,53
2022-03-21,6670,91434,18613154,204.0,204.5,202.0,203.5,1.5,80
2022-03-22,6670,239411,49570908,203.5,209.0,203.5,208.0,4.5,211
2022-03-23,6670,85941,17872828,209.5,209.5,206.5,208.5,0.5,100
2022-03-24,6670,133878,27635095,208.0,208.0,204.5,207.5,-1.0,123
2022-03-25,6670,204686,41754179,206.5,206.5,202.0,202.0,-5.5,206
2022-03-28,6670,119201,23920942,202.0,203.5,199.0,200.0,-2.0,212
2022-03-29,6670,195374,39225155,200.5,202.0,199.5,200.0,0.0,182
2022-03-30,6670,362030,73770986,201.0,208.0,201.0,207.0,7.0,291
2022-03-31,6670,110722,22548427,204.5,204.5,203.0,203.0,-4.0,116
2022-04-01,6670,187104,37868125,203.0,204.0,201.5,202.0,-1.0,167
2022-04-06,6670,159116,32040069,202.0,203.0,200.0,202.5,0.5,135
2022-04-07,6670,209341,42670875,202.5,206.5,202.0,203.0,0.5,215
2022-04-08,6670,155114,31524454,206.0,206.0,202.0,203.5,0.5,381
2022-04-11,6670,212748,42777454,204.0,204.0,200.0,200.5,-3.0,199
2022-04-12,6670,552017,113265626,199.5,208.0,199.5,207.5,7.0,457
2022-04-13,6670,176133,36426740,208.0,208.0,205.5,207.0,-0.5,313
2022-04-14,6670,851764,181897691,209.5,219.5,209.0,213.0,6.0,1152
2022-04-15,6670,211378,45233620,213.5,216.0,212.5,213.5,0.5,232
2022-04-18,6670,186512,39940071,213.5,218.0,211.5,213.0,-0.5,1154
2022-04-19,6670,355746,77075006,213.5,218.5,212.5,218.5,5.5,488
2022-04-20,6670,408459,89092719,219.5,220.5,215.0,219.0,0.5,361
2022-04-21,6670,495547,109374344,220.0,224.5,217.5,219.5,0.5,927
2022-04-22,6670,430468,94561360,216.5,222.5,216.5,219.0,-0.5,346
2022-04-25,6670,256687,54636094,219.0,219.0,210.0,212.0,-7.0,1185
2022-04-26,6670,269316,57690339,212.0,216.5,212.0,213.0,1.0,232
2022-04-27,6670,220966,46423377,210.0,213.5,206.0,213.0,0.0,214
2022-04-28,6670,111872,23928851,215.0,216.5,211.0,211.5,-1.5,125
2022-04-29,6670,340941,73944338,214.0,220.0,214.0,219.0,7.5,316
2022-05-03,6670,83377,18179760,219.0,219.0,217.0,218.5,-0.5,95
2022-05-04,6670,221853,48549858,218.0,221.5,217.5,218.5,0.0,218
2022-05-05,6670,355743,79002349,219.5,225.0,218.5,223.5,5.0,335
2022-05-06,6670,212451,46690738,218.5,221.5,217.5,221.0,-2.5,188
2022-05-09,6670,376513,81028761,220.0,220.0,211.5,212.5,-8.5,816
2022-05-10,6670,128982,27282734,212.0,213.5,210.0,213.5,1.0,147
2022-05-11,6670,260797,54348242,213.0,213.0,206.5,207.5,-6.0,249
2022-05-12,6670,159879,33165640,207.5,211.0,205.0,206.5,-1.0,157
2022-05-13,6670,173602,36437512,207.0,212.0,207.0,211.0,4.5,165
2022-05-16,6670,140177,29069641,212.0,212.0,205.0,205.0,-6.0,154
2022-05-17,6670,183514,37578293,205.0,206.0,202.5,206.0,1.0,190
2022-05-18,6670,390960,81917913,206.0,212.5,205.0,209.0,3.0,387
2022-05-19,6670,213225,43532286,205.5,205.5,202.5,204.0,-5.0,221
2022-05-20,6670,129483,26367309,205.0,205.5,202.5,203.5,-0.5,117
2022-05-23,6670,179881,36378837,203.5,203.5,201.0,201.5,-2.0,194
2022-05-24,6670,217192,43440067,202.0,203.5,197.0,197.0,-4.5,237
2022-05-25,6670,168035,33670961,200.0,202.0,198.5,201.5,4.5,191
2022-05-26,6670,120808,24112693,202.0,202.0,198.0,198.0,-3.5,149
2022-05-27,6670,253422,50367808,199.0,200.5,197.5,198.0,0.0,200
2022-05-30,6670,157438,31889563,200.0,204.5,199.5,204.5,6.5,164
2022-05-31,6670,95291,19563503,206.0,206.0,204.5,205.0,0.5,88
2022-06-01,6670,110947,22625491,206.0,206.0,202.5,204.5,-0.5,230
2022-06-02,6670,153481,31469970,205.0,206.0,203.5,206.0,1.5,136
2022-06-06,6670,53244,10979876,207.0,207.0,205.0,206.5,0.5,71
2022-06-07,6670,41800,8619449,206.0,207.0,204.5,206.5,0.0,50
2022-06-08,6670,109402,22684660,206.0,209.0,206.0,207.0,0.5,209
2022-06-09,6670,88915,18301681,205.5,206.5,205.5,205.5,-1.5,100
2022-06-10,6670,121643,24812331,204.0,205.5,203.0,205.0,-0.5,127
2022-06-13,6670,92349,18495301,200.5,202.5,199.5,200.0,-5.0,448
2022-06-14,6670,70508,14182944,200.0,203.0,199.5,202.0,2.0,77
2022-06-15,6670,71396,14554515,202.0,205.0,202.0,203.0,1.0,96
2022-06-16,6670,62383,12642625,204.0,205.0,200.0,200.0,-3.0,72
2022-06-17,6670,198494,39416374,198.0,201.0,196.5,197.5,-2.5,153
2022-06-20,6670,255424,49755303,198.0,199.0,191.0,192.0,-5.5,293
2022-06-21,6670,192796,37546279,192.5,196.5,192.5,196.5,4.5,191
2022-06-22,6670,156997,30582358,197.0,197.5,192.0,192.0,-4.5,175
2022-06-23,6670,107760,21002746,194.0,196.0,193.0,195.5,3.5,124
2022-06-24,6670,3116817,608135537,196.0,199.5,196.0,197.5,2.0,296
2022-06-27,6670,148433,29590582,197.5,201.5,197.5,198.5,1.0,386
2022-06-28,6670,84858,17016108,198.5,203.0,198.0,202.5,4.0,96
2022-06-29,6670,108386,21547662,200.0,200.0,198.0,198.5,-4.0,243
2022-06-30,6670,680598,131426171,197.5,197.5,190.5,191.0,-7.5,539
2022-07-01,6670,411555,77807394,191.0,192.0,187.0,187.0,-4.0,350
2022-07-04,6670,108213,20515805,187.0,191.0,187.0,189.0,2.0,107
2022-07-05,6670,201351,38574561,191.0,193.0,191.0,191.5,2.5,187
2022-07-06,6670,226184,43761076,191.5,195.0,191.0,193.0,1.5,231
2022-07-07,6670,101288,19827367,195.0,197.5,193.5,196.5,3.5,127
2022-07-08,6670,288468,56761290,197.0,198.0,195.0,196.0,-0.5,189
2022-07-11,6670,154361,30374998,197.0,198.0,194.5,195.0,-1.0,137
2022-07-12,6670,91013,17487818,194.5,194.5,191.0,192.0,-3.0,107
2022-07-13,6670,192180,37612702,197.0,197.5,193.0,195.0,3.0,139
2022-07-14,6670,232437,45782479,194.5,199.0,193.0,198.5,3.5,194
2022-07-15,6670,234604,45952686,198.5,198.5,195.0,196.0,-2.5,158
2022-07-18,6670,309772,60684565,197.0,197.0,194.0,195.5,-0.5,177
2022-07-19,6670,617959,119943938,196.0,196.0,193.0,193.0,-2.5,488
2022-07-20,6670,1110927,202142632,181.0,184.0,180.5,180.5,0.0,617
2022-07-21,6670,444546,82670831,183.0,188.5,182.0,188.5,8.0,369
2022-07-22,6670,243095,45781199,190.5,190.5,186.5,188.5,0.0,238
2022-07-25,6670,115863,21689538,188.5,188.5,186.5,186.5,-2.0,566
2022-07-26,6670,313941,57860851,187.0,187.0,183.0,183.5,-3.0,259
2022-07-27,6670,367447,67454313,184.0,185.5,183.0,184.5,1.0,342
2022-07-28,6670,135411,24955834,185.0,185.0,183.5,184.0,-0.5,141
2022-07-29,6670,304517,56141205,184.0,185.0,183.5,184.0,0.0,286
2022-08-01,6670,415239,76727942,185.0,186.0,184.0,184.5,0.5,370
2022-08-02,6670,393463,72170301,184.5,185.5,182.5,184.0,-0.5,336
2022-08-03,6670,523546,97682042,183.0,189.5,183.0,189.5,5.5,405
2022-08-04,6670,510446,93364890,188.5,188.5,180.0,183.0,-6.5,443
2022-08-05,6670,467674,87747983,184.5,189.0,184.0,188.5,5.5,328
2022-08-08,6670,873618,162624017,189.0,190.0,184.0,185.0,-3.5,1394
2022-08-09,6670,415690,78000337,185.0,189.0,185.0,188.0,3.0,303
2022-08-10,6670,557588,106215842,187.5,192.5,187.5,191.5,3.5,450
2022-08-11,6670,412282,79221084,192.5,193.5,190.5,192.0,0.5,495
2022-08-12,6670,323648,62331074,192.0,194.0,191.5,193.5,1.5,258
2022-08-15,6670,290222,56113431,194.0,195.0,192.5,193.5,0.0,233
2022-08-16,6670,353395,68541465,193.5,195.5,192.5,195.5,2.0,317
2022-08-17,6670,408224,80554905,195.5,199.0,195.5,196.5,1.0,381
2022-08-18,6670,293493,57261293,196.5,196.5,194.0,195.5,-1.0,400
2022-08-19,6670,278461,55226306,195.5,200.5,195.5,199.5,4.0,290
2022-08-22,6670,360068,72280819,198.5,202.5,198.5,201.5,2.0,322
2022-08-23,6670,236210,47308137,200.5,201.0,199.5,201.0,-0.5,207
2022-08-24,6670,284491,56475826,200.5,201.0,197.0,197.0,-4.0,269
2022-08-25,6670,298819,59200959,197.0,200.0,195.5,200.0,3.0,292
2022-08-26,6670,128641,25594460,200.0,200.0,198.0,198.5,-1.5,125
2022-08-29,6670,176588,34336802,195.0,195.5,193.0,195.0,-3.5,210
2022-08-30,6670,208762,41193622,195.0,198.5,195.0,198.0,3.0,198
2022-08-31,6670,321055,63650413,197.0,200.5,197.0,197.5,-0.5,245
2022-09-01,6670,207324,40393402,196.0,196.0,194.0,194.5,-3.0,209
2022-09-02,6670,233479,45877215,194.5,198.0,194.0,197.0,2.5,223
2022-09-05,6670,251207,48774991,197.0,197.0,192.5,192.5,-4.5,203
2022-09-06,6670,165076,31575864,193.5,194.0,189.5,191.0,-1.5,193
2022-09-07,6670,150545,28639620,192.0,192.0,189.0,190.5,-0.5,173
2022-09-08,6670,260411,50669587,193.0,195.5,193.0,195.0,4.5,247
2022-09-12,6670,221883,43452087,197.0,197.0,194.5,196.0,1.0,202
2022-09-13,6670,352154,70107799,197.5,201.0,197.0,199.5,3.5,313
2022-09-14,6670,204700,40773271,195.5,200.5,195.5,199.0,-0.5,215
2022-09-15,6670,320737,64366159,199.0,202.0,199.0,202.0,3.0,296
2022-09-16,6670,565012,113903876,200.5,205.5,200.0,200.5,-1.5,603
2022-09-19,6670,277908,54584403,199.5,199.5,194.5,195.5,-5.0,502
2022-09-20,6670,215401,42133308,197.0,197.0,194.5,195.5,0.0,189
2022-09-21,6670,185377,36071913,196.0,196.5,193.5,194.5,-1.0,176
2022-09-22,6670,228872,44027265,194.0,194.0,191.0,193.5,-1.0,228
2022-09-23,6670,333715,63658124,193.5,193.5,189.0,189.5,-4.0,330
2022-09-26,6670,523358,95828747,189.0,189.0,180.0,180.5,-9.0,599
2022-09-27,6670,323821,58738885,183.0,183.0,180.0,182.5,2.0,303
2022-09-28,6670,499881,89230433,182.5,182.5,176.5,179.0,-3.5,495
2022-09-29,6670,229686,41716319,180.5,183.5,179.5,183.5,4.5,193
2022-09-30,6670,153600,27733335,181.0,182.5,179.0,182.5,-1.0,135
2022-10-03,6670,92257,16677902,182.0,182.0,179.5,180.0,-2.5,124
2022-10-04,6670,85804,15688914,182.0,184.0,182.0,184.0,4.0,97
2022-10-05,6670,260787,47715492,185.0,185.0,181.5,182.0,-2.0,276
2022-10-06,6670,72948,13283133,182.5,182.5,181.5,182.5,0.5,100
2022-10-07,6670,73467,13360722,182.5,182.5,181.5,182.0,-0.5,88
2022-10-11,6670,268540,48708028,180.5,183.0,179.0,182.0,0.0,282
2022-10-12,6670,118044,21565763,183.0,184.0,181.0,183.5,1.5,133
2022-10-13,6670,288189,51987966,184.0,184.5,177.0,178.0,-5.5,344
2022-10-14,6670,415757,75913429,181.0,185.5,180.5,181.0,3.0,345
2022-10-17,6670,105540,19144925,180.0,183.0,179.5,183.0,2.0,146
2022-10-18,6670,200196,36804413,184.0,185.0,182.0,185.0,2.0,204
2022-10-19,6670,455926,84892732,183.5,187.5,183.5,187.5,2.5,398
2022-10-20,6670,625922,113890144,185.5,186.0,180.0,180.0,-7.5,737
2022-10-21,6670,228984,41246761,180.5,181.0,179.0,180.0,0.0,195
2022-10-24,6670,176446,32202846,182.5,183.0,181.5,182.5,2.5,167
2022-10-25,6670,144744,26226785,182.5,183.5,180.0,180.5,-2.0,153
2022-10-26,6670,115794,20861250,181.0,181.5,179.5,179.5,-1.0,129
2022-10-27,6670,235503,42497146,180.5,182.0,179.5,182.0,2.5,182
2022-10-28,6670,121514,21905692,181.0,181.5,179.5,180.0,-2.0,131
2022-10-31,6670,78546,14274137,181.5,182.5,181.0,181.5,1.5,85
2022-11-01,6670,146786,26965549,182.0,184.5,182.0,184.5,3.0,113
2022-11-02,6670,316807,59139465,184.0,188.0,184.0,188.0,3.5,228
2022-11-03,6670,228451,43029811,186.0,190.0,186.0,190.0,2.0,218
2022-11-04,6670,318542,60688846,190.5,192.5,188.5,191.5,1.5,225
2022-11-07,6670,935347,185172544,198.0,202.0,195.0,195.0,3.5,806
2022-11-08,6670,329519,64374943,197.0,197.0,194.0,195.0,0.0,340
2022-11-09,6670,789216,157752402,196.0,202.5,196.0,199.0,4.0,742
2022-11-10,6670,565263,114994467,200.0,206.0,200.0,203.5,4.5,700
2022-11-11,6670,752698,156151019,208.5,209.5,205.5,207.5,4.0,682
2022-11-14,6670,536566,110226930,207.5,208.5,204.0,205.0,-2.5,944
2022-11-15,6670,476330,99067812,207.0,209.5,205.5,209.0,4.0,519
2022-11-16,6670,377234,78893421,207.5,211.0,207.5,209.0,0.0,619
2022-11-17,6670,497253,104573394,209.5,213.0,208.0,210.0,1.0,588
2022-11-18,6670,452741,94672439,210.0,212.0,207.0,207.0,-3.0,853
2022-11-21,6670,271929,56601213,208.0,209.5,206.5,209.0,2.0,1677
2022-11-22,6670,454279,95944126,209.0,213.5,207.0,213.5,4.5,635
2022-11-23,6670,581136,121634683,212.0,213.0,207.5,207.5,-6.0,888
2022-11-24,6670,494689,101409742,207.0,207.0,203.5,205.0,-2.5,538
2022-11-25,6670,358908,74284493,206.0,209.0,205.5,205.5,0.5,383
2022-11-28,6670,292485,60611086,205.0,208.5,204.0,208.5,3.0,559
2022-11-29,6670,261632,54536626,208.5,210.0,206.5,209.0,0.5,295
2022-11-30,6670,864796,184895111,208.0,216.5,208.0,216.0,7.0,1267
2022-12-01,6670,603345,130900163,217.0,218.5,215.0,218.5,2.5,793
2022-12-02,6670,611233,134494781,218.0,222.0,217.5,219.5,1.0,787
2022-12-05,6670,297560,65308034,220.5,222.0,218.5,219.5,0.0,587
2022-12-06,6670,624666,138781639,219.5,225.0,219.0,222.0,2.5,573
2022-12-07,6670,631674,138036885,221.0,222.0,216.0,217.0,-5.0,1118
2022-12-08,6670,607092,134835158,218.5,224.5,218.5,223.0,6.0,826
2022-12-09,6670,649369,144703557,224.5,227.0,220.0,221.0,-2.0,2034
2022-12-12,6670,447166,98422253,220.5,223.0,216.0,223.0,2.0,450
2022-12-13,6670,327682,72183896,222.5,223.0,219.0,219.0,-4.0,431
2022-12-14,6670,234553,51719321,219.0,222.0,218.5,222.0,3.0,244
2022-12-15,6670,188069,41561167,222.0,222.0,220.0,221.5,-0.5,202
2022-12-16,6670,459053,101465485,219.0,222.5,219.0,221.0,-0.5,302
2022-12-19,6670,356156,78380777,219.0,222.0,218.5,220.0,-1.0,779
2022-12-20,6670,519222,112886715,221.5,221.5,215.5,215.5,-4.5,876
2022-12-21,6670,604360,129098192,217.5,218.5,209.5,209.5,-6.0,826
2022-12-22,6670,580301,124937992,214.0,218.5,212.0,214.5,5.0,512
2022-12-23,6670,244364,52061789,214.5,215.0,212.0,213.0,-1.5,366
2022-12-26,6670,159866,33757216,213.5,214.5,209.0,210.5,-2.5,176
2022-12-27,6670,402228,84778136,210.5,214.0,209.0,209.5,-1.0,397
2022-12-28,6670,252366,52708691,210.0,211.5,207.0,209.0,-0.5,298
2022-12-29,6670,414536,85859453,209.0,209.0,206.0,207.0,-2.0,363
2022-12-30,6670,207680,43524704,208.5,211.0,207.5,210.5,3.5,258
2023-01-03,6670,614395,126833214,210.0,210.0,204.0,204.5,-6.0,664
2023-01-04,6670,592383,121393769,204.5,206.5,204.0,205.5,1.0,580
2023-01-05,6670,490906,100958662,206.0,208.0,204.0,205.0,-0.5,428
2023-01-06,6670,830048,174152716,205.5,213.5,205.5,212.0,7.0,692
2023-01-09,6670,799281,169223585,213.0,213.5,209.0,212.0,0.0,628
2023-01-10,6670,1212171,265541829,213.0,221.5,213.0,218.0,6.0,1105
2023-01-11,6670,293625,64422973,218.0,220.5,218.0,219.0,1.0,349
2023-01-12,6670,748379,165581381,219.5,223.0,218.0,222.0,3.0,665
2023-01-13,6670,453126,99107692,223.0,223.5,216.5,217.0,-5.0,709
2023-01-16,6670,432197,92510419,216.5,217.5,212.0,214.0,-3.0,739
2023-01-17,6670,361877,78252419,214.0,219.0,214.0,216.5,2.5,368
2023-01-30,6670,404395,88250020,219.0,220.0,216.5,219.5,3.0,602
2023-01-31,6670,562051,123724633,219.5,221.5,218.5,221.5,2.0,489
2023-02-01,6670,391356,86597737,222.5,222.5,220.0,222.5,1.0,381
2023-02-02,6670,452427,100092517,223.0,223.0,219.0,221.0,-1.5,481
2023-02-03,6670,472000,103029063,221.0,221.0,216.0,217.0,-4.0,503
2023-02-06,6670,193361,42095727,217.5,219.0,216.5,217.0,0.0,230
2023-02-07,6670,351578,77305264,218.0,221.5,218.0,221.5,4.5,370
2023-02-08,6670,261849,57756043,221.5,221.5,219.0,221.0,-0.5,274
2023-02-09,6670,1060896,239227728,221.5,229.0,221.5,226.5,5.5,969
2023-02-10,6670,597928,135173600,227.5,228.5,224.0,225.5,-1.0,637
2023-02-13,6670,373256,83464505,224.0,225.5,222.0,224.0,-1.5,374
2023-02-14,6670,220500,49448741,224.5,225.0,223.5,224.5,0.5,230
2023-02-15,6670,285724,64445726,224.5,227.5,224.0,225.0,0.5,288
2023-02-16,6670,329996,74236209,225.5,226.0,224.0,225.0,0.0,335
2023-02-17,6670,301593,67540862,224.0,225.0,223.0,223.5,-1.5,238
2023-02-20,6670,363501,81418293,224.0,225.5,223.5,223.5,0.0,282
2023-02-21,6670,904611,207237036,224.5,232.0,224.5,228.5,5.0,759
2023-02-22,6670,823028,190254902,227.5,235.5,225.5,235.0,6.5,804
2023-02-23,6670,1574475,383957772,237.5,248.0,237.5,246.0,11.0,1526
2023-02-24,6670,1365275,340016491,254.0,254.5,244.0,248.5,2.5,1751
2023-03-01,6670,1466934,362465871,250.0,253.5,244.0,244.5,-4.0,1459
2023-03-02,6670,1317800,326388501,244.5,250.5,243.5,248.0,3.5,1206
2023-03-03,6670,1308027,325118226,248.5,250.5,247.5,248.5,0.5,1031
2023-03-06,6670,964909,241144274,250.5,251.0,248.5,250.5,2.0,789
2023-03-07,6670,689957,171080783,250.5,251.0,246.5,247.0,-3.5,723
2023-03-08,6670,2312943,548018268,240.0,242.0,233.5,238.0,-9.0,2228
2023-03-09,6670,671429,158844906,238.5,240.5,234.5,236.5,-1.5,707
2023-03-10,6670,693060,162314303,234.0,236.0,233.0,235.5,-1.0,738
2023-03-13,6670,619160,146315079,234.5,238.5,233.5,236.5,1.0,815
2023-03-14,6670,655750,152216107,236.5,236.5,230.0,230.5,-6.0,1198
2023-03-15,6670,409913,94456943,232.0,232.0,229.5,229.5,-1.0,466
2023-03-16,6670,517439,117725405,229.5,230.0,225.5,225.5,-4.0,603
2023-03-17,6670,636753,147311147,228.0,234.0,228.0,231.5,6.0,886
2023-03-20,6670,192139,44598632,231.5,233.0,230.5,232.5,1.0,1111
2023-03-21,6670,250631,58669498,234.0,235.0,233.0,235.0,2.5,427
2023-03-22,6670,386875,91760533,237.0,238.5,235.5,238.0,3.0,396
2023-03-23,6670,420176,99310205,237.0,238.0,235.0,236.5,-1.5,417
2023-03-24,6670,508503,120585243,238.0,239.0,235.0,236.5,0.0,461
2023-03-27,6670,1289607,302771067,241.0,241.5,231.0,231.0,-5.5,1334
2023-03-28,6670,476268,109786763,231.0,232.0,228.5,231.5,0.5,524
